server,class_tree,attr1,attr2,attr3,attr4,attr5,attr6,attr7,attr8,attr9,attr10,attr11,attr1_min,attr1_max,attr2_min,attr2_max,attr3_min,attr3_max,attr4_min,attr4_max,attr5_min,attr5_max,attr6_min,attr6_max,attr7_min,attr7_max,attr8_min,attr8_max,attr9_min,attr9_max,attr10_min,attr10_max,attr11_min,attr11_max
core3,1,res_decay_resist,res_quality,res_flavor,res_potential_energy,res_malleability,res_toughness,res_shock_resistance,res_cold_resist,res_heat_resist,res_conductivity,entangle_resistance,1,1000,1,1000,1,1000,1,1000,1,1000,1,1000,1,1000,1,1000,1,1000,1,1000,1,1000
core3,1.2,res_decay_resist,res_quality,res_flavor,res_potential_energy,res_malleability,res_toughness,res_shock_resistance,,,,,1,1000,1,1000,1,1000,1,1000,1,1000,1,1000,1,1000,,,,,,,,
core3,1.2.276,res_decay_resist,res_quality,res_malleability,res_toughness,res_shock_resistance,,,,,,,1,1000,1,1000,1,1000,1,1000,1,1000,,,,,,,,,,,,
core3,1.2.276.277,res_decay_resist,res_quality,res_flavor,res_potential_energy,,,,,,,,1,1000,1,1000,1,1000,1,1000,,,,,,,,,,,,,,
core3,1.2.276.277.278,res_decay_resist,res_quality,res_flavor,res_potential_energy,,,,,,,,1,1000,1,1000,1,1000,1,1000,,,,,,,,,,,,,,
core3,1.2.276.277.278.279,res_decay_resist,res_quality,res_flavor,res_potential_energy,,,,,,,,200,200,200,200,200,200,200,200,,,,,,,,,,,,,,
core3,1.2.276.277.278.280,res_decay_resist,res_quality,res_flavor,res_potential_energy,,,,,,,,1,1000,1,1000,1,1000,1,1000,,,,,,,,,,,,,,
core3,1.2.276.277.278.280.281,res_decay_resist,res_quality,res_flavor,res_potential_energy,,,,,,,,1,1000,1,1000,1,700,300,1000,,,,,,,,,,,,,,
core3,1.2.276.277.278.280.281.282,res_decay_resist,res_quality,res_flavor,res_potential_energy,,,,,,,,1,1000,1,1000,1,700,300,1000,,,,,,,,,,,,,,
core3,1.2.276.277.278.280.281.283,res_decay_resist,res_quality,res_flavor,res_potential_energy,,,,,,,,1,1000,1,1000,1,700,300,1000,,,,,,,,,,,,,,
core3,1.2.276.277.278.280.281.284,res_decay_resist,res_quality,res_flavor,res_potential_energy,,,,,,,,1,1000,1,1000,1,700,300,1000,,,,,,,,,,,,,,
core3,1.2.276.277.278.280.281.285,res_decay_resist,res_quality,res_flavor,res_potential_energy,,,,,,,,1,1000,1,1000,1,700,300,1000,,,,,,,,,,,,,,
core3,1.2.276.277.278.280.281.286,res_decay_resist,res_quality,res_flavor,res_potential_energy,,,,,,,,1,1000,1,1000,1,700,300,1000,,,,,,,,,,,,,,
core3,1.2.276.277.278.280.281.287,res_decay_resist,res_quality,res_flavor,res_potential_energy,,,,,,,,1,1000,1,1000,1,700,300,1000,,,,,,,,,,,,,,
core3,1.2.276.277.278.280.281.288,res_decay_resist,res_quality,res_flavor,res_potential_energy,,,,,,,,1,1000,1,1000,1,700,300,1000,,,,,,,,,,,,,,
core3,1.2.276.277.278.280.281.289,res_decay_resist,res_quality,res_flavor,res_potential_energy,,,,,,,,1,1000,1,1000,1,700,300,1000,,,,,,,,,,,,,,
core3,1.2.276.277.278.280.281.290,res_decay_resist,res_quality,res_flavor,res_potential_energy,,,,,,,,1,1000,1,1000,1,700,300,1000,,,,,,,,,,,,,,
core3,1.2.276.277.278.280.281.291,res_decay_resist,res_quality,res_flavor,res_potential_energy,,,,,,,,1,1000,1,1000,1,700,300,1000,,,,,,,,,,,,,,
core3,1.2.276.277.278.280.281.292,,,,,,,,,,,,,,,,,,,,,,,,,,,,,,,,,
core3,1.2.276.277.278.280.281.293,,,,,,,,,,,,,,,,,,,,,,,,,,,,,,,,,
core3,1.2.276.277.278.280.294,res_decay_resist,res_quality,res_flavor,res_potential_energy,,,,,,,,1,1000,1,1000,300,1000,1,700,,,,,,,,,,,,,,
core3,1.2.276.277.278.280.294.295,res_decay_resist,res_quality,res_flavor,res_potential_energy,,,,,,,,1,1000,1,1000,300,1000,1,700,,,,,,,,,,,,,,
core3,1.2.276.277.278.280.294.296,res_decay_resist,res_quality,res_flavor,res_potential_energy,,,,,,,,1,1000,1,1000,300,1000,1,700,,,,,,,,,,,,,,
core3,1.2.276.277.278.280.294.297,res_decay_resist,res_quality,res_flavor,res_potential_energy,,,,,,,,1,1000,1,1000,300,1000,1,700,,,,,,,,,,,,,,
core3,1.2.276.277.278.280.294.298,res_decay_resist,res_quality,res_flavor,res_potential_energy,,,,,,,,1,1000,1,1000,300,1000,1,700,,,,,,,,,,,,,,
core3,1.2.276.277.278.280.294.299,res_decay_resist,res_quality,res_flavor,res_potential_energy,,,,,,,,1,1000,1,1000,300,1000,1,700,,,,,,,,,,,,,,
core3,1.2.276.277.278.280.294.300,res_decay_resist,res_quality,res_flavor,res_potential_energy,,,,,,,,1,1000,1,1000,300,1000,1,700,,,,,,,,,,,,,,
core3,1.2.276.277.278.280.294.301,res_decay_resist,res_quality,res_flavor,res_potential_energy,,,,,,,,1,1000,1,1000,300,1000,1,700,,,,,,,,,,,,,,
core3,1.2.276.277.278.280.294.302,res_decay_resist,res_quality,res_flavor,res_potential_energy,,,,,,,,1,1000,1,1000,300,1000,1,700,,,,,,,,,,,,,,
core3,1.2.276.277.278.280.294.303,res_decay_resist,res_quality,res_flavor,res_potential_energy,,,,,,,,1,1000,1,1000,300,1000,1,700,,,,,,,,,,,,,,
core3,1.2.276.277.278.280.294.304,res_decay_resist,res_quality,res_flavor,res_potential_energy,,,,,,,,1,1000,1,1000,300,1000,1,700,,,,,,,,,,,,,,
core3,1.2.276.277.278.280.294.305,,,,,,,,,,,,,,,,,,,,,,,,,,,,,,,,,
core3,1.2.276.277.278.280.294.306,,,,,,,,,,,,,,,,,,,,,,,,,,,,,,,,,
core3,1.2.276.277.278.307,res_decay_resist,res_quality,res_flavor,res_potential_energy,,,,,,,,1,1000,1,1000,1,1000,1,1000,,,,,,,,,,,,,,
core3,1.2.276.277.278.307.308,res_decay_resist,res_quality,res_flavor,res_potential_energy,,,,,,,,1,1000,1,1000,1,700,300,1000,,,,,,,,,,,,,,
core3,1.2.276.277.278.307.308.309,res_decay_resist,res_quality,res_flavor,res_potential_energy,,,,,,,,1,1000,1,1000,1,700,300,1000,,,,,,,,,,,,,,
core3,1.2.276.277.278.307.308.310,res_decay_resist,res_quality,res_flavor,res_potential_energy,,,,,,,,1,1000,1,1000,1,700,300,1000,,,,,,,,,,,,,,
core3,1.2.276.277.278.307.308.311,res_decay_resist,res_quality,res_flavor,res_potential_energy,,,,,,,,1,1000,1,1000,1,700,300,1000,,,,,,,,,,,,,,
core3,1.2.276.277.278.307.308.312,res_decay_resist,res_quality,res_flavor,res_potential_energy,,,,,,,,1,1000,1,1000,1,700,300,1000,,,,,,,,,,,,,,
core3,1.2.276.277.278.307.308.313,res_decay_resist,res_quality,res_flavor,res_potential_energy,,,,,,,,1,1000,1,1000,1,700,300,1000,,,,,,,,,,,,,,
core3,1.2.276.277.278.307.308.314,res_decay_resist,res_quality,res_flavor,res_potential_energy,,,,,,,,1,1000,1,1000,1,700,300,1000,,,,,,,,,,,,,,
core3,1.2.276.277.278.307.308.315,res_decay_resist,res_quality,res_flavor,res_potential_energy,,,,,,,,1,1000,1,1000,1,700,300,1000,,,,,,,,,,,,,,
core3,1.2.276.277.278.307.308.316,res_decay_resist,res_quality,res_flavor,res_potential_energy,,,,,,,,1,1000,1,1000,1,700,300,1000,,,,,,,,,,,,,,
core3,1.2.276.277.278.307.308.317,res_decay_resist,res_quality,res_flavor,res_potential_energy,,,,,,,,1,1000,1,1000,1,700,300,1000,,,,,,,,,,,,,,
core3,1.2.276.277.278.307.308.318,res_decay_resist,res_quality,res_flavor,res_potential_energy,,,,,,,,1,1000,1,1000,1,700,300,1000,,,,,,,,,,,,,,
core3,1.2.276.277.278.307.308.319,,,,,,,,,,,,,,,,,,,,,,,,,,,,,,,,,
core3,1.2.276.277.278.307.308.320,,,,,,,,,,,,,,,,,,,,,,,,,,,,,,,,,
core3,1.2.276.277.278.307.321,res_decay_resist,res_quality,res_flavor,res_potential_energy,,,,,,,,1,1000,1,1000,300,1000,1,700,,,,,,,,,,,,,,
core3,1.2.276.277.278.307.321.322,res_decay_resist,res_quality,res_flavor,res_potential_energy,,,,,,,,1,1000,1,1000,300,1000,1,700,,,,,,,,,,,,,,
core3,1.2.276.277.278.307.321.323,res_decay_resist,res_quality,res_flavor,res_potential_energy,,,,,,,,1,1000,1,1000,300,1000,1,700,,,,,,,,,,,,,,
core3,1.2.276.277.278.307.321.324,res_decay_resist,res_quality,res_flavor,res_potential_energy,,,,,,,,1,1000,1,1000,300,1000,1,700,,,,,,,,,,,,,,
core3,1.2.276.277.278.307.321.325,res_decay_resist,res_quality,res_flavor,res_potential_energy,,,,,,,,1,1000,1,1000,300,1000,1,700,,,,,,,,,,,,,,
core3,1.2.276.277.278.307.321.326,res_decay_resist,res_quality,res_flavor,res_potential_energy,,,,,,,,1,1000,1,1000,300,1000,1,700,,,,,,,,,,,,,,
core3,1.2.276.277.278.307.321.327,res_decay_resist,res_quality,res_flavor,res_potential_energy,,,,,,,,1,1000,1,1000,300,1000,1,700,,,,,,,,,,,,,,
core3,1.2.276.277.278.307.321.328,res_decay_resist,res_quality,res_flavor,res_potential_energy,,,,,,,,1,1000,1,1000,300,1000,1,700,,,,,,,,,,,,,,
core3,1.2.276.277.278.307.321.329,res_decay_resist,res_quality,res_flavor,res_potential_energy,,,,,,,,1,1000,1,1000,300,1000,1,700,,,,,,,,,,,,,,
core3,1.2.276.277.278.307.321.330,res_decay_resist,res_quality,res_flavor,res_potential_energy,,,,,,,,1,1000,1,1000,300,1000,1,700,,,,,,,,,,,,,,
core3,1.2.276.277.278.307.321.331,res_decay_resist,res_quality,res_flavor,res_potential_energy,,,,,,,,1,1000,1,1000,300,1000,1,700,,,,,,,,,,,,,,
core3,1.2.276.277.278.307.321.332,,,,,,,,,,,,,,,,,,,,,,,,,,,,,,,,,
core3,1.2.276.277.278.307.321.333,,,,,,,,,,,,,,,,,,,,,,,,,,,,,,,,,
core3,1.2.276.277.278.334,res_decay_resist,res_quality,res_flavor,res_potential_energy,,,,,,,,1,1000,1,1000,1,1000,1,1000,,,,,,,,,,,,,,
core3,1.2.276.277.278.334.335,res_decay_resist,res_quality,res_flavor,res_potential_energy,,,,,,,,1,1000,1,1000,1,700,300,1000,,,,,,,,,,,,,,
core3,1.2.276.277.278.334.335.336,res_decay_resist,res_quality,res_flavor,res_potential_energy,,,,,,,,1,1000,1,1000,1,700,300,1000,,,,,,,,,,,,,,
core3,1.2.276.277.278.334.335.337,res_decay_resist,res_quality,res_flavor,res_potential_energy,,,,,,,,1,1000,1,1000,1,700,300,1000,,,,,,,,,,,,,,
core3,1.2.276.277.278.334.335.338,res_decay_resist,res_quality,res_flavor,res_potential_energy,,,,,,,,1,1000,1,1000,1,700,300,1000,,,,,,,,,,,,,,
core3,1.2.276.277.278.334.335.339,res_decay_resist,res_quality,res_flavor,res_potential_energy,,,,,,,,1,1000,1,1000,1,700,300,1000,,,,,,,,,,,,,,
core3,1.2.276.277.278.334.335.340,res_decay_resist,res_quality,res_flavor,res_potential_energy,,,,,,,,1,1000,1,1000,1,700,300,1000,,,,,,,,,,,,,,
core3,1.2.276.277.278.334.335.341,res_decay_resist,res_quality,res_flavor,res_potential_energy,,,,,,,,1,1000,1,1000,1,700,300,1000,,,,,,,,,,,,,,
core3,1.2.276.277.278.334.335.342,res_decay_resist,res_quality,res_flavor,res_potential_energy,,,,,,,,1,1000,1,1000,1,700,300,1000,,,,,,,,,,,,,,
core3,1.2.276.277.278.334.335.343,res_decay_resist,res_quality,res_flavor,res_potential_energy,,,,,,,,1,1000,1,1000,1,700,300,1000,,,,,,,,,,,,,,
core3,1.2.276.277.278.334.335.344,res_decay_resist,res_quality,res_flavor,res_potential_energy,,,,,,,,1,1000,1,1000,1,700,300,1000,,,,,,,,,,,,,,
core3,1.2.276.277.278.334.335.345,res_decay_resist,res_quality,res_flavor,res_potential_energy,,,,,,,,1,1000,1,1000,1,700,300,1000,,,,,,,,,,,,,,
core3,1.2.276.277.278.334.335.346,,,,,,,,,,,,,,,,,,,,,,,,,,,,,,,,,
core3,1.2.276.277.278.334.335.347,,,,,,,,,,,,,,,,,,,,,,,,,,,,,,,,,
core3,1.2.276.277.278.334.348,res_decay_resist,res_quality,res_flavor,res_potential_energy,,,,,,,,1,1000,1,1000,300,1000,1,700,,,,,,,,,,,,,,
core3,1.2.276.277.278.334.348.349,res_decay_resist,res_quality,res_flavor,res_potential_energy,,,,,,,,1,1000,1,1000,300,1000,1,700,,,,,,,,,,,,,,
core3,1.2.276.277.278.334.348.350,res_decay_resist,res_quality,res_flavor,res_potential_energy,,,,,,,,1,1000,1,1000,300,1000,1,700,,,,,,,,,,,,,,
core3,1.2.276.277.278.334.348.351,res_decay_resist,res_quality,res_flavor,res_potential_energy,,,,,,,,1,1000,1,1000,300,1000,1,700,,,,,,,,,,,,,,
core3,1.2.276.277.278.334.348.352,res_decay_resist,res_quality,res_flavor,res_potential_energy,,,,,,,,1,1000,1,1000,300,1000,1,700,,,,,,,,,,,,,,
core3,1.2.276.277.278.334.348.353,res_decay_resist,res_quality,res_flavor,res_potential_energy,,,,,,,,1,1000,1,1000,300,1000,1,700,,,,,,,,,,,,,,
core3,1.2.276.277.278.334.348.354,res_decay_resist,res_quality,res_flavor,res_potential_energy,,,,,,,,1,1000,1,1000,300,1000,1,700,,,,,,,,,,,,,,
core3,1.2.276.277.278.334.348.355,res_decay_resist,res_quality,res_flavor,res_potential_energy,,,,,,,,1,1000,1,1000,300,1000,1,700,,,,,,,,,,,,,,
core3,1.2.276.277.278.334.348.356,res_decay_resist,res_quality,res_flavor,res_potential_energy,,,,,,,,1,1000,1,1000,300,1000,1,700,,,,,,,,,,,,,,
core3,1.2.276.277.278.334.348.357,res_decay_resist,res_quality,res_flavor,res_potential_energy,,,,,,,,1,1000,1,1000,300,1000,1,700,,,,,,,,,,,,,,
core3,1.2.276.277.278.334.348.358,res_decay_resist,res_quality,res_flavor,res_potential_energy,,,,,,,,1,1000,1,1000,300,1000,1,700,,,,,,,,,,,,,,
core3,1.2.276.277.278.334.348.359,,,,,,,,,,,,,,,,,,,,,,,,,,,,,,,,,
core3,1.2.276.277.278.334.348.360,,,,,,,,,,,,,,,,,,,,,,,,,,,,,,,,,
core3,1.2.276.277.278.361,res_decay_resist,res_quality,res_flavor,res_potential_energy,,,,,,,,1,1000,1,1000,1,1000,1,1000,,,,,,,,,,,,,,
core3,1.2.276.277.278.361.362,res_decay_resist,res_quality,res_flavor,res_potential_energy,,,,,,,,1,1000,1,1000,1,700,300,1000,,,,,,,,,,,,,,
core3,1.2.276.277.278.361.362.363,res_decay_resist,res_quality,res_flavor,res_potential_energy,,,,,,,,1,1000,1,1000,1,700,300,1000,,,,,,,,,,,,,,
core3,1.2.276.277.278.361.362.364,res_decay_resist,res_quality,res_flavor,res_potential_energy,,,,,,,,1,1000,1,1000,1,700,300,1000,,,,,,,,,,,,,,
core3,1.2.276.277.278.361.362.365,res_decay_resist,res_quality,res_flavor,res_potential_energy,,,,,,,,1,1000,1,1000,1,700,300,1000,,,,,,,,,,,,,,
core3,1.2.276.277.278.361.362.366,res_decay_resist,res_quality,res_flavor,res_potential_energy,,,,,,,,1,1000,1,1000,1,700,300,1000,,,,,,,,,,,,,,
core3,1.2.276.277.278.361.362.367,res_decay_resist,res_quality,res_flavor,res_potential_energy,,,,,,,,1,1000,1,1000,1,700,300,1000,,,,,,,,,,,,,,
core3,1.2.276.277.278.361.362.368,res_decay_resist,res_quality,res_flavor,res_potential_energy,,,,,,,,1,1000,1,1000,1,700,300,1000,,,,,,,,,,,,,,
core3,1.2.276.277.278.361.362.369,res_decay_resist,res_quality,res_flavor,res_potential_energy,,,,,,,,1,1000,1,1000,1,700,300,1000,,,,,,,,,,,,,,
core3,1.2.276.277.278.361.362.370,res_decay_resist,res_quality,res_flavor,res_potential_energy,,,,,,,,1,1000,1,1000,1,700,300,1000,,,,,,,,,,,,,,
core3,1.2.276.277.278.361.362.371,res_decay_resist,res_quality,res_flavor,res_potential_energy,,,,,,,,1,1000,1,1000,1,700,300,1000,,,,,,,,,,,,,,
core3,1.2.276.277.278.361.362.372,res_decay_resist,res_quality,res_flavor,res_potential_energy,,,,,,,,1,1000,1,1000,1,700,300,1000,,,,,,,,,,,,,,
core3,1.2.276.277.278.361.362.373,,,,,,,,,,,,,,,,,,,,,,,,,,,,,,,,,
core3,1.2.276.277.278.361.362.374,,,,,,,,,,,,,,,,,,,,,,,,,,,,,,,,,
core3,1.2.276.277.278.361.375,res_decay_resist,res_quality,res_flavor,res_potential_energy,,,,,,,,1,1000,1,1000,300,1000,1,700,,,,,,,,,,,,,,
core3,1.2.276.277.278.361.375.376,res_decay_resist,res_quality,res_flavor,res_potential_energy,,,,,,,,1,1000,1,1000,300,1000,1,700,,,,,,,,,,,,,,
core3,1.2.276.277.278.361.375.377,res_decay_resist,res_quality,res_flavor,res_potential_energy,,,,,,,,1,1000,1,1000,300,1000,1,700,,,,,,,,,,,,,,
core3,1.2.276.277.278.361.375.378,res_decay_resist,res_quality,res_flavor,res_potential_energy,,,,,,,,1,1000,1,1000,300,1000,1,700,,,,,,,,,,,,,,
core3,1.2.276.277.278.361.375.379,res_decay_resist,res_quality,res_flavor,res_potential_energy,,,,,,,,1,1000,1,1000,300,1000,1,700,,,,,,,,,,,,,,
core3,1.2.276.277.278.361.375.380,res_decay_resist,res_quality,res_flavor,res_potential_energy,,,,,,,,1,1000,1,1000,300,1000,1,700,,,,,,,,,,,,,,
core3,1.2.276.277.278.361.375.381,res_decay_resist,res_quality,res_flavor,res_potential_energy,,,,,,,,1,1000,1,1000,300,1000,1,700,,,,,,,,,,,,,,
core3,1.2.276.277.278.361.375.382,res_decay_resist,res_quality,res_flavor,res_potential_energy,,,,,,,,1,1000,1,1000,300,1000,1,700,,,,,,,,,,,,,,
core3,1.2.276.277.278.361.375.383,res_decay_resist,res_quality,res_flavor,res_potential_energy,,,,,,,,1,1000,1,1000,300,1000,1,700,,,,,,,,,,,,,,
core3,1.2.276.277.278.361.375.384,res_decay_resist,res_quality,res_flavor,res_potential_energy,,,,,,,,1,1000,1,1000,300,1000,1,700,,,,,,,,,,,,,,
core3,1.2.276.277.278.361.375.385,res_decay_resist,res_quality,res_flavor,res_potential_energy,,,,,,,,1,1000,1,1000,300,1000,1,700,,,,,,,,,,,,,,
core3,1.2.276.277.278.361.375.386,,,,,,,,,,,,,,,,,,,,,,,,,,,,,,,,,
core3,1.2.276.277.278.361.375.387,,,,,,,,,,,,,,,,,,,,,,,,,,,,,,,,,
core3,1.2.276.277.388,res_decay_resist,res_quality,res_flavor,res_potential_energy,,,,,,,,1,1000,1,1000,1,1000,1,1000,,,,,,,,,,,,,,
core3,1.2.276.277.388.389,res_decay_resist,res_quality,res_flavor,res_potential_energy,,,,,,,,1,1000,1,1000,1,1000,1,1000,,,,,,,,,,,,,,
core3,1.2.276.277.388.389.390,res_decay_resist,res_quality,res_flavor,res_potential_energy,,,,,,,,200,200,200,200,200,200,200,200,,,,,,,,,,,,,,
core3,1.2.276.277.388.389.391,res_decay_resist,res_quality,res_flavor,res_potential_energy,,,,,,,,1,1000,1,1000,1,1000,1,1000,,,,,,,,,,,,,,
core3,1.2.276.277.388.389.391.392,res_decay_resist,res_quality,res_flavor,res_potential_energy,,,,,,,,1,1000,1,1000,1,1000,1,1000,,,,,,,,,,,,,,
core3,1.2.276.277.388.389.391.393,res_decay_resist,res_quality,res_flavor,res_potential_energy,,,,,,,,1,1000,1,1000,1,1000,1,1000,,,,,,,,,,,,,,
core3,1.2.276.277.388.389.391.394,res_decay_resist,res_quality,res_flavor,res_potential_energy,,,,,,,,1,1000,1,1000,1,1000,1,1000,,,,,,,,,,,,,,
core3,1.2.276.277.388.389.391.395,res_decay_resist,res_quality,res_flavor,res_potential_energy,,,,,,,,1,1000,1,1000,1,1000,1,1000,,,,,,,,,,,,,,
core3,1.2.276.277.388.389.391.396,res_decay_resist,res_quality,res_flavor,res_potential_energy,,,,,,,,1,1000,1,1000,1,1000,1,1000,,,,,,,,,,,,,,
core3,1.2.276.277.388.389.391.397,res_decay_resist,res_quality,res_flavor,res_potential_energy,,,,,,,,1,1000,1,1000,1,1000,1,1000,,,,,,,,,,,,,,
core3,1.2.276.277.388.389.391.398,res_decay_resist,res_quality,res_flavor,res_potential_energy,,,,,,,,1,1000,1,1000,1,1000,1,1000,,,,,,,,,,,,,,
core3,1.2.276.277.388.389.391.399,res_decay_resist,res_quality,res_flavor,res_potential_energy,,,,,,,,1,1000,1,1000,1,1000,1,1000,,,,,,,,,,,,,,
core3,1.2.276.277.388.389.391.400,res_decay_resist,res_quality,res_flavor,res_potential_energy,,,,,,,,1,1000,1,1000,1,1000,1,1000,,,,,,,,,,,,,,
core3,1.2.276.277.388.389.391.401,res_decay_resist,res_quality,res_flavor,res_potential_energy,,,,,,,,1,1000,1,1000,1,1000,1,1000,,,,,,,,,,,,,,
core3,1.2.276.277.388.389.391.402,,,,,,,,,,,,,,,,,,,,,,,,,,,,,,,,,
core3,1.2.276.277.388.389.391.403,,,,,,,,,,,,,,,,,,,,,,,,,,,,,,,,,
core3,1.2.276.277.388.389.404,res_decay_resist,res_quality,res_flavor,res_potential_energy,,,,,,,,1,1000,1,1000,1,1000,1,1000,,,,,,,,,,,,,,
core3,1.2.276.277.388.389.404.405,res_decay_resist,res_quality,res_flavor,res_potential_energy,,,,,,,,1,1000,1,1000,1,1000,1,1000,,,,,,,,,,,,,,
core3,1.2.276.277.388.389.404.406,res_decay_resist,res_quality,res_flavor,res_potential_energy,,,,,,,,1,1000,1,1000,1,1000,1,1000,,,,,,,,,,,,,,
core3,1.2.276.277.388.389.404.407,res_decay_resist,res_quality,res_flavor,res_potential_energy,,,,,,,,1,1000,1,1000,1,1000,1,1000,,,,,,,,,,,,,,
core3,1.2.276.277.388.389.404.408,res_decay_resist,res_quality,res_flavor,res_potential_energy,,,,,,,,1,1000,1,1000,1,1000,1,1000,,,,,,,,,,,,,,
core3,1.2.276.277.388.389.404.409,res_decay_resist,res_quality,res_flavor,res_potential_energy,,,,,,,,1,1000,1,1000,1,1000,1,1000,,,,,,,,,,,,,,
core3,1.2.276.277.388.389.404.410,res_decay_resist,res_quality,res_flavor,res_potential_energy,,,,,,,,1,1000,1,1000,1,1000,1,1000,,,,,,,,,,,,,,
core3,1.2.276.277.388.389.404.411,res_decay_resist,res_quality,res_flavor,res_potential_energy,,,,,,,,1,1000,1,1000,1,1000,1,1000,,,,,,,,,,,,,,
core3,1.2.276.277.388.389.404.412,res_decay_resist,res_quality,res_flavor,res_potential_energy,,,,,,,,1,1000,1,1000,1,1000,1,1000,,,,,,,,,,,,,,
core3,1.2.276.277.388.389.404.413,res_decay_resist,res_quality,res_flavor,res_potential_energy,,,,,,,,1,1000,1,1000,1,1000,1,1000,,,,,,,,,,,,,,
core3,1.2.276.277.388.389.404.414,res_decay_resist,res_quality,res_flavor,res_potential_energy,,,,,,,,1,1000,1,1000,1,1000,1,1000,,,,,,,,,,,,,,
core3,1.2.276.277.388.389.404.415,,,,,,,,,,,,,,,,,,,,,,,,,,,,,,,,,
core3,1.2.276.277.388.389.404.416,,,,,,,,,,,,,,,,,,,,,,,,,,,,,,,,,
core3,1.2.276.277.388.389.417,res_decay_resist,res_quality,res_flavor,res_potential_energy,,,,,,,,1,1000,1,1000,1,1000,1,1000,,,,,,,,,,,,,,
core3,1.2.276.277.388.389.417.418,res_decay_resist,res_quality,res_flavor,res_potential_energy,,,,,,,,1,1000,1,1000,1,1000,1,1000,,,,,,,,,,,,,,
core3,1.2.276.277.388.389.417.419,res_decay_resist,res_quality,res_flavor,res_potential_energy,,,,,,,,1,1000,1,1000,1,1000,1,1000,,,,,,,,,,,,,,
core3,1.2.276.277.388.389.417.420,res_decay_resist,res_quality,res_flavor,res_potential_energy,,,,,,,,1,1000,1,1000,1,1000,1,1000,,,,,,,,,,,,,,
core3,1.2.276.277.388.389.417.421,res_decay_resist,res_quality,res_flavor,res_potential_energy,,,,,,,,1,1000,1,1000,1,1000,1,1000,,,,,,,,,,,,,,
core3,1.2.276.277.388.389.417.422,res_decay_resist,res_quality,res_flavor,res_potential_energy,,,,,,,,1,1000,1,1000,1,1000,1,1000,,,,,,,,,,,,,,
core3,1.2.276.277.388.389.417.423,res_decay_resist,res_quality,res_flavor,res_potential_energy,,,,,,,,1,1000,1,1000,1,1000,1,1000,,,,,,,,,,,,,,
core3,1.2.276.277.388.389.417.424,res_decay_resist,res_quality,res_flavor,res_potential_energy,,,,,,,,1,1000,1,1000,1,1000,1,1000,,,,,,,,,,,,,,
core3,1.2.276.277.388.389.417.425,res_decay_resist,res_quality,res_flavor,res_potential_energy,,,,,,,,1,1000,1,1000,1,1000,1,1000,,,,,,,,,,,,,,
core3,1.2.276.277.388.389.417.426,res_decay_resist,res_quality,res_flavor,res_potential_energy,,,,,,,,1,1000,1,1000,1,1000,1,1000,,,,,,,,,,,,,,
core3,1.2.276.277.388.389.417.427,res_decay_resist,res_quality,res_flavor,res_potential_energy,,,,,,,,1,1000,1,1000,1,1000,1,1000,,,,,,,,,,,,,,
core3,1.2.276.277.388.389.417.428,,,,,,,,,,,,,,,,,,,,,,,,,,,,,,,,,
core3,1.2.276.277.388.389.417.429,,,,,,,,,,,,,,,,,,,,,,,,,,,,,,,,,
core3,1.2.276.277.388.389.430,res_decay_resist,res_quality,res_flavor,res_potential_energy,,,,,,,,1,1000,1,1000,1,1000,1,1000,,,,,,,,,,,,,,
core3,1.2.276.277.388.389.430.431,res_decay_resist,res_quality,res_flavor,res_potential_energy,,,,,,,,1,1000,1,1000,1,1000,1,1000,,,,,,,,,,,,,,
core3,1.2.276.277.388.389.430.432,res_decay_resist,res_quality,res_flavor,res_potential_energy,,,,,,,,1,1000,1,1000,1,1000,1,1000,,,,,,,,,,,,,,
core3,1.2.276.277.388.389.430.433,res_decay_resist,res_quality,res_flavor,res_potential_energy,,,,,,,,1,1000,1,1000,1,1000,1,1000,,,,,,,,,,,,,,
core3,1.2.276.277.388.389.430.434,res_decay_resist,res_quality,res_flavor,res_potential_energy,,,,,,,,1,1000,1,1000,1,1000,1,1000,,,,,,,,,,,,,,
core3,1.2.276.277.388.389.430.435,res_decay_resist,res_quality,res_flavor,res_potential_energy,,,,,,,,1,1000,1,1000,1,1000,1,1000,,,,,,,,,,,,,,
core3,1.2.276.277.388.389.430.436,res_decay_resist,res_quality,res_flavor,res_potential_energy,,,,,,,,1,1000,1,1000,1,1000,1,1000,,,,,,,,,,,,,,
core3,1.2.276.277.388.389.430.437,res_decay_resist,res_quality,res_flavor,res_potential_energy,,,,,,,,1,1000,1,1000,1,1000,1,1000,,,,,,,,,,,,,,
core3,1.2.276.277.388.389.430.438,res_decay_resist,res_quality,res_flavor,res_potential_energy,,,,,,,,1,1000,1,1000,1,1000,1,1000,,,,,,,,,,,,,,
core3,1.2.276.277.388.389.430.439,res_decay_resist,res_quality,res_flavor,res_potential_energy,,,,,,,,1,1000,1,1000,1,1000,1,1000,,,,,,,,,,,,,,
core3,1.2.276.277.388.389.430.440,res_decay_resist,res_quality,res_flavor,res_potential_energy,,,,,,,,1,1000,1,1000,1,1000,1,1000,,,,,,,,,,,,,,
core3,1.2.276.277.388.389.430.441,,,,,,,,,,,,,,,,,,,,,,,,,,,,,,,,,
core3,1.2.276.277.388.389.430.442,,,,,,,,,,,,,,,,,,,,,,,,,,,,,,,,,
core3,1.2.276.277.388.443,res_decay_resist,res_quality,res_flavor,res_potential_energy,,,,,,,,1,1000,1,1000,1,1000,1,1000,,,,,,,,,,,,,,
core3,1.2.276.277.388.443.444,res_decay_resist,res_quality,res_flavor,res_potential_energy,,,,,,,,200,200,200,200,200,200,200,200,,,,,,,,,,,,,,
core3,1.2.276.277.388.443.445,res_decay_resist,res_quality,res_flavor,res_potential_energy,,,,,,,,1,1000,1,1000,1,1000,1,1000,,,,,,,,,,,,,,
core3,1.2.276.277.388.443.445.446,res_decay_resist,res_quality,res_flavor,res_potential_energy,,,,,,,,1,1000,1,1000,1,1000,1,1000,,,,,,,,,,,,,,
core3,1.2.276.277.388.443.445.447,res_decay_resist,res_quality,res_flavor,res_potential_energy,,,,,,,,1,1000,1,1000,1,1000,1,1000,,,,,,,,,,,,,,
core3,1.2.276.277.388.443.445.448,res_decay_resist,res_quality,res_flavor,res_potential_energy,,,,,,,,1,1000,1,1000,1,1000,1,1000,,,,,,,,,,,,,,
core3,1.2.276.277.388.443.445.449,res_decay_resist,res_quality,res_flavor,res_potential_energy,,,,,,,,1,1000,1,1000,1,1000,1,1000,,,,,,,,,,,,,,
core3,1.2.276.277.388.443.445.450,res_decay_resist,res_quality,res_flavor,res_potential_energy,,,,,,,,1,1000,1,1000,1,1000,1,1000,,,,,,,,,,,,,,
core3,1.2.276.277.388.443.445.451,res_decay_resist,res_quality,res_flavor,res_potential_energy,,,,,,,,1,1000,1,1000,1,1000,1,1000,,,,,,,,,,,,,,
core3,1.2.276.277.388.443.445.452,res_decay_resist,res_quality,res_flavor,res_potential_energy,,,,,,,,1,1000,1,1000,1,1000,1,1000,,,,,,,,,,,,,,
core3,1.2.276.277.388.443.445.453,res_decay_resist,res_quality,res_flavor,res_potential_energy,,,,,,,,1,1000,1,1000,1,1000,1,1000,,,,,,,,,,,,,,
core3,1.2.276.277.388.443.445.454,res_decay_resist,res_quality,res_flavor,res_potential_energy,,,,,,,,1,1000,1,1000,1,1000,1,1000,,,,,,,,,,,,,,
core3,1.2.276.277.388.443.445.455,res_decay_resist,res_quality,res_flavor,res_potential_energy,,,,,,,,1,1000,1,1000,1,1000,1,1000,,,,,,,,,,,,,,
core3,1.2.276.277.388.443.445.456,,,,,,,,,,,,,,,,,,,,,,,,,,,,,,,,,
core3,1.2.276.277.388.443.445.457,,,,,,,,,,,,,,,,,,,,,,,,,,,,,,,,,
core3,1.2.276.277.388.443.458,res_decay_resist,res_quality,res_flavor,res_potential_energy,,,,,,,,1,1000,1,1000,1,1000,1,1000,,,,,,,,,,,,,,
core3,1.2.276.277.388.443.458.459,res_decay_resist,res_quality,res_flavor,res_potential_energy,,,,,,,,1,1000,1,1000,1,1000,1,1000,,,,,,,,,,,,,,
core3,1.2.276.277.388.443.458.460,res_decay_resist,res_quality,res_flavor,res_potential_energy,,,,,,,,1,1000,1,1000,1,1000,1,1000,,,,,,,,,,,,,,
core3,1.2.276.277.388.443.458.461,res_decay_resist,res_quality,res_flavor,res_potential_energy,,,,,,,,1,1000,1,1000,1,1000,1,1000,,,,,,,,,,,,,,
core3,1.2.276.277.388.443.458.462,res_decay_resist,res_quality,res_flavor,res_potential_energy,,,,,,,,1,1000,1,1000,1,1000,1,1000,,,,,,,,,,,,,,
core3,1.2.276.277.388.443.458.463,res_decay_resist,res_quality,res_flavor,res_potential_energy,,,,,,,,1,1000,1,1000,1,1000,1,1000,,,,,,,,,,,,,,
core3,1.2.276.277.388.443.458.464,res_decay_resist,res_quality,res_flavor,res_potential_energy,,,,,,,,1,1000,1,1000,1,1000,1,1000,,,,,,,,,,,,,,
core3,1.2.276.277.388.443.458.465,res_decay_resist,res_quality,res_flavor,res_potential_energy,,,,,,,,1,1000,1,1000,1,1000,1,1000,,,,,,,,,,,,,,
core3,1.2.276.277.388.443.458.466,res_decay_resist,res_quality,res_flavor,res_potential_energy,,,,,,,,1,1000,1,1000,1,1000,1,1000,,,,,,,,,,,,,,
core3,1.2.276.277.388.443.458.467,res_decay_resist,res_quality,res_flavor,res_potential_energy,,,,,,,,1,1000,1,1000,1,1000,1,1000,,,,,,,,,,,,,,
core3,1.2.276.277.388.443.458.468,res_decay_resist,res_quality,res_flavor,res_potential_energy,,,,,,,,1,1000,1,1000,1,1000,1,1000,,,,,,,,,,,,,,
core3,1.2.276.277.388.443.458.469,,,,,,,,,,,,,,,,,,,,,,,,,,,,,,,,,
core3,1.2.276.277.388.443.458.470,,,,,,,,,,,,,,,,,,,,,,,,,,,,,,,,,
core3,1.2.276.277.388.443.471,res_decay_resist,res_quality,res_flavor,res_potential_energy,,,,,,,,1,1000,1,1000,1,1000,1,700,,,,,,,,,,,,,,
core3,1.2.276.277.388.443.471.472,res_decay_resist,res_quality,res_flavor,res_potential_energy,,,,,,,,1,1000,1,1000,1,1000,1,700,,,,,,,,,,,,,,
core3,1.2.276.277.388.443.471.473,res_decay_resist,res_quality,res_flavor,res_potential_energy,,,,,,,,1,1000,1,1000,1,1000,1,700,,,,,,,,,,,,,,
core3,1.2.276.277.388.443.471.474,res_decay_resist,res_quality,res_flavor,res_potential_energy,,,,,,,,1,1000,1,1000,1,1000,1,700,,,,,,,,,,,,,,
core3,1.2.276.277.388.443.471.475,res_decay_resist,res_quality,res_flavor,res_potential_energy,,,,,,,,1,1000,1,1000,1,1000,1,700,,,,,,,,,,,,,,
core3,1.2.276.277.388.443.471.476,res_decay_resist,res_quality,res_flavor,res_potential_energy,,,,,,,,1,1000,1,1000,1,1000,1,700,,,,,,,,,,,,,,
core3,1.2.276.277.388.443.471.477,res_decay_resist,res_quality,res_flavor,res_potential_energy,,,,,,,,1,1000,1,1000,1,1000,1,700,,,,,,,,,,,,,,
core3,1.2.276.277.388.443.471.478,res_decay_resist,res_quality,res_flavor,res_potential_energy,,,,,,,,1,1000,1,1000,1,1000,1,700,,,,,,,,,,,,,,
core3,1.2.276.277.388.443.471.479,res_decay_resist,res_quality,res_flavor,res_potential_energy,,,,,,,,1,1000,1,1000,1,1000,1,700,,,,,,,,,,,,,,
core3,1.2.276.277.388.443.471.480,res_decay_resist,res_quality,res_flavor,res_potential_energy,,,,,,,,1,1000,1,1000,1,1000,1,700,,,,,,,,,,,,,,
core3,1.2.276.277.388.443.471.481,res_decay_resist,res_quality,res_flavor,res_potential_energy,,,,,,,,1,1000,1,1000,1,1000,1,700,,,,,,,,,,,,,,
core3,1.2.276.277.388.443.471.482,,,,,,,,,,,,,,,,,,,,,,,,,,,,,,,,,
core3,1.2.276.277.388.443.471.483,,,,,,,,,,,,,,,,,,,,,,,,,,,,,,,,,
core3,1.2.276.484,res_decay_resist,res_quality,res_malleability,res_toughness,res_shock_resistance,,,,,,,1,1000,1,1000,1,1000,1,1000,1,1000,,,,,,,,,,,,
core3,1.2.276.484.485,res_decay_resist,res_quality,res_malleability,res_toughness,res_shock_resistance,,,,,,,1,1000,1,1000,1,1000,1,1000,1,1000,,,,,,,,,,,,
core3,1.2.276.484.485.486,res_decay_resist,res_quality,res_malleability,res_toughness,res_shock_resistance,,,,,,,200,200,200,200,200,200,200,200,200,200,,,,,,,,,,,,
core3,1.2.276.484.485.487,res_decay_resist,res_quality,res_malleability,res_toughness,res_shock_resistance,,,,,,,1,800,1,1000,400,800,1,800,300,700,,,,,,,,,,,,
core3,1.2.276.484.485.487.488,res_decay_resist,res_quality,res_malleability,res_toughness,res_shock_resistance,,,,,,,1,800,1,1000,400,800,1,800,300,700,,,,,,,,,,,,
core3,1.2.276.484.485.487.489,res_decay_resist,res_quality,res_malleability,res_toughness,res_shock_resistance,,,,,,,1,800,1,1000,400,800,1,800,300,700,,,,,,,,,,,,
core3,1.2.276.484.485.487.490,res_decay_resist,res_quality,res_malleability,res_toughness,res_shock_resistance,,,,,,,1,800,1,1000,400,800,1,800,300,700,,,,,,,,,,,,
core3,1.2.276.484.485.487.491,res_decay_resist,res_quality,res_malleability,res_toughness,res_shock_resistance,,,,,,,1,800,1,1000,400,800,1,800,300,700,,,,,,,,,,,,
core3,1.2.276.484.485.487.492,res_decay_resist,res_quality,res_malleability,res_toughness,res_shock_resistance,,,,,,,1,800,1,1000,400,800,1,800,300,700,,,,,,,,,,,,
core3,1.2.276.484.485.487.493,res_decay_resist,res_quality,res_malleability,res_toughness,res_shock_resistance,,,,,,,1,800,1,1000,400,800,1,800,300,700,,,,,,,,,,,,
core3,1.2.276.484.485.487.494,res_decay_resist,res_quality,res_malleability,res_toughness,res_shock_resistance,,,,,,,1,800,1,1000,400,800,1,800,300,700,,,,,,,,,,,,
core3,1.2.276.484.485.487.495,res_decay_resist,res_quality,res_malleability,res_toughness,res_shock_resistance,,,,,,,1,800,1,1000,400,800,1,800,300,700,,,,,,,,,,,,
core3,1.2.276.484.485.487.496,res_decay_resist,res_quality,res_malleability,res_toughness,res_shock_resistance,,,,,,,1,800,1,1000,400,800,1,800,300,700,,,,,,,,,,,,
core3,1.2.276.484.485.487.497,res_decay_resist,res_quality,res_malleability,res_toughness,res_shock_resistance,,,,,,,1,800,1,1000,400,800,1,800,300,700,,,,,,,,,,,,
core3,1.2.276.484.485.487.498,,,,,,,,,,,,,,,,,,,,,,,,,,,,,,,,,
core3,1.2.276.484.485.487.499,,,,,,,,,,,,,,,,,,,,,,,,,,,,,,,,,
core3,1.2.276.484.485.500,res_decay_resist,res_quality,res_malleability,res_toughness,res_shock_resistance,,,,,,,1,600,1,1000,600,1000,1,300,1,1000,,,,,,,,,,,,
core3,1.2.276.484.485.500.501,res_decay_resist,res_quality,res_malleability,res_toughness,res_shock_resistance,,,,,,,1,600,1,1000,600,1000,1,300,100,400,,,,,,,,,,,,
core3,1.2.276.484.485.500.502,res_decay_resist,res_quality,res_malleability,res_toughness,res_shock_resistance,,,,,,,1,600,1,1000,600,1000,1,300,100,400,,,,,,,,,,,,
core3,1.2.276.484.485.500.503,res_decay_resist,res_quality,res_malleability,res_toughness,res_shock_resistance,,,,,,,1,600,1,1000,600,1000,1,300,100,400,,,,,,,,,,,,
core3,1.2.276.484.485.500.504,res_decay_resist,res_quality,res_malleability,res_toughness,res_shock_resistance,,,,,,,1,600,1,1000,600,1000,1,300,100,400,,,,,,,,,,,,
core3,1.2.276.484.485.500.505,res_decay_resist,res_quality,res_malleability,res_toughness,res_shock_resistance,,,,,,,1,600,1,1000,600,1000,1,300,100,400,,,,,,,,,,,,
core3,1.2.276.484.485.500.506,res_decay_resist,res_quality,res_malleability,res_toughness,res_shock_resistance,,,,,,,1,600,1,1000,600,1000,1,300,100,400,,,,,,,,,,,,
core3,1.2.276.484.485.500.507,res_decay_resist,res_quality,res_malleability,res_toughness,res_shock_resistance,,,,,,,1,600,1,1000,600,1000,1,300,100,400,,,,,,,,,,,,
core3,1.2.276.484.485.500.508,res_decay_resist,res_quality,res_malleability,res_toughness,res_shock_resistance,,,,,,,1,600,1,1000,600,1000,1,300,100,400,,,,,,,,,,,,
core3,1.2.276.484.485.500.509,res_decay_resist,res_quality,res_malleability,res_toughness,res_shock_resistance,,,,,,,1,600,1,1000,600,1000,1,300,100,400,,,,,,,,,,,,
core3,1.2.276.484.485.500.510,res_decay_resist,res_quality,res_malleability,res_toughness,res_shock_resistance,,,,,,,1,600,1,1000,600,1000,1,300,100,400,,,,,,,,,,,,
core3,1.2.276.484.485.500.511,,,,,,,,,,,,,,,,,,,,,,,,,,,,,,,,,
core3,1.2.276.484.485.500.512,,,,,,,,,,,,,,,,,,,,,,,,,,,,,,,,,
core3,1.2.276.484.485.500.513,res_decay_resist,res_quality,res_malleability,res_toughness,res_shock_resistance,,,,,,,1,500,1,1000,800,1000,1,300,1,400,,,,,,,,,,,,
core3,1.2.276.484.485.500.513.514,res_decay_resist,res_quality,res_malleability,res_toughness,res_shock_resistance,,,,,,,1,500,1,1000,800,1000,1,300,1,400,,,,,,,,,,,,
core3,1.2.276.484.485.500.513.515,res_decay_resist,res_quality,res_malleability,res_toughness,res_shock_resistance,,,,,,,1,500,1,1000,800,1000,1,300,1,400,,,,,,,,,,,,
core3,1.2.276.484.485.500.513.516,res_decay_resist,res_quality,res_malleability,res_toughness,res_shock_resistance,,,,,,,1,500,1,1000,800,1000,1,300,1,400,,,,,,,,,,,,
core3,1.2.276.484.485.500.513.517,res_decay_resist,res_quality,res_malleability,res_toughness,res_shock_resistance,,,,,,,1,500,1,1000,800,1000,1,300,1,400,,,,,,,,,,,,
core3,1.2.276.484.485.500.513.518,res_decay_resist,res_quality,res_malleability,res_toughness,res_shock_resistance,,,,,,,1,500,1,1000,800,1000,1,300,1,400,,,,,,,,,,,,
core3,1.2.276.484.485.500.513.519,res_decay_resist,res_quality,res_malleability,res_toughness,res_shock_resistance,,,,,,,1,500,1,1000,800,1000,1,300,1,400,,,,,,,,,,,,
core3,1.2.276.484.485.500.513.520,res_decay_resist,res_quality,res_malleability,res_toughness,res_shock_resistance,,,,,,,1,500,1,1000,800,1000,1,300,1,400,,,,,,,,,,,,
core3,1.2.276.484.485.500.513.521,res_decay_resist,res_quality,res_malleability,res_toughness,res_shock_resistance,,,,,,,1,500,1,1000,800,1000,1,300,1,400,,,,,,,,,,,,
core3,1.2.276.484.485.500.513.522,res_decay_resist,res_quality,res_malleability,res_toughness,res_shock_resistance,,,,,,,1,500,1,1000,800,1000,1,300,1,400,,,,,,,,,,,,
core3,1.2.276.484.485.500.513.523,res_decay_resist,res_quality,res_malleability,res_toughness,res_shock_resistance,,,,,,,1,500,1,1000,800,1000,1,300,1,400,,,,,,,,,,,,
core3,1.2.276.484.485.500.513.524,,,,,,,,,,,,,,,,,,,,,,,,,,,,,,,,,
core3,1.2.276.484.485.500.513.525,,,,,,,,,,,,,,,,,,,,,,,,,,,,,,,,,
core3,1.2.3,res_decay_resist,res_quality,res_flavor,res_potential_energy,res_malleability,res_toughness,res_shock_resistance,,,,,1,1000,1,1000,1,1000,1,1000,1,1000,1,1000,1,1000,,,,,,,,
core3,1.2.3.180,res_decay_resist,res_quality,res_malleability,res_toughness,res_shock_resistance,,,,,,,1,1000,1,1000,1,1000,1,1000,1,1000,,,,,,,,,,,,
core3,1.2.3.180.181,res_decay_resist,res_quality,res_malleability,res_toughness,res_shock_resistance,,,,,,,1,1000,1,1000,1,600,1,1000,100,1000,,,,,,,,,,,,
core3,1.2.3.180.181.182,res_decay_resist,res_quality,res_malleability,res_toughness,res_shock_resistance,,,,,,,200,200,200,200,200,200,200,200,200,200,,,,,,,,,,,,
core3,1.2.3.180.181.183,res_decay_resist,res_quality,res_malleability,res_toughness,res_shock_resistance,,,,,,,300,1000,1,1000,1,500,1,1000,400,1000,,,,,,,,,,,,
core3,1.2.3.180.181.184,res_decay_resist,res_quality,res_malleability,res_toughness,res_shock_resistance,,,,,,,300,1000,1,1000,1,500,1,1000,400,1000,,,,,,,,,,,,
core3,1.2.3.180.181.185,res_decay_resist,res_quality,res_malleability,res_toughness,res_shock_resistance,,,,,,,300,1000,1,1000,1,500,1,1000,400,1000,,,,,,,,,,,,
core3,1.2.3.180.181.186,res_decay_resist,res_quality,res_malleability,res_toughness,res_shock_resistance,,,,,,,300,1000,1,1000,1,500,1,1000,400,1000,,,,,,,,,,,,
core3,1.2.3.180.181.187,res_decay_resist,res_quality,res_malleability,res_toughness,res_shock_resistance,,,,,,,300,1000,1,1000,1,500,1,1000,400,1000,,,,,,,,,,,,
core3,1.2.3.180.181.188,res_decay_resist,res_quality,res_malleability,res_toughness,res_shock_resistance,,,,,,,300,1000,1,1000,1,500,1,1000,400,1000,,,,,,,,,,,,
core3,1.2.3.180.181.189,res_decay_resist,res_quality,res_malleability,res_toughness,res_shock_resistance,,,,,,,300,1000,1,1000,1,500,1,1000,400,1000,,,,,,,,,,,,
core3,1.2.3.180.181.190,res_decay_resist,res_quality,res_malleability,res_toughness,res_shock_resistance,,,,,,,300,1000,1,1000,1,500,1,1000,400,1000,,,,,,,,,,,,
core3,1.2.3.180.181.191,res_decay_resist,res_quality,res_malleability,res_toughness,res_shock_resistance,,,,,,,300,1000,1,1000,1,500,1,1000,400,1000,,,,,,,,,,,,
core3,1.2.3.180.181.192,res_decay_resist,res_quality,res_malleability,res_toughness,res_shock_resistance,,,,,,,300,1000,1,1000,1,500,1,1000,400,1000,,,,,,,,,,,,
core3,1.2.3.180.181.193,,,,,,,,,,,,,,,,,,,,,,,,,,,,,,,,,
core3,1.2.3.180.181.194,,,,,,,,,,,,,,,,,,,,,,,,,,,,,,,,,
core3,1.2.3.180.181.195,res_decay_resist,res_quality,res_malleability,res_toughness,res_shock_resistance,,,,,,,1,700,1,1000,1,600,1,500,100,500,,,,,,,,,,,,
core3,1.2.3.180.181.195.196,res_decay_resist,res_quality,res_malleability,res_toughness,res_shock_resistance,,,,,,,1,700,1,1000,1,600,1,500,100,500,,,,,,,,,,,,
core3,1.2.3.180.181.195.197,res_decay_resist,res_quality,res_malleability,res_toughness,res_shock_resistance,,,,,,,1,700,1,1000,1,600,1,500,100,500,,,,,,,,,,,,
core3,1.2.3.180.181.195.198,res_decay_resist,res_quality,res_malleability,res_toughness,res_shock_resistance,,,,,,,1,700,1,1000,1,600,1,500,100,500,,,,,,,,,,,,
core3,1.2.3.180.181.195.199,res_decay_resist,res_quality,res_malleability,res_toughness,res_shock_resistance,,,,,,,1,700,1,1000,1,600,1,500,100,500,,,,,,,,,,,,
core3,1.2.3.180.181.195.200,res_decay_resist,res_quality,res_malleability,res_toughness,res_shock_resistance,,,,,,,1,700,1,1000,1,600,1,500,100,500,,,,,,,,,,,,
core3,1.2.3.180.181.195.201,res_decay_resist,res_quality,res_malleability,res_toughness,res_shock_resistance,,,,,,,1,700,1,1000,1,600,1,500,100,500,,,,,,,,,,,,
core3,1.2.3.180.181.195.202,res_decay_resist,res_quality,res_malleability,res_toughness,res_shock_resistance,,,,,,,1,700,1,1000,1,600,1,500,100,500,,,,,,,,,,,,
core3,1.2.3.180.181.195.203,res_decay_resist,res_quality,res_malleability,res_toughness,res_shock_resistance,,,,,,,1,700,1,1000,1,600,1,500,100,500,,,,,,,,,,,,
core3,1.2.3.180.181.195.204,res_decay_resist,res_quality,res_malleability,res_toughness,res_shock_resistance,,,,,,,1,700,1,1000,1,600,1,500,100,500,,,,,,,,,,,,
core3,1.2.3.180.181.195.205,res_decay_resist,res_quality,res_malleability,res_toughness,res_shock_resistance,,,,,,,1,700,1,1000,1,600,1,500,100,500,,,,,,,,,,,,
core3,1.2.3.180.181.195.206,,,,,,,,,,,,,,,,,,,,,,,,,,,,,,,,,
core3,1.2.3.180.181.195.207,,,,,,,,,,,,,,,,,,,,,,,,,,,,,,,,,
core3,1.2.3.180.208,res_decay_resist,res_quality,res_malleability,res_toughness,res_shock_resistance,,,,,,,200,1000,1,1000,1,500,1,500,200,700,,,,,,,,,,,,
core3,1.2.3.180.208.209,res_decay_resist,res_quality,res_malleability,res_toughness,res_shock_resistance,,,,,,,200,200,200,200,200,200,200,200,200,200,,,,,,,,,,,,
core3,1.2.3.180.208.210,res_decay_resist,res_quality,res_malleability,res_toughness,res_shock_resistance,,,,,,,200,1000,1,1000,1,500,1,500,300,700,,,,,,,,,,,,
core3,1.2.3.180.208.211,res_decay_resist,res_quality,res_malleability,res_toughness,res_shock_resistance,,,,,,,200,1000,1,1000,1,500,1,500,300,700,,,,,,,,,,,,
core3,1.2.3.180.208.212,res_decay_resist,res_quality,res_malleability,res_toughness,res_shock_resistance,,,,,,,200,1000,1,1000,1,500,1,500,300,700,,,,,,,,,,,,
core3,1.2.3.180.208.213,res_decay_resist,res_quality,res_malleability,res_toughness,res_shock_resistance,,,,,,,200,1000,1,1000,1,500,1,500,300,700,,,,,,,,,,,,
core3,1.2.3.180.208.214,res_decay_resist,res_quality,res_malleability,res_toughness,res_shock_resistance,,,,,,,200,1000,1,1000,1,500,1,500,300,700,,,,,,,,,,,,
core3,1.2.3.180.208.215,res_decay_resist,res_quality,res_malleability,res_toughness,res_shock_resistance,,,,,,,200,1000,1,1000,1,500,1,500,300,700,,,,,,,,,,,,
core3,1.2.3.180.208.216,res_decay_resist,res_quality,res_malleability,res_toughness,res_shock_resistance,,,,,,,200,1000,1,1000,1,500,1,500,300,700,,,,,,,,,,,,
core3,1.2.3.180.208.217,res_decay_resist,res_quality,res_malleability,res_toughness,res_shock_resistance,,,,,,,200,1000,1,1000,1,500,1,500,300,700,,,,,,,,,,,,
core3,1.2.3.180.208.218,res_decay_resist,res_quality,res_malleability,res_toughness,res_shock_resistance,,,,,,,200,1000,1,1000,1,500,1,500,300,700,,,,,,,,,,,,
core3,1.2.3.180.208.219,res_decay_resist,res_quality,res_malleability,res_toughness,res_shock_resistance,,,,,,,200,1000,1,1000,1,500,1,500,300,700,,,,,,,,,,,,
core3,1.2.3.180.208.220,,,,,,,,,,,,,,,,,,,,,,,,,,,,,,,,,
core3,1.2.3.180.208.221,,,,,,,,,,,,,,,,,,,,,,,,,,,,,,,,,
core3,1.2.3.180.222,res_decay_resist,res_quality,res_malleability,res_toughness,res_shock_resistance,,,,,,,1,1000,1,1000,1,1000,1,1000,1,1000,,,,,,,,,,,,
core3,1.2.3.180.222.223,res_decay_resist,res_quality,res_malleability,res_toughness,res_shock_resistance,,,,,,,200,200,200,200,200,200,200,200,200,200,,,,,,,,,,,,
core3,1.2.3.180.222.224,res_decay_resist,res_quality,res_malleability,res_toughness,res_shock_resistance,,,,,,,1,1000,1,1000,1,1000,1,1000,1,1000,,,,,,,,,,,,
core3,1.2.3.180.222.224.225,res_decay_resist,res_quality,res_malleability,res_toughness,res_shock_resistance,,,,,,,1,1000,1,1000,1,1000,1,1000,1,1000,,,,,,,,,,,,
core3,1.2.3.180.222.224.226,res_decay_resist,res_quality,res_malleability,res_toughness,res_shock_resistance,,,,,,,1,1000,1,1000,1,1000,1,1000,1,1000,,,,,,,,,,,,
core3,1.2.3.180.222.224.227,res_decay_resist,res_quality,res_malleability,res_toughness,res_shock_resistance,,,,,,,1,1000,1,1000,1,1000,1,1000,1,1000,,,,,,,,,,,,
core3,1.2.3.180.222.224.228,res_decay_resist,res_quality,res_malleability,res_toughness,res_shock_resistance,,,,,,,1,1000,1,1000,1,1000,1,1000,1,1000,,,,,,,,,,,,
core3,1.2.3.180.222.224.229,res_decay_resist,res_quality,res_malleability,res_toughness,res_shock_resistance,,,,,,,1,1000,1,1000,1,1000,1,1000,1,1000,,,,,,,,,,,,
core3,1.2.3.180.222.224.230,res_decay_resist,res_quality,res_malleability,res_toughness,res_shock_resistance,,,,,,,1,1000,1,1000,1,1000,1,1000,1,1000,,,,,,,,,,,,
core3,1.2.3.180.222.224.231,res_decay_resist,res_quality,res_malleability,res_toughness,res_shock_resistance,,,,,,,1,1000,1,1000,1,1000,1,1000,1,1000,,,,,,,,,,,,
core3,1.2.3.180.222.224.232,res_decay_resist,res_quality,res_malleability,res_toughness,res_shock_resistance,,,,,,,1,1000,1,1000,1,1000,1,1000,1,1000,,,,,,,,,,,,
core3,1.2.3.180.222.224.233,res_decay_resist,res_quality,res_malleability,res_toughness,res_shock_resistance,,,,,,,1,1000,1,1000,1,1000,1,1000,1,1000,,,,,,,,,,,,
core3,1.2.3.180.222.224.234,res_decay_resist,res_quality,res_malleability,res_toughness,res_shock_resistance,,,,,,,1,1000,1,1000,1,1000,1,1000,1,1000,,,,,,,,,,,,
core3,1.2.3.180.222.224.235,,,,,,,,,,,,,,,,,,,,,,,,,,,,,,,,,
core3,1.2.3.180.222.224.236,,,,,,,,,,,,,,,,,,,,,,,,,,,,,,,,,
core3,1.2.3.180.222.237,res_decay_resist,res_quality,res_malleability,res_toughness,res_shock_resistance,,,,,,,1,1000,1,1000,1,1000,1,1000,1,1000,,,,,,,,,,,,
core3,1.2.3.180.222.237.238,res_decay_resist,res_quality,res_malleability,res_toughness,res_shock_resistance,,,,,,,1,1000,1,1000,1,1000,1,1000,1,1000,,,,,,,,,,,,
core3,1.2.3.180.222.237.239,res_decay_resist,res_quality,res_malleability,res_toughness,res_shock_resistance,,,,,,,1,1000,1,1000,1,1000,1,1000,1,1000,,,,,,,,,,,,
core3,1.2.3.180.222.237.240,res_decay_resist,res_quality,res_malleability,res_toughness,res_shock_resistance,,,,,,,1,1000,1,1000,1,1000,1,1000,1,1000,,,,,,,,,,,,
core3,1.2.3.180.222.237.241,res_decay_resist,res_quality,res_malleability,res_toughness,res_shock_resistance,,,,,,,1,1000,1,1000,1,1000,1,1000,1,1000,,,,,,,,,,,,
core3,1.2.3.180.222.237.242,res_decay_resist,res_quality,res_malleability,res_toughness,res_shock_resistance,,,,,,,1,1000,1,1000,1,1000,1,1000,1,1000,,,,,,,,,,,,
core3,1.2.3.180.222.237.243,res_decay_resist,res_quality,res_malleability,res_toughness,res_shock_resistance,,,,,,,1,1000,1,1000,1,1000,1,1000,1,1000,,,,,,,,,,,,
core3,1.2.3.180.222.237.244,res_decay_resist,res_quality,res_malleability,res_toughness,res_shock_resistance,,,,,,,1,1000,1,1000,1,1000,1,1000,1,1000,,,,,,,,,,,,
core3,1.2.3.180.222.237.245,res_decay_resist,res_quality,res_malleability,res_toughness,res_shock_resistance,,,,,,,1,1000,1,1000,1,1000,1,1000,1,1000,,,,,,,,,,,,
core3,1.2.3.180.222.237.246,res_decay_resist,res_quality,res_malleability,res_toughness,res_shock_resistance,,,,,,,1,1000,1,1000,1,1000,1,1000,1,1000,,,,,,,,,,,,
core3,1.2.3.180.222.237.247,res_decay_resist,res_quality,res_malleability,res_toughness,res_shock_resistance,,,,,,,1,1000,1,1000,1,1000,1,1000,1,1000,,,,,,,,,,,,
core3,1.2.3.180.222.237.248,,,,,,,,,,,,,,,,,,,,,,,,,,,,,,,,,
core3,1.2.3.180.222.237.249,,,,,,,,,,,,,,,,,,,,,,,,,,,,,,,,,
core3,1.2.3.180.222.250,res_decay_resist,res_quality,res_malleability,res_toughness,res_shock_resistance,,,,,,,1,1000,1,1000,1,1000,1,1000,1,1000,,,,,,,,,,,,
core3,1.2.3.180.222.250.251,res_decay_resist,res_quality,res_malleability,res_toughness,res_shock_resistance,,,,,,,1,1000,1,1000,1,1000,1,1000,1,1000,,,,,,,,,,,,
core3,1.2.3.180.222.250.252,res_decay_resist,res_quality,res_malleability,res_toughness,res_shock_resistance,,,,,,,1,1000,1,1000,1,1000,1,1000,1,1000,,,,,,,,,,,,
core3,1.2.3.180.222.250.253,res_decay_resist,res_quality,res_malleability,res_toughness,res_shock_resistance,,,,,,,1,1000,1,1000,1,1000,1,1000,1,1000,,,,,,,,,,,,
core3,1.2.3.180.222.250.254,res_decay_resist,res_quality,res_malleability,res_toughness,res_shock_resistance,,,,,,,1,1000,1,1000,1,1000,1,1000,1,1000,,,,,,,,,,,,
core3,1.2.3.180.222.250.255,res_decay_resist,res_quality,res_malleability,res_toughness,res_shock_resistance,,,,,,,1,1000,1,1000,1,1000,1,1000,1,1000,,,,,,,,,,,,
core3,1.2.3.180.222.250.256,res_decay_resist,res_quality,res_malleability,res_toughness,res_shock_resistance,,,,,,,1,1000,1,1000,1,1000,1,1000,1,1000,,,,,,,,,,,,
core3,1.2.3.180.222.250.257,res_decay_resist,res_quality,res_malleability,res_toughness,res_shock_resistance,,,,,,,1,1000,1,1000,1,1000,1,1000,1,1000,,,,,,,,,,,,
core3,1.2.3.180.222.250.258,res_decay_resist,res_quality,res_malleability,res_toughness,res_shock_resistance,,,,,,,1,1000,1,1000,1,1000,1,1000,1,1000,,,,,,,,,,,,
core3,1.2.3.180.222.250.259,res_decay_resist,res_quality,res_malleability,res_toughness,res_shock_resistance,,,,,,,1,1000,1,1000,1,1000,1,1000,1,1000,,,,,,,,,,,,
core3,1.2.3.180.222.250.260,res_decay_resist,res_quality,res_malleability,res_toughness,res_shock_resistance,,,,,,,1,1000,1,1000,1,1000,1,1000,1,1000,,,,,,,,,,,,
core3,1.2.3.180.222.250.261,,,,,,,,,,,,,,,,,,,,,,,,,,,,,,,,,
core3,1.2.3.180.222.250.262,,,,,,,,,,,,,,,,,,,,,,,,,,,,,,,,,
core3,1.2.3.180.222.263,res_decay_resist,res_quality,res_malleability,res_toughness,res_shock_resistance,,,,,,,1,1000,1,1000,1,1000,1,1000,1,1000,,,,,,,,,,,,
core3,1.2.3.180.222.263.264,res_decay_resist,res_quality,res_malleability,res_toughness,res_shock_resistance,,,,,,,1,1000,1,1000,1,1000,1,1000,1,1000,,,,,,,,,,,,
core3,1.2.3.180.222.263.265,res_decay_resist,res_quality,res_malleability,res_toughness,res_shock_resistance,,,,,,,1,1000,1,1000,1,1000,1,1000,1,1000,,,,,,,,,,,,
core3,1.2.3.180.222.263.266,res_decay_resist,res_quality,res_malleability,res_toughness,res_shock_resistance,,,,,,,1,1000,1,1000,1,1000,1,1000,1,1000,,,,,,,,,,,,
core3,1.2.3.180.222.263.267,res_decay_resist,res_quality,res_malleability,res_toughness,res_shock_resistance,,,,,,,1,1000,1,1000,1,1000,1,1000,1,1000,,,,,,,,,,,,
core3,1.2.3.180.222.263.268,res_decay_resist,res_quality,res_malleability,res_toughness,res_shock_resistance,,,,,,,1,1000,1,1000,1,1000,1,1000,1,1000,,,,,,,,,,,,
core3,1.2.3.180.222.263.269,res_decay_resist,res_quality,res_malleability,res_toughness,res_shock_resistance,,,,,,,1,1000,1,1000,1,1000,1,1000,1,1000,,,,,,,,,,,,
core3,1.2.3.180.222.263.270,res_decay_resist,res_quality,res_malleability,res_toughness,res_shock_resistance,,,,,,,1,1000,1,1000,1,1000,1,1000,1,1000,,,,,,,,,,,,
core3,1.2.3.180.222.263.271,res_decay_resist,res_quality,res_malleability,res_toughness,res_shock_resistance,,,,,,,1,1000,1,1000,1,1000,1,1000,1,1000,,,,,,,,,,,,
core3,1.2.3.180.222.263.272,res_decay_resist,res_quality,res_malleability,res_toughness,res_shock_resistance,,,,,,,1,1000,1,1000,1,1000,1,1000,1,1000,,,,,,,,,,,,
core3,1.2.3.180.222.263.273,res_decay_resist,res_quality,res_malleability,res_toughness,res_shock_resistance,,,,,,,1,1000,1,1000,1,1000,1,1000,1,1000,,,,,,,,,,,,
core3,1.2.3.180.222.263.274,,,,,,,,,,,,,,,,,,,,,,,,,,,,,,,,,
core3,1.2.3.180.222.263.275,,,,,,,,,,,,,,,,,,,,,,,,,,,,,,,,,
core3,1.2.3.4,res_decay_resist,res_quality,res_flavor,res_potential_energy,,,,,,,,1,1000,1,1000,1,1000,1,1000,,,,,,,,,,,,,,
core3,1.2.3.4.33,res_decay_resist,res_quality,res_flavor,res_potential_energy,,,,,,,,1,1000,1,1000,1,1000,1,1000,,,,,,,,,,,,,,
core3,1.2.3.4.33.100,res_decay_resist,res_quality,res_flavor,res_potential_energy,,,,,,,,1,1000,1,1000,1,700,300,1000,,,,,,,,,,,,,,
core3,1.2.3.4.33.100.101,res_decay_resist,res_quality,res_flavor,res_potential_energy,,,,,,,,1,1000,1,1000,1,700,300,1000,,,,,,,,,,,,,,
core3,1.2.3.4.33.100.102,res_decay_resist,res_quality,res_flavor,res_potential_energy,,,,,,,,1,1000,1,1000,1,700,300,1000,,,,,,,,,,,,,,
core3,1.2.3.4.33.100.103,res_decay_resist,res_quality,res_flavor,res_potential_energy,,,,,,,,1,1000,1,1000,1,700,300,1000,,,,,,,,,,,,,,
core3,1.2.3.4.33.100.104,res_decay_resist,res_quality,res_flavor,res_potential_energy,,,,,,,,1,1000,1,1000,1,700,300,1000,,,,,,,,,,,,,,
core3,1.2.3.4.33.100.105,res_decay_resist,res_quality,res_flavor,res_potential_energy,,,,,,,,1,1000,1,1000,1,700,300,1000,,,,,,,,,,,,,,
core3,1.2.3.4.33.100.106,res_decay_resist,res_quality,res_flavor,res_potential_energy,,,,,,,,1,1000,1,1000,1,700,300,1000,,,,,,,,,,,,,,
core3,1.2.3.4.33.100.107,res_decay_resist,res_quality,res_flavor,res_potential_energy,,,,,,,,1,1000,1,1000,1,700,300,1000,,,,,,,,,,,,,,
core3,1.2.3.4.33.100.108,res_decay_resist,res_quality,res_flavor,res_potential_energy,,,,,,,,1,1000,1,1000,1,700,300,1000,,,,,,,,,,,,,,
core3,1.2.3.4.33.100.109,res_decay_resist,res_quality,res_flavor,res_potential_energy,,,,,,,,1,1000,1,1000,1,700,300,1000,,,,,,,,,,,,,,
core3,1.2.3.4.33.100.110,res_decay_resist,res_quality,res_flavor,res_potential_energy,,,,,,,,1,1000,1,1000,1,700,300,1000,,,,,,,,,,,,,,
core3,1.2.3.4.33.100.111,,,,,,,,,,,,,,,,,,,,,,,,,,,,,,,,,
core3,1.2.3.4.33.100.112,,,,,,,,,,,,,,,,,,,,,,,,,,,,,,,,,
core3,1.2.3.4.33.113,res_decay_resist,res_quality,res_flavor,res_potential_energy,,,,,,,,1,1000,1,1000,1,1000,1,1000,,,,,,,,,,,,,,
core3,1.2.3.4.33.113.114,res_decay_resist,res_quality,res_flavor,res_potential_energy,,,,,,,,1,1000,1,1000,1,1000,1,1000,,,,,,,,,,,,,,
core3,1.2.3.4.33.113.115,res_decay_resist,res_quality,res_flavor,res_potential_energy,,,,,,,,1,1000,1,1000,1,1000,1,1000,,,,,,,,,,,,,,
core3,1.2.3.4.33.113.116,res_decay_resist,res_quality,res_flavor,res_potential_energy,,,,,,,,1,1000,1,1000,1,1000,1,1000,,,,,,,,,,,,,,
core3,1.2.3.4.33.113.117,res_decay_resist,res_quality,res_flavor,res_potential_energy,,,,,,,,1,1000,1,1000,1,1000,1,1000,,,,,,,,,,,,,,
core3,1.2.3.4.33.113.118,res_decay_resist,res_quality,res_flavor,res_potential_energy,,,,,,,,1,1000,1,1000,1,1000,1,1000,,,,,,,,,,,,,,
core3,1.2.3.4.33.113.119,res_decay_resist,res_quality,res_flavor,res_potential_energy,,,,,,,,1,1000,1,1000,1,1000,1,1000,,,,,,,,,,,,,,
core3,1.2.3.4.33.113.120,res_decay_resist,res_quality,res_flavor,res_potential_energy,,,,,,,,1,1000,1,1000,1,1000,1,1000,,,,,,,,,,,,,,
core3,1.2.3.4.33.113.121,res_decay_resist,res_quality,res_flavor,res_potential_energy,,,,,,,,1,1000,1,1000,1,1000,1,1000,,,,,,,,,,,,,,
core3,1.2.3.4.33.113.122,res_decay_resist,res_quality,res_flavor,res_potential_energy,,,,,,,,1,1000,1,1000,1,1000,1,1000,,,,,,,,,,,,,,
core3,1.2.3.4.33.113.123,res_decay_resist,res_quality,res_flavor,res_potential_energy,,,,,,,,1,1000,1,1000,1,1000,1,1000,,,,,,,,,,,,,,
core3,1.2.3.4.33.113.124,,,,,,,,,,,,,,,,,,,,,,,,,,,,,,,,,
core3,1.2.3.4.33.113.125,,,,,,,,,,,,,,,,,,,,,,,,,,,,,,,,,
core3,1.2.3.4.33.126,res_decay_resist,res_quality,res_flavor,res_potential_energy,,,,,,,,1,1000,1,1000,1,1000,300,1000,,,,,,,,,,,,,,
core3,1.2.3.4.33.126.127,res_decay_resist,res_quality,res_flavor,res_potential_energy,,,,,,,,1,1000,1,1000,1,1000,300,1000,,,,,,,,,,,,,,
core3,1.2.3.4.33.126.128,res_decay_resist,res_quality,res_flavor,res_potential_energy,,,,,,,,1,1000,1,1000,1,1000,300,1000,,,,,,,,,,,,,,
core3,1.2.3.4.33.126.129,res_decay_resist,res_quality,res_flavor,res_potential_energy,,,,,,,,1,1000,1,1000,1,1000,300,1000,,,,,,,,,,,,,,
core3,1.2.3.4.33.126.130,res_decay_resist,res_quality,res_flavor,res_potential_energy,,,,,,,,1,1000,1,1000,1,1000,300,1000,,,,,,,,,,,,,,
core3,1.2.3.4.33.126.131,res_decay_resist,res_quality,res_flavor,res_potential_energy,,,,,,,,1,1000,1,1000,1,1000,300,1000,,,,,,,,,,,,,,
core3,1.2.3.4.33.126.132,res_decay_resist,res_quality,res_flavor,res_potential_energy,,,,,,,,1,1000,1,1000,1,1000,300,1000,,,,,,,,,,,,,,
core3,1.2.3.4.33.126.133,res_decay_resist,res_quality,res_flavor,res_potential_energy,,,,,,,,1,1000,1,1000,1,1000,300,1000,,,,,,,,,,,,,,
core3,1.2.3.4.33.126.134,res_decay_resist,res_quality,res_flavor,res_potential_energy,,,,,,,,1,1000,1,1000,1,1000,300,1000,,,,,,,,,,,,,,
core3,1.2.3.4.33.126.135,res_decay_resist,res_quality,res_flavor,res_potential_energy,,,,,,,,1,1000,1,1000,1,1000,300,1000,,,,,,,,,,,,,,
core3,1.2.3.4.33.126.136,res_decay_resist,res_quality,res_flavor,res_potential_energy,,,,,,,,1,1000,1,1000,1,1000,300,1000,,,,,,,,,,,,,,
core3,1.2.3.4.33.126.137,,,,,,,,,,,,,,,,,,,,,,,,,,,,,,,,,
core3,1.2.3.4.33.126.138,,,,,,,,,,,,,,,,,,,,,,,,,,,,,,,,,
core3,1.2.3.4.33.139,res_decay_resist,res_quality,res_flavor,res_potential_energy,,,,,,,,1,1000,1,1000,1,1000,1,1000,,,,,,,,,,,,,,
core3,1.2.3.4.33.139.140,res_decay_resist,res_quality,res_flavor,res_potential_energy,,,,,,,,200,200,200,200,200,200,200,200,,,,,,,,,,,,,,
core3,1.2.3.4.33.139.141,res_decay_resist,res_quality,res_flavor,res_potential_energy,,,,,,,,1,1000,1,1000,1,1000,1,1000,,,,,,,,,,,,,,
core3,1.2.3.4.33.139.141.142,res_decay_resist,res_quality,res_flavor,res_potential_energy,,,,,,,,1,1000,1,1000,1,1000,1,1000,,,,,,,,,,,,,,
core3,1.2.3.4.33.139.141.143,res_decay_resist,res_quality,res_flavor,res_potential_energy,,,,,,,,1,1000,1,1000,1,1000,1,1000,,,,,,,,,,,,,,
core3,1.2.3.4.33.139.141.144,res_decay_resist,res_quality,res_flavor,res_potential_energy,,,,,,,,1,1000,1,1000,1,1000,1,1000,,,,,,,,,,,,,,
core3,1.2.3.4.33.139.141.145,res_decay_resist,res_quality,res_flavor,res_potential_energy,,,,,,,,1,1000,1,1000,1,1000,1,1000,,,,,,,,,,,,,,
core3,1.2.3.4.33.139.141.146,res_decay_resist,res_quality,res_flavor,res_potential_energy,,,,,,,,1,1000,1,1000,1,1000,1,1000,,,,,,,,,,,,,,
core3,1.2.3.4.33.139.141.147,res_decay_resist,res_quality,res_flavor,res_potential_energy,,,,,,,,1,1000,1,1000,1,1000,1,1000,,,,,,,,,,,,,,
core3,1.2.3.4.33.139.141.148,res_decay_resist,res_quality,res_flavor,res_potential_energy,,,,,,,,1,1000,1,1000,1,1000,1,1000,,,,,,,,,,,,,,
core3,1.2.3.4.33.139.141.149,res_decay_resist,res_quality,res_flavor,res_potential_energy,,,,,,,,1,1000,1,1000,1,1000,1,1000,,,,,,,,,,,,,,
core3,1.2.3.4.33.139.141.150,res_decay_resist,res_quality,res_flavor,res_potential_energy,,,,,,,,1,1000,1,1000,1,1000,1,1000,,,,,,,,,,,,,,
core3,1.2.3.4.33.139.141.151,res_decay_resist,res_quality,res_flavor,res_potential_energy,,,,,,,,1,1000,1,1000,1,1000,1,1000,,,,,,,,,,,,,,
core3,1.2.3.4.33.139.141.152,,,,,,,,,,,,,,,,,,,,,,,,,,,,,,,,,
core3,1.2.3.4.33.139.141.153,,,,,,,,,,,,,,,,,,,,,,,,,,,,,,,,,
core3,1.2.3.4.33.139.154,res_decay_resist,res_quality,res_flavor,res_potential_energy,,,,,,,,1,1000,1,1000,1,1000,1,1000,,,,,,,,,,,,,,
core3,1.2.3.4.33.139.154.155,res_decay_resist,res_quality,res_flavor,res_potential_energy,,,,,,,,1,1000,1,1000,1,1000,1,1000,,,,,,,,,,,,,,
core3,1.2.3.4.33.139.154.156,res_decay_resist,res_quality,res_flavor,res_potential_energy,,,,,,,,1,1000,1,1000,1,1000,1,1000,,,,,,,,,,,,,,
core3,1.2.3.4.33.139.154.157,res_decay_resist,res_quality,res_flavor,res_potential_energy,,,,,,,,1,1000,1,1000,1,1000,1,1000,,,,,,,,,,,,,,
core3,1.2.3.4.33.139.154.158,res_decay_resist,res_quality,res_flavor,res_potential_energy,,,,,,,,1,1000,1,1000,1,1000,1,1000,,,,,,,,,,,,,,
core3,1.2.3.4.33.139.154.159,res_decay_resist,res_quality,res_flavor,res_potential_energy,,,,,,,,1,1000,1,1000,1,1000,1,1000,,,,,,,,,,,,,,
core3,1.2.3.4.33.139.154.160,res_decay_resist,res_quality,res_flavor,res_potential_energy,,,,,,,,1,1000,1,1000,1,1000,1,1000,,,,,,,,,,,,,,
core3,1.2.3.4.33.139.154.161,res_decay_resist,res_quality,res_flavor,res_potential_energy,,,,,,,,1,1000,1,1000,1,1000,1,1000,,,,,,,,,,,,,,
core3,1.2.3.4.33.139.154.162,res_decay_resist,res_quality,res_flavor,res_potential_energy,,,,,,,,1,1000,1,1000,1,1000,1,1000,,,,,,,,,,,,,,
core3,1.2.3.4.33.139.154.163,res_decay_resist,res_quality,res_flavor,res_potential_energy,,,,,,,,1,1000,1,1000,1,1000,1,1000,,,,,,,,,,,,,,
core3,1.2.3.4.33.139.154.164,res_decay_resist,res_quality,res_flavor,res_potential_energy,,,,,,,,1,1000,1,1000,1,1000,1,1000,,,,,,,,,,,,,,
core3,1.2.3.4.33.139.154.165,,,,,,,,,,,,,,,,,,,,,,,,,,,,,,,,,
core3,1.2.3.4.33.139.154.166,,,,,,,,,,,,,,,,,,,,,,,,,,,,,,,,,
core3,1.2.3.4.33.139.167,res_decay_resist,res_quality,res_flavor,res_potential_energy,,,,,,,,1,1000,1,1000,1,1000,1,1000,,,,,,,,,,,,,,
core3,1.2.3.4.33.139.167.168,res_decay_resist,res_quality,res_flavor,res_potential_energy,,,,,,,,1,1000,1,1000,1,1000,1,1000,,,,,,,,,,,,,,
core3,1.2.3.4.33.139.167.169,res_decay_resist,res_quality,res_flavor,res_potential_energy,,,,,,,,1,1000,1,1000,1,1000,1,1000,,,,,,,,,,,,,,
core3,1.2.3.4.33.139.167.170,res_decay_resist,res_quality,res_flavor,res_potential_energy,,,,,,,,1,1000,1,1000,1,1000,1,1000,,,,,,,,,,,,,,
core3,1.2.3.4.33.139.167.171,res_decay_resist,res_quality,res_flavor,res_potential_energy,,,,,,,,1,1000,1,1000,1,1000,1,1000,,,,,,,,,,,,,,
core3,1.2.3.4.33.139.167.172,res_decay_resist,res_quality,res_flavor,res_potential_energy,,,,,,,,1,1000,1,1000,1,1000,1,1000,,,,,,,,,,,,,,
core3,1.2.3.4.33.139.167.173,res_decay_resist,res_quality,res_flavor,res_potential_energy,,,,,,,,1,1000,1,1000,1,1000,1,1000,,,,,,,,,,,,,,
core3,1.2.3.4.33.139.167.174,res_decay_resist,res_quality,res_flavor,res_potential_energy,,,,,,,,1,1000,1,1000,1,1000,1,1000,,,,,,,,,,,,,,
core3,1.2.3.4.33.139.167.175,res_decay_resist,res_quality,res_flavor,res_potential_energy,,,,,,,,1,1000,1,1000,1,1000,1,1000,,,,,,,,,,,,,,
core3,1.2.3.4.33.139.167.176,res_decay_resist,res_quality,res_flavor,res_potential_energy,,,,,,,,1,1000,1,1000,1,1000,1,1000,,,,,,,,,,,,,,
core3,1.2.3.4.33.139.167.177,res_decay_resist,res_quality,res_flavor,res_potential_energy,,,,,,,,1,1000,1,1000,1,1000,1,1000,,,,,,,,,,,,,,
core3,1.2.3.4.33.139.167.178,,,,,,,,,,,,,,,,,,,,,,,,,,,,,,,,,
core3,1.2.3.4.33.139.167.179,,,,,,,,,,,,,,,,,,,,,,,,,,,,,,,,,
core3,1.2.3.4.33.34,res_decay_resist,res_quality,res_flavor,res_potential_energy,,,,,,,,200,200,200,200,200,200,200,200,,,,,,,,,,,,,,
core3,1.2.3.4.33.35,res_decay_resist,res_quality,res_flavor,res_potential_energy,,,,,,,,1,1000,1,1000,300,1000,1,700,,,,,,,,,,,,,,
core3,1.2.3.4.33.35.36,res_decay_resist,res_quality,res_flavor,res_potential_energy,,,,,,,,1,1000,1,1000,300,1000,1,700,,,,,,,,,,,,,,
core3,1.2.3.4.33.35.37,res_decay_resist,res_quality,res_flavor,res_potential_energy,,,,,,,,1,1000,1,1000,300,1000,1,700,,,,,,,,,,,,,,
core3,1.2.3.4.33.35.38,res_decay_resist,res_quality,res_flavor,res_potential_energy,,,,,,,,1,1000,1,1000,300,1000,1,700,,,,,,,,,,,,,,
core3,1.2.3.4.33.35.39,res_decay_resist,res_quality,res_flavor,res_potential_energy,,,,,,,,1,1000,1,1000,300,1000,1,700,,,,,,,,,,,,,,
core3,1.2.3.4.33.35.40,res_decay_resist,res_quality,res_flavor,res_potential_energy,,,,,,,,1,1000,1,1000,300,1000,1,700,,,,,,,,,,,,,,
core3,1.2.3.4.33.35.41,res_decay_resist,res_quality,res_flavor,res_potential_energy,,,,,,,,1,1000,1,1000,300,1000,1,700,,,,,,,,,,,,,,
core3,1.2.3.4.33.35.42,res_decay_resist,res_quality,res_flavor,res_potential_energy,,,,,,,,1,1000,1,1000,300,1000,1,700,,,,,,,,,,,,,,
core3,1.2.3.4.33.35.43,res_decay_resist,res_quality,res_flavor,res_potential_energy,,,,,,,,1,1000,1,1000,300,1000,1,700,,,,,,,,,,,,,,
core3,1.2.3.4.33.35.44,res_decay_resist,res_quality,res_flavor,res_potential_energy,,,,,,,,1,1000,1,1000,300,1000,1,700,,,,,,,,,,,,,,
core3,1.2.3.4.33.35.45,res_decay_resist,res_quality,res_flavor,res_potential_energy,,,,,,,,1,1000,1,1000,300,1000,1,700,,,,,,,,,,,,,,
core3,1.2.3.4.33.35.46,,,,,,,,,,,,,,,,,,,,,,,,,,,,,,,,,
core3,1.2.3.4.33.35.47,,,,,,,,,,,,,,,,,,,,,,,,,,,,,,,,,
core3,1.2.3.4.33.48,res_decay_resist,res_quality,res_flavor,res_potential_energy,,,,,,,,1,1000,1,1000,1,700,300,1000,,,,,,,,,,,,,,
core3,1.2.3.4.33.48.49,res_decay_resist,res_quality,res_flavor,res_potential_energy,,,,,,,,1,1000,1,1000,1,700,300,1000,,,,,,,,,,,,,,
core3,1.2.3.4.33.48.50,res_decay_resist,res_quality,res_flavor,res_potential_energy,,,,,,,,1,1000,1,1000,1,700,300,1000,,,,,,,,,,,,,,
core3,1.2.3.4.33.48.51,res_decay_resist,res_quality,res_flavor,res_potential_energy,,,,,,,,1,1000,1,1000,1,700,300,1000,,,,,,,,,,,,,,
core3,1.2.3.4.33.48.52,res_decay_resist,res_quality,res_flavor,res_potential_energy,,,,,,,,1,1000,1,1000,1,700,300,1000,,,,,,,,,,,,,,
core3,1.2.3.4.33.48.53,res_decay_resist,res_quality,res_flavor,res_potential_energy,,,,,,,,1,1000,1,1000,1,700,300,1000,,,,,,,,,,,,,,
core3,1.2.3.4.33.48.54,res_decay_resist,res_quality,res_flavor,res_potential_energy,,,,,,,,1,1000,1,1000,1,700,300,1000,,,,,,,,,,,,,,
core3,1.2.3.4.33.48.55,res_decay_resist,res_quality,res_flavor,res_potential_energy,,,,,,,,1,1000,1,1000,1,700,300,1000,,,,,,,,,,,,,,
core3,1.2.3.4.33.48.56,res_decay_resist,res_quality,res_flavor,res_potential_energy,,,,,,,,1,1000,1,1000,1,700,300,1000,,,,,,,,,,,,,,
core3,1.2.3.4.33.48.57,res_decay_resist,res_quality,res_flavor,res_potential_energy,,,,,,,,1,1000,1,1000,1,700,300,1000,,,,,,,,,,,,,,
core3,1.2.3.4.33.48.58,res_decay_resist,res_quality,res_flavor,res_potential_energy,,,,,,,,1,1000,1,1000,1,700,300,1000,,,,,,,,,,,,,,
core3,1.2.3.4.33.48.59,,,,,,,,,,,,,,,,,,,,,,,,,,,,,,,,,
core3,1.2.3.4.33.48.60,,,,,,,,,,,,,,,,,,,,,,,,,,,,,,,,,
core3,1.2.3.4.33.61,res_decay_resist,res_quality,res_flavor,res_potential_energy,,,,,,,,1,1000,1,1000,1,700,1,700,,,,,,,,,,,,,,
core3,1.2.3.4.33.61.62,res_decay_resist,res_quality,res_flavor,res_potential_energy,,,,,,,,1,1000,1,1000,1,700,1,700,,,,,,,,,,,,,,
core3,1.2.3.4.33.61.63,res_decay_resist,res_quality,res_flavor,res_potential_energy,,,,,,,,1,1000,1,1000,1,700,1,700,,,,,,,,,,,,,,
core3,1.2.3.4.33.61.64,res_decay_resist,res_quality,res_flavor,res_potential_energy,,,,,,,,1,1000,1,1000,1,700,1,700,,,,,,,,,,,,,,
core3,1.2.3.4.33.61.65,res_decay_resist,res_quality,res_flavor,res_potential_energy,,,,,,,,1,1000,1,1000,1,700,1,700,,,,,,,,,,,,,,
core3,1.2.3.4.33.61.66,res_decay_resist,res_quality,res_flavor,res_potential_energy,,,,,,,,1,1000,1,1000,1,700,1,700,,,,,,,,,,,,,,
core3,1.2.3.4.33.61.67,res_decay_resist,res_quality,res_flavor,res_potential_energy,,,,,,,,1,1000,1,1000,1,700,1,700,,,,,,,,,,,,,,
core3,1.2.3.4.33.61.68,res_decay_resist,res_quality,res_flavor,res_potential_energy,,,,,,,,1,1000,1,1000,1,700,1,700,,,,,,,,,,,,,,
core3,1.2.3.4.33.61.69,res_decay_resist,res_quality,res_flavor,res_potential_energy,,,,,,,,1,1000,1,1000,1,700,1,700,,,,,,,,,,,,,,
core3,1.2.3.4.33.61.70,res_decay_resist,res_quality,res_flavor,res_potential_energy,,,,,,,,1,1000,1,1000,1,700,1,700,,,,,,,,,,,,,,
core3,1.2.3.4.33.61.71,res_decay_resist,res_quality,res_flavor,res_potential_energy,,,,,,,,1,1000,1,1000,1,700,1,700,,,,,,,,,,,,,,
core3,1.2.3.4.33.61.72,,,,,,,,,,,,,,,,,,,,,,,,,,,,,,,,,
core3,1.2.3.4.33.61.73,,,,,,,,,,,,,,,,,,,,,,,,,,,,,,,,,
core3,1.2.3.4.33.74,res_decay_resist,res_quality,res_flavor,res_potential_energy,,,,,,,,1,1000,1,1000,300,1000,300,1000,,,,,,,,,,,,,,
core3,1.2.3.4.33.74.75,res_decay_resist,res_quality,res_flavor,res_potential_energy,,,,,,,,1,1000,1,1000,300,1000,300,1000,,,,,,,,,,,,,,
core3,1.2.3.4.33.74.76,res_decay_resist,res_quality,res_flavor,res_potential_energy,,,,,,,,1,1000,1,1000,300,1000,300,1000,,,,,,,,,,,,,,
core3,1.2.3.4.33.74.77,res_decay_resist,res_quality,res_flavor,res_potential_energy,,,,,,,,1,1000,1,1000,300,1000,300,1000,,,,,,,,,,,,,,
core3,1.2.3.4.33.74.78,res_decay_resist,res_quality,res_flavor,res_potential_energy,,,,,,,,1,1000,1,1000,300,1000,300,1000,,,,,,,,,,,,,,
core3,1.2.3.4.33.74.79,res_decay_resist,res_quality,res_flavor,res_potential_energy,,,,,,,,1,1000,1,1000,300,1000,300,1000,,,,,,,,,,,,,,
core3,1.2.3.4.33.74.80,res_decay_resist,res_quality,res_flavor,res_potential_energy,,,,,,,,1,1000,1,1000,300,1000,300,1000,,,,,,,,,,,,,,
core3,1.2.3.4.33.74.81,res_decay_resist,res_quality,res_flavor,res_potential_energy,,,,,,,,1,1000,1,1000,300,1000,300,1000,,,,,,,,,,,,,,
core3,1.2.3.4.33.74.82,res_decay_resist,res_quality,res_flavor,res_potential_energy,,,,,,,,1,1000,1,1000,300,1000,300,1000,,,,,,,,,,,,,,
core3,1.2.3.4.33.74.83,res_decay_resist,res_quality,res_flavor,res_potential_energy,,,,,,,,1,1000,1,1000,300,1000,300,1000,,,,,,,,,,,,,,
core3,1.2.3.4.33.74.84,res_decay_resist,res_quality,res_flavor,res_potential_energy,,,,,,,,1,1000,1,1000,300,1000,300,1000,,,,,,,,,,,,,,
core3,1.2.3.4.33.74.85,,,,,,,,,,,,,,,,,,,,,,,,,,,,,,,,,
core3,1.2.3.4.33.74.86,,,,,,,,,,,,,,,,,,,,,,,,,,,,,,,,,
core3,1.2.3.4.33.87,res_decay_resist,res_quality,res_flavor,res_potential_energy,,,,,,,,1,1000,1,1000,1,1000,1,1000,,,,,,,,,,,,,,
core3,1.2.3.4.33.87.88,res_decay_resist,res_quality,res_flavor,res_potential_energy,,,,,,,,1,1000,1,1000,1,1000,1,1000,,,,,,,,,,,,,,
core3,1.2.3.4.33.87.89,res_decay_resist,res_quality,res_flavor,res_potential_energy,,,,,,,,1,1000,1,1000,1,1000,1,1000,,,,,,,,,,,,,,
core3,1.2.3.4.33.87.90,res_decay_resist,res_quality,res_flavor,res_potential_energy,,,,,,,,1,1000,1,1000,1,1000,1,1000,,,,,,,,,,,,,,
core3,1.2.3.4.33.87.91,res_decay_resist,res_quality,res_flavor,res_potential_energy,,,,,,,,1,1000,1,1000,1,1000,1,1000,,,,,,,,,,,,,,
core3,1.2.3.4.33.87.92,res_decay_resist,res_quality,res_flavor,res_potential_energy,,,,,,,,1,1000,1,1000,1,1000,1,1000,,,,,,,,,,,,,,
core3,1.2.3.4.33.87.93,res_decay_resist,res_quality,res_flavor,res_potential_energy,,,,,,,,1,1000,1,1000,1,1000,1,1000,,,,,,,,,,,,,,
core3,1.2.3.4.33.87.94,res_decay_resist,res_quality,res_flavor,res_potential_energy,,,,,,,,1,1000,1,1000,1,1000,1,1000,,,,,,,,,,,,,,
core3,1.2.3.4.33.87.95,res_decay_resist,res_quality,res_flavor,res_potential_energy,,,,,,,,1,1000,1,1000,1,1000,1,1000,,,,,,,,,,,,,,
core3,1.2.3.4.33.87.96,res_decay_resist,res_quality,res_flavor,res_potential_energy,,,,,,,,1,1000,1,1000,1,1000,1,1000,,,,,,,,,,,,,,
core3,1.2.3.4.33.87.97,res_decay_resist,res_quality,res_flavor,res_potential_energy,,,,,,,,1,1000,1,1000,1,1000,1,1000,,,,,,,,,,,,,,
core3,1.2.3.4.33.87.98,,,,,,,,,,,,,,,,,,,,,,,,,,,,,,,,,
core3,1.2.3.4.33.87.99,,,,,,,,,,,,,,,,,,,,,,,,,,,,,,,,,
core3,1.2.3.4.5,res_decay_resist,res_quality,res_flavor,res_potential_energy,,,,,,,,1,1000,1,1000,1,1000,1,1000,,,,,,,,,,,,,,
core3,1.2.3.4.5.20,res_decay_resist,res_quality,res_flavor,res_potential_energy,,,,,,,,1,1000,1,1000,300,1000,1,700,,,,,,,,,,,,,,
core3,1.2.3.4.5.20.21,res_decay_resist,res_quality,res_flavor,res_potential_energy,,,,,,,,1,1000,1,1000,300,1000,1,700,,,,,,,,,,,,,,
core3,1.2.3.4.5.20.22,res_decay_resist,res_quality,res_flavor,res_potential_energy,,,,,,,,1,1000,1,1000,300,1000,1,700,,,,,,,,,,,,,,
core3,1.2.3.4.5.20.23,res_decay_resist,res_quality,res_flavor,res_potential_energy,,,,,,,,1,1000,1,1000,300,1000,1,700,,,,,,,,,,,,,,
core3,1.2.3.4.5.20.24,res_decay_resist,res_quality,res_flavor,res_potential_energy,,,,,,,,1,1000,1,1000,300,1000,1,700,,,,,,,,,,,,,,
core3,1.2.3.4.5.20.25,res_decay_resist,res_quality,res_flavor,res_potential_energy,,,,,,,,1,1000,1,1000,300,1000,1,700,,,,,,,,,,,,,,
core3,1.2.3.4.5.20.26,res_decay_resist,res_quality,res_flavor,res_potential_energy,,,,,,,,1,1000,1,1000,300,1000,1,700,,,,,,,,,,,,,,
core3,1.2.3.4.5.20.27,res_decay_resist,res_quality,res_flavor,res_potential_energy,,,,,,,,1,1000,1,1000,300,1000,1,700,,,,,,,,,,,,,,
core3,1.2.3.4.5.20.28,res_decay_resist,res_quality,res_flavor,res_potential_energy,,,,,,,,1,1000,1,1000,300,1000,1,700,,,,,,,,,,,,,,
core3,1.2.3.4.5.20.29,res_decay_resist,res_quality,res_flavor,res_potential_energy,,,,,,,,1,1000,1,1000,300,1000,1,700,,,,,,,,,,,,,,
core3,1.2.3.4.5.20.30,res_decay_resist,res_quality,res_flavor,res_potential_energy,,,,,,,,1,1000,1,1000,300,1000,1,700,,,,,,,,,,,,,,
core3,1.2.3.4.5.20.31,,,,,,,,,,,,,,,,,,,,,,,,,,,,,,,,,
core3,1.2.3.4.5.20.32,,,,,,,,,,,,,,,,,,,,,,,,,,,,,,,,,
core3,1.2.3.4.5.6,res_decay_resist,res_quality,res_flavor,res_potential_energy,,,,,,,,200,200,200,200,200,200,200,200,,,,,,,,,,,,,,
core3,1.2.3.4.5.7,res_decay_resist,res_quality,res_flavor,res_potential_energy,,,,,,,,1,1000,1,1000,1,700,300,1000,,,,,,,,,,,,,,
core3,1.2.3.4.5.7.10,res_decay_resist,res_quality,res_flavor,res_potential_energy,,,,,,,,1,1000,1,1000,1,700,300,1000,,,,,,,,,,,,,,
core3,1.2.3.4.5.7.11,res_decay_resist,res_quality,res_flavor,res_potential_energy,,,,,,,,1,1000,1,1000,1,700,300,1000,,,,,,,,,,,,,,
core3,1.2.3.4.5.7.12,res_decay_resist,res_quality,res_flavor,res_potential_energy,,,,,,,,1,1000,1,1000,1,700,300,1000,,,,,,,,,,,,,,
core3,1.2.3.4.5.7.13,res_decay_resist,res_quality,res_flavor,res_potential_energy,,,,,,,,1,1000,1,1000,1,700,300,1000,,,,,,,,,,,,,,
core3,1.2.3.4.5.7.14,res_decay_resist,res_quality,res_flavor,res_potential_energy,,,,,,,,1,1000,1,1000,1,700,300,1000,,,,,,,,,,,,,,
core3,1.2.3.4.5.7.15,res_decay_resist,res_quality,res_flavor,res_potential_energy,,,,,,,,1,1000,1,1000,1,700,300,1000,,,,,,,,,,,,,,
core3,1.2.3.4.5.7.16,res_decay_resist,res_quality,res_flavor,res_potential_energy,,,,,,,,1,1000,1,1000,1,700,300,1000,,,,,,,,,,,,,,
core3,1.2.3.4.5.7.17,res_decay_resist,res_quality,res_flavor,res_potential_energy,,,,,,,,1,1000,1,1000,1,700,300,1000,,,,,,,,,,,,,,
core3,1.2.3.4.5.7.18,,,,,,,,,,,,,,,,,,,,,,,,,,,,,,,,,
core3,1.2.3.4.5.7.19,,,,,,,,,,,,,,,,,,,,,,,,,,,,,,,,,
core3,1.2.3.4.5.7.8,res_decay_resist,res_quality,res_flavor,res_potential_energy,,,,,,,,1,1000,1,1000,1,700,300,1000,,,,,,,,,,,,,,
core3,1.2.3.4.5.7.9,res_decay_resist,res_quality,res_flavor,res_potential_energy,,,,,,,,1,1000,1,1000,1,700,300,1000,,,,,,,,,,,,,,
core3,1.526,res_decay_resist,res_quality,res_potential_energy,res_toughness,res_shock_resistance,res_toughness,res_shock_resistance,res_conductivity,,,,1,1000,1,1000,1,1000,1,1000,1,1000,1,1000,1,1000,1,1000,,,,,,
core3,1.526.527,res_decay_resist,res_quality,res_potential_energy,res_toughness,res_shock_resistance,,,,,,,1,1000,1,1000,1,1000,1,1000,1,1000,,,,,,,,,,,,
core3,1.526.527.528,res_decay_resist,res_quality,,,,,,,,,,200,200,200,200,200,200,,,,,,,,,,,,,,,,
core3,1.526.527.529,res_decay_resist,res_quality,res_potential_energy,,,,,,,,,1,1000,1,1000,1,1000,,,,,,,,,,,,,,,,
core3,1.526.527.529.530,res_decay_resist,res_quality,res_potential_energy,,,,,,,,,1,1000,1,1000,1,1000,,,,,,,,,,,,,,,,
core3,1.526.527.529.531,res_decay_resist,res_quality,res_potential_energy,,,,,,,,,1,1000,1,1000,1,1000,,,,,,,,,,,,,,,,
core3,1.526.527.529.531.532,res_decay_resist,res_quality,res_potential_energy,,,,,,,,,1,600,1,1000,1,1000,,,,,,,,,,,,,,,,
core3,1.526.527.529.531.533,res_decay_resist,res_quality,res_potential_energy,,,,,,,,,1,600,1,1000,1,1000,,,,,,,,,,,,,,,,
core3,1.526.527.529.531.534,res_decay_resist,res_quality,res_potential_energy,,,,,,,,,1,600,1,1000,1,1000,,,,,,,,,,,,,,,,
core3,1.526.527.529.531.535,res_decay_resist,res_quality,res_potential_energy,,,,,,,,,1,600,1,1000,1,1000,,,,,,,,,,,,,,,,
core3,1.526.527.529.531.536,res_decay_resist,res_quality,res_potential_energy,,,,,,,,,1,600,1,1000,1,1000,,,,,,,,,,,,,,,,
core3,1.526.527.529.531.537,res_decay_resist,res_quality,res_potential_energy,,,,,,,,,1,600,1,1000,1,1000,,,,,,,,,,,,,,,,
core3,1.526.527.529.531.538,res_decay_resist,res_quality,res_potential_energy,,,,,,,,,1,600,1,1000,1,1000,,,,,,,,,,,,,,,,
core3,1.526.527.529.531.539,,,,,,,,,,,,,,,,,,,,,,,,,,,,,,,,,
core3,1.526.527.540,res_decay_resist,res_quality,res_malleability,res_toughness,res_shock_resistance,,,,,,,1,1000,1,1000,1,1000,1,1000,1,1000,,,,,,,,,,,,
core3,1.526.527.540.541,res_decay_resist,res_quality,,,,,,,,,,1,1000,1,1000,,,,,,,,,,,,,,,,,,
core3,1.526.527.540.542,res_decay_resist,res_quality,res_malleability,res_toughness,res_shock_resistance,,,,,,,1,1000,1,1000,1,1000,1,1000,1,1000,,,,,,,,,,,,
core3,1.526.527.543,res_decay_resist,res_quality,res_malleability,res_toughness,res_shock_resistance,,,,,,,1,1000,1,1000,1,1000,1,1000,1,1000,,,,,,,,,,,,
core3,1.526.527.543.544,res_decay_resist,res_quality,res_malleability,res_toughness,res_shock_resistance,,,,,,,1,1000,1,1000,1,1000,1,1000,1,1000,,,,,,,,,,,,
core3,1.526.527.543.545,res_decay_resist,res_quality,res_malleability,res_toughness,res_shock_resistance,,,,,,,1,1000,1,1000,1,1000,1,1000,1,1000,,,,,,,,,,,,
core3,1.526.527.543.546,res_decay_resist,res_quality,res_malleability,res_toughness,res_shock_resistance,,,,,,,1,1000,1,1000,1,1000,1,1000,1,1000,,,,,,,,,,,,
core3,1.526.527.543.547,res_decay_resist,res_quality,res_malleability,res_toughness,res_shock_resistance,,,,,,,1,1000,1,1000,1,1000,1,1000,1,1000,,,,,,,,,,,,
core3,1.526.527.543.548,res_decay_resist,res_quality,res_malleability,res_toughness,res_shock_resistance,,,,,,,1,1000,1,1000,1,1000,1,1000,1,1000,,,,,,,,,,,,
core3,1.526.527.543.549,res_decay_resist,res_quality,res_malleability,res_toughness,res_shock_resistance,,,,,,,1,1000,1,1000,1,1000,1,1000,1,1000,,,,,,,,,,,,
core3,1.526.527.543.550,res_decay_resist,res_quality,res_malleability,res_toughness,res_shock_resistance,,,,,,,1,1000,1,1000,1,1000,1,1000,1,1000,,,,,,,,,,,,
core3,1.526.527.543.551,res_decay_resist,res_quality,res_malleability,res_toughness,res_shock_resistance,,,,,,,1,1000,1,1000,1,1000,1,1000,1,1000,,,,,,,,,,,,
core3,1.526.527.543.552,res_decay_resist,res_quality,res_malleability,res_toughness,res_shock_resistance,,,,,,,1,1000,1,1000,1,1000,1,1000,1,1000,,,,,,,,,,,,
core3,1.526.527.543.553,res_decay_resist,res_quality,res_malleability,res_toughness,res_shock_resistance,,,,,,,1,1000,1,1000,1,1000,1,1000,1,1000,,,,,,,,,,,,
core3,1.526.527.543.554,res_decay_resist,res_quality,res_malleability,res_toughness,res_shock_resistance,,,,,,,1,1000,1,1000,1,1000,1,1000,1,1000,,,,,,,,,,,,
core3,1.526.527.543.555,,,,,,,,,,,,,,,,,,,,,,,,,,,,,,,,,
core3,1.526.527.543.556,,,,,,,,,,,,,,,,,,,,,,,,,,,,,,,,,
core3,1.526.557,res_decay_resist,res_quality,,,,,,,,,,1,1000,1,1000,,,,,,,,,,,,,,,,,,
core3,1.526.557.558,res_decay_resist,res_quality,,,,,,,,,,200,200,200,200,,,,,,,,,,,,,,,,,,
core3,1.526.557.559,res_decay_resist,res_quality,,,,,,,,,,1,1000,600,1000,,,,,,,,,,,,,,,,,,
core3,1.526.557.560,res_decay_resist,res_quality,,,,,,,,,,1,1000,600,1000,,,,,,,,,,,,,,,,,,
core3,1.526.557.561,res_decay_resist,res_quality,,,,,,,,,,1,1000,600,1000,,,,,,,,,,,,,,,,,,
core3,1.526.557.562,res_decay_resist,res_quality,,,,,,,,,,1,1000,600,1000,,,,,,,,,,,,,,,,,,
core3,1.526.557.563,res_decay_resist,res_quality,,,,,,,,,,1,1000,600,1000,,,,,,,,,,,,,,,,,,
core3,1.526.557.564,res_decay_resist,res_quality,,,,,,,,,,1,1000,600,1000,,,,,,,,,,,,,,,,,,
core3,1.526.557.565,res_decay_resist,res_quality,,,,,,,,,,1,1000,600,1000,,,,,,,,,,,,,,,,,,
core3,1.526.557.566,res_decay_resist,res_quality,,,,,,,,,,1,1000,600,1000,,,,,,,,,,,,,,,,,,
core3,1.526.557.567,res_decay_resist,res_quality,,,,,,,,,,1,1000,600,1000,,,,,,,,,,,,,,,,,,
core3,1.526.557.568,res_decay_resist,res_quality,,,,,,,,,,1,1000,600,1000,,,,,,,,,,,,,,,,,,
core3,1.526.557.569,,,,,,,,,,,,,,,,,,,,,,,,,,,,,,,,,
core3,1.526.557.570,,,,,,,,,,,,,,,,,,,,,,,,,,,,,,,,,
core3,1.526.571,res_decay_resist,res_quality,res_cold_resist,res_heat_resist,res_malleability,res_toughness,res_shock_resistance,res_conductivity,,,,1,1000,1,1000,1,1000,1,1000,1,1000,1,1000,1,1000,1,1000,,,,,,
core3,1.526.571.572,res_decay_resist,res_quality,res_potential_energy,,,,,,,,,1,1000,1,1000,1,1000,,,,,,,,,,,,,,,,
core3,1.526.571.572.573,res_decay_resist,res_quality,res_potential_energy,,,,,,,,,200,200,200,200,200,200,,,,,,,,,,,,,,,,
core3,1.526.571.572.574,res_decay_resist,res_quality,res_potential_energy,,,,,,,,,1,1000,1,1000,1,1000,,,,,,,,,,,,,,,,
core3,1.526.571.572.575,res_decay_resist,res_quality,res_potential_energy,,,,,,,,,1,1000,1,1000,300,1000,,,,,,,,,,,,,,,,
core3,1.526.571.572.575.576,res_decay_resist,res_quality,res_potential_energy,,,,,,,,,1,149,1,1000,300,430,,,,,,,,,,,,,,,,
core3,1.526.571.572.575.577,res_decay_resist,res_quality,res_potential_energy,,,,,,,,,81,264,1,1000,370,530,,,,,,,,,,,,,,,,
core3,1.526.571.572.575.578,res_decay_resist,res_quality,res_potential_energy,,,,,,,,,195,378,1,1000,470,630,,,,,,,,,,,,,,,,
core3,1.526.571.572.575.579,res_decay_resist,res_quality,res_potential_energy,,,,,,,,,309,492,1,1000,570,730,,,,,,,,,,,,,,,,
core3,1.526.571.572.575.580,res_decay_resist,res_quality,res_potential_energy,,,,,,,,,423,606,1,1000,670,830,,,,,,,,,,,,,,,,
core3,1.526.571.572.575.581,res_decay_resist,res_quality,res_potential_energy,,,,,,,,,537,720,1,1000,770,930,,,,,,,,,,,,,,,,
core3,1.526.571.572.575.582,res_decay_resist,res_quality,res_potential_energy,,,,,,,,,652,800,1,1000,870,1000,,,,,,,,,,,,,,,,
core3,1.526.571.572.575.583,,,,,,,,,,,,,,,,,,,,,,,,,,,,,,,,,
core3,1.526.571.584,res_decay_resist,res_quality,res_potential_energy,,,,,,,,,1,1000,1,1000,1,1000,,,,,,,,,,,,,,,,
core3,1.526.571.584.585,res_decay_resist,res_quality,res_potential_energy,,,,,,,,,200,200,200,200,200,200,,,,,,,,,,,,,,,,
core3,1.526.571.584.586,res_decay_resist,res_quality,res_potential_energy,,,,,,,,,1,800,1,1000,1,1000,,,,,,,,,,,,,,,,
core3,1.526.571.584.587,res_decay_resist,res_quality,res_potential_energy,,,,,,,,,1,1000,1,1000,1,1000,,,,,,,,,,,,,,,,
core3,1.526.571.584.587.588,res_decay_resist,res_quality,res_potential_energy,,,,,,,,,400,474,1,1000,500,593,,,,,,,,,,,,,,,,
core3,1.526.571.584.587.589,res_decay_resist,res_quality,res_potential_energy,,,,,,,,,440,531,1,1000,550,664,,,,,,,,,,,,,,,,
core3,1.526.571.584.587.590,res_decay_resist,res_quality,res_potential_energy,,,,,,,,,497,589,1,1000,621,736,,,,,,,,,,,,,,,,
core3,1.526.571.584.587.591,res_decay_resist,res_quality,res_potential_energy,,,,,,,,,554,646,1,1000,693,807,,,,,,,,,,,,,,,,
core3,1.526.571.584.587.592,res_decay_resist,res_quality,res_potential_energy,,,,,,,,,611,703,1,1000,764,879,,,,,,,,,,,,,,,,
core3,1.526.571.584.587.593,res_decay_resist,res_quality,res_potential_energy,,,,,,,,,669,760,1,1000,836,950,,,,,,,,,,,,,,,,
core3,1.526.571.584.587.594,res_decay_resist,res_quality,res_potential_energy,,,,,,,,,726,800,1,1000,907,1000,889,1000,,,,,,,,,,,,,,
core3,1.526.571.584.587.595,,,,,,,,,,,,,,,,,,,,,,,,,,,,,,,,,
core3,1.526.571.584.587.596,res_decay_resist,res_quality,res_potential_energy,,,,,,,,,1,1000,1,1000,1,1000,1,1000,,,,,,,,,,,,,,
core3,1.526.571.597,res_decay_resist,res_quality,res_cold_resist,res_heat_resist,res_malleability,res_toughness,res_shock_resistance,res_conductivity,,,,1,1000,1,1000,1,1000,1,1000,1,1000,1,1000,1,1000,1,1000,,,,,,
core3,1.526.571.597.598,res_decay_resist,res_quality,res_cold_resist,res_heat_resist,res_malleability,res_toughness,res_shock_resistance,res_conductivity,,,,1,1000,1,1000,1,1000,1,1000,1,1000,1,1000,1,1000,1,1000,,,,,,
core3,1.526.571.597.598.599,res_decay_resist,res_quality,res_cold_resist,res_heat_resist,res_malleability,res_toughness,res_shock_resistance,res_conductivity,,,,200,200,200,200,200,200,200,200,200,200,200,200,200,200,200,200,,,,,,
core3,1.526.571.597.598.600,res_decay_resist,res_quality,res_cold_resist,res_heat_resist,res_malleability,res_toughness,res_shock_resistance,res_conductivity,,,,300,1000,1,1000,1,800,300,1000,1,600,400,1000,400,1000,1,650,,,,,,
core3,1.526.571.597.598.601,res_decay_resist,res_quality,res_cold_resist,res_heat_resist,res_malleability,res_toughness,res_shock_resistance,res_conductivity,,,,1,1000,1,1000,1,1000,1,1000,1,1000,1,1000,1,1000,1,1000,,,,,,
core3,1.526.571.597.598.601.602,res_decay_resist,res_quality,res_cold_resist,res_heat_resist,res_malleability,res_toughness,res_shock_resistance,res_conductivity,,,,200,200,200,200,200,200,200,200,200,200,200,200,200,200,200,200,,,,,,
core3,1.526.571.597.598.601.603,res_decay_resist,res_quality,res_cold_resist,res_heat_resist,res_malleability,res_toughness,res_shock_resistance,res_conductivity,,,,500,565,1,1000,1,105,600,652,1,53,400,478,500,565,1,85,,,,,,
core3,1.526.571.597.598.601.604,res_decay_resist,res_quality,res_cold_resist,res_heat_resist,res_malleability,res_toughness,res_shock_resistance,res_conductivity,,,,535,615,1,1000,57,185,628,692,29,93,442,538,535,615,46,150,,,,,,
core3,1.526.571.597.598.601.605,res_decay_resist,res_quality,res_cold_resist,res_heat_resist,res_malleability,res_toughness,res_shock_resistance,res_conductivity,,,,585,665,1,1000,137,265,668,732,69,133,502,598,585,665,111,215,,,,,,
core3,1.526.571.597.598.601.606,res_decay_resist,res_quality,res_cold_resist,res_heat_resist,res_malleability,res_toughness,res_shock_resistance,res_conductivity,,,,635,715,1,1000,217,345,708,772,109,173,562,658,635,715,176,280,,,,,,
core3,1.526.571.597.598.601.607,res_decay_resist,res_quality,res_cold_resist,res_heat_resist,res_malleability,res_toughness,res_shock_resistance,res_conductivity,,,,685,765,1,1000,297,424,748,812,149,212,622,718,685,765,241,345,,,,,,
core3,1.526.571.597.598.601.608,res_decay_resist,res_quality,res_cold_resist,res_heat_resist,res_malleability,res_toughness,res_shock_resistance,res_conductivity,,,,735,815,1,1000,377,504,788,852,189,252,682,778,735,815,306,410,,,,,,
core3,1.526.571.597.598.601.609,res_decay_resist,res_quality,res_cold_resist,res_heat_resist,res_malleability,res_toughness,res_shock_resistance,res_conductivity,,,,785,865,1,1000,456,584,828,892,228,292,742,838,785,865,371,475,,,,,,
core3,1.526.571.597.598.601.610,res_decay_resist,res_quality,res_cold_resist,res_heat_resist,res_malleability,res_toughness,res_shock_resistance,res_conductivity,,,,835,915,1,1000,536,664,868,932,268,332,802,898,835,915,436,540,,,,,,
core3,1.526.571.597.598.601.611,res_decay_resist,res_quality,res_cold_resist,res_heat_resist,res_malleability,res_toughness,res_shock_resistance,res_conductivity,,,,885,965,1,1000,616,744,908,972,308,372,862,958,885,965,501,605,,,,,,
core3,1.526.571.597.598.601.612,res_decay_resist,res_quality,res_cold_resist,res_heat_resist,res_malleability,res_toughness,res_shock_resistance,res_conductivity,,,,1,1000,1,1000,1,1000,1,1000,1,1000,1,1000,1,1000,1,1000,,,,,,
core3,1.526.571.597.598.601.613,res_decay_resist,res_quality,res_cold_resist,res_heat_resist,res_malleability,res_toughness,res_shock_resistance,res_conductivity,,,,1,1000,1,1000,1,1000,1,1000,1,1000,1,1000,1,1000,1,1000,,,,,,
core3,1.526.571.597.598.601.614,res_decay_resist,res_quality,res_cold_resist,res_heat_resist,res_malleability,res_toughness,res_shock_resistance,res_conductivity,,,,935,1000,1,1000,696,800,948,1000,348,400,922,1000,935,1000,566,650,,,,,,
core3,1.526.571.597.598.601.615,,,,,,,,,,,,,,,,,,,,,,,,,,,,,,,,,
core3,1.526.571.597.598.616,res_decay_resist,res_quality,res_cold_resist,res_heat_resist,res_malleability,res_toughness,res_shock_resistance,res_conductivity,,,,200,1000,1,1000,1,800,200,1000,1,600,200,1000,200,1000,1,500,,,,,,
core3,1.526.571.597.598.616.617,res_decay_resist,res_quality,res_cold_resist,res_heat_resist,res_malleability,res_toughness,res_shock_resistance,res_conductivity,,,,200,200,200,200,200,200,200,200,200,200,200,200,200,200,200,200,,,,,,
core3,1.526.571.597.598.616.618,res_decay_resist,res_quality,res_cold_resist,res_heat_resist,res_malleability,res_toughness,res_shock_resistance,res_conductivity,,,,300,414,1,1000,1,131,500,581,1,98,400,498,400,498,1,82,,,,,,
core3,1.526.571.597.598.616.619,res_decay_resist,res_quality,res_cold_resist,res_heat_resist,res_malleability,res_toughness,res_shock_resistance,res_conductivity,,,,361,501,1,1000,71,231,544,644,53,173,453,573,453,573,45,144,,,,,,
core3,1.526.571.597.598.616.620,res_decay_resist,res_quality,res_cold_resist,res_heat_resist,res_malleability,res_toughness,res_shock_resistance,res_conductivity,,,,559,589,1,1000,171,331,606,706,128,248,528,648,528,648,107,207,,,,,,
core3,1.526.571.597.598.616.621,res_decay_resist,res_quality,res_cold_resist,res_heat_resist,res_malleability,res_toughness,res_shock_resistance,res_conductivity,,,,536,676,1,1000,271,430,669,769,203,323,603,723,603,723,169,269,,,,,,
core3,1.526.571.597.598.616.622,res_decay_resist,res_quality,res_cold_resist,res_heat_resist,res_malleability,res_toughness,res_shock_resistance,res_conductivity,,,,624,764,1,1000,371,530,731,831,278,398,678,798,678,798,232,332,,,,,,
core3,1.526.571.597.598.616.623,res_decay_resist,res_quality,res_cold_resist,res_heat_resist,res_malleability,res_toughness,res_shock_resistance,res_conductivity,,,,711,851,1,1000,470,630,794,894,353,473,753,873,753,873,294,394,,,,,,
core3,1.526.571.597.598.616.624,res_decay_resist,res_quality,res_cold_resist,res_heat_resist,res_malleability,res_toughness,res_shock_resistance,res_conductivity,,,,799,939,1,1000,570,730,856,956,428,548,828,948,828,948,357,456,,,,,,
core3,1.526.571.597.598.616.625,res_decay_resist,res_quality,res_cold_resist,res_heat_resist,res_malleability,res_toughness,res_shock_resistance,res_conductivity,,,,886,1000,1,1000,670,800,919,1000,503,600,903,1000,903,1000,419,500,,,,,,
core3,1.526.571.597.598.616.626,,,,,,,,,,,,,,,,,,,,,,,,,,,,,,,,,
core3,1.526.571.597.627,res_decay_resist,res_quality,res_cold_resist,res_heat_resist,res_malleability,res_toughness,res_shock_resistance,res_conductivity,,,,1,1000,1,1000,1,1000,1,1000,1,1000,1,1000,1,1000,1,1000,,,,,,
core3,1.526.571.597.627.628,res_decay_resist,res_quality,res_cold_resist,res_heat_resist,res_malleability,res_toughness,res_shock_resistance,res_conductivity,,,,200,200,200,200,200,200,200,200,200,200,200,200,200,200,200,200,,,,,,
core3,1.526.571.597.627.629,res_decay_resist,res_quality,res_cold_resist,res_heat_resist,res_malleability,res_toughness,res_shock_resistance,res_conductivity,,,,1,700,1,1000,1,800,200,800,300,1000,300,1000,300,900,300,1000,,,,,,
core3,1.526.571.597.627.630,res_decay_resist,res_quality,res_cold_resist,res_heat_resist,res_malleability,res_toughness,res_shock_resistance,res_conductivity,,,,1,1000,1,1000,1,1000,1,1000,1,1000,1,1000,1,1000,1,1000,,,,,,
core3,1.526.571.597.627.630.631,res_decay_resist,res_quality,res_cold_resist,res_heat_resist,res_malleability,res_toughness,res_shock_resistance,res_conductivity,,,,200,200,200,200,200,200,200,200,200,200,200,200,200,200,200,200,,,,,,
core3,1.526.571.597.627.630.632,res_decay_resist,res_quality,res_cold_resist,res_heat_resist,res_malleability,res_toughness,res_shock_resistance,res_conductivity,,,,1,174,1,1000,1,174,200,330,300,452,300,430,300,430,300,408,,,,,,
core3,1.526.571.597.627.630.633,res_decay_resist,res_quality,res_cold_resist,res_heat_resist,res_malleability,res_toughness,res_shock_resistance,res_conductivity,,,,94,307,1,1000,94,307,270,430,382,568,370,530,370,530,358,492,,,,,,
core3,1.526.571.597.627.630.634,res_decay_resist,res_quality,res_cold_resist,res_heat_resist,res_malleability,res_toughness,res_shock_resistance,res_conductivity,,,,227,440,1,1000,227,440,370,530,498,685,470,630,470,630,442,575,,,,,,
core3,1.526.571.597.627.630.635,res_decay_resist,res_quality,res_cold_resist,res_heat_resist,res_malleability,res_toughness,res_shock_resistance,res_conductivity,,,,361,574,1,1000,361,574,470,630,615,802,570,730,570,730,525,658,,,,,,
core3,1.526.571.597.627.630.636,res_decay_resist,res_quality,res_cold_resist,res_heat_resist,res_malleability,res_toughness,res_shock_resistance,res_conductivity,,,,494,707,1,1000,494,707,570,730,732,918,670,830,670,830,608,742,,,,,,
core3,1.526.571.597.627.630.637,res_decay_resist,res_quality,res_cold_resist,res_heat_resist,res_malleability,res_toughness,res_shock_resistance,res_conductivity,,,,1,1000,1,1000,1,1000,1,1000,1,1000,1,1000,1,1000,1,1000,,,,,,
core3,1.526.571.597.627.630.638,res_decay_resist,res_quality,res_cold_resist,res_heat_resist,res_malleability,res_toughness,res_shock_resistance,res_conductivity,,,,627,800,1,1000,627,800,670,800,848,1000,770,900,770,900,692,800,,,,,,
core3,1.526.571.597.627.630.639,,,,,,,,,,,,,,,,,,,,,,,,,,,,,,,,,
core3,1.526.571.597.627.640,res_decay_resist,res_quality,res_cold_resist,res_heat_resist,res_malleability,res_toughness,res_shock_resistance,res_conductivity,,,,1,1000,1,1000,1,1000,1,1000,1,1000,1,1000,1,1000,1,1000,,,,,,
core3,1.526.571.597.627.640.641,res_decay_resist,res_quality,res_cold_resist,res_heat_resist,res_malleability,res_toughness,res_shock_resistance,res_conductivity,,,,200,200,200,200,200,200,200,200,200,200,200,200,200,200,200,200,,,,,,
core3,1.526.571.597.627.640.642,res_decay_resist,res_quality,res_cold_resist,res_heat_resist,res_malleability,res_toughness,res_shock_resistance,res_conductivity,,,,1,102,1,1000,1,116,200,265,500,572,300,372,300,372,500,572,,,,,,
core3,1.526.571.597.627.640.643,res_decay_resist,res_quality,res_cold_resist,res_heat_resist,res_malleability,res_toughness,res_shock_resistance,res_conductivity,,,,55,180,1,1000,63,205,235,315,539,628,339,428,339,428,539,628,,,,,,
core3,1.526.571.597.627.640.644,res_decay_resist,res_quality,res_cold_resist,res_heat_resist,res_malleability,res_toughness,res_shock_resistance,res_conductivity,,,,133,257,1,1000,152,294,285,365,594,683,394,483,394,483,594,683,,,,,,
core3,1.526.571.597.627.640.645,res_decay_resist,res_quality,res_cold_resist,res_heat_resist,res_malleability,res_toughness,res_shock_resistance,res_conductivity,,,,211,335,1,1000,241,383,335,415,650,739,450,539,450,539,650,739,,,,,,
core3,1.526.571.597.627.640.646,res_decay_resist,res_quality,res_cold_resist,res_heat_resist,res_malleability,res_toughness,res_shock_resistance,res_conductivity,,,,288,413,1,1000,329,472,385,465,706,794,506,594,506,594,706,794,,,,,,
core3,1.526.571.597.627.640.647,res_decay_resist,res_quality,res_cold_resist,res_heat_resist,res_malleability,res_toughness,res_shock_resistance,res_conductivity,,,,366,490,1,1000,418,560,435,515,761,850,561,650,561,650,761,850,,,,,,
core3,1.526.571.597.627.640.648,res_decay_resist,res_quality,res_cold_resist,res_heat_resist,res_malleability,res_toughness,res_shock_resistance,res_conductivity,,,,444,568,1,1000,507,649,485,565,817,906,617,706,617,706,817,906,,,,,,
core3,1.526.571.597.627.640.649,res_decay_resist,res_quality,res_cold_resist,res_heat_resist,res_malleability,res_toughness,res_shock_resistance,res_conductivity,,,,521,646,1,1000,596,738,535,615,872,961,672,761,672,761,872,961,,,,,,
core3,1.526.571.597.627.640.650,res_decay_resist,res_quality,res_cold_resist,res_heat_resist,res_malleability,res_toughness,res_shock_resistance,res_conductivity,,,,599,700,1,1000,685,800,585,650,928,1000,728,800,728,800,928,1000,,,,,,
core3,1.526.571.597.627.640.651,res_decay_resist,res_quality,res_cold_resist,res_heat_resist,res_malleability,res_toughness,res_shock_resistance,res_conductivity,,,,1,1000,1,1000,1,1000,1,1000,1,1000,1,1000,1,1000,1,1000,,,,,,
core3,1.526.571.597.627.640.652,,,,,,,,,,,,,,,,,,,,,,,,,,,,,,,,,
core3,1.526.571.653,res_decay_resist,res_quality,res_cold_resist,res_heat_resist,res_malleability,res_toughness,res_shock_resistance,,,,,1,1000,1,1000,1,1000,1,1000,1,1000,1,1000,1,1000,,,,,,,,
core3,1.526.571.653.654,res_decay_resist,res_quality,res_cold_resist,res_heat_resist,res_malleability,res_toughness,res_shock_resistance,,,,,200,1000,1,1000,200,1000,200,1000,1,800,1,1000,1,1000,,,,,,,,
core3,1.526.571.653.654.655,res_decay_resist,res_quality,res_cold_resist,res_heat_resist,res_malleability,res_toughness,res_shock_resistance,,,,,200,200,200,200,200,200,200,200,200,200,200,200,200,200,,,,,,,,
core3,1.526.571.653.654.656,res_decay_resist,res_quality,res_cold_resist,res_heat_resist,res_malleability,res_toughness,res_shock_resistance,,,,,300,1000,1,1000,200,1000,400,1000,1,800,400,1000,400,1000,,,,,,,,
core3,1.526.571.653.654.657,res_decay_resist,res_quality,res_cold_resist,res_heat_resist,res_malleability,res_toughness,res_shock_resistance,,,,,300,1000,1,1000,200,1000,400,1000,1,600,400,1000,400,1000,,,,,,,,
core3,1.526.571.653.654.657.658,res_decay_resist,res_quality,res_cold_resist,res_heat_resist,res_malleability,res_toughness,res_shock_resistance,,,,,300,391,1,1000,200,304,400,478,1,79,400,478,400,478,,,,,,,,
core3,1.526.571.653.654.657.659,res_decay_resist,res_quality,res_cold_resist,res_heat_resist,res_malleability,res_toughness,res_shock_resistance,,,,,349,461,1,1000,256,384,442,538,43,139,442,538,442,538,,,,,,,,
core3,1.526.571.653.654.657.660,res_decay_resist,res_quality,res_cold_resist,res_heat_resist,res_malleability,res_toughness,res_shock_resistance,,,,,419,531,1,1000,336,464,502,598,103,199,502,598,502,598,,,,,,,,
core3,1.526.571.653.654.657.661,res_decay_resist,res_quality,res_cold_resist,res_heat_resist,res_malleability,res_toughness,res_shock_resistance,,,,,489,601,1,1000,416,544,562,658,163,259,562,658,562,658,,,,,,,,
core3,1.526.571.653.654.657.662,res_decay_resist,res_quality,res_cold_resist,res_heat_resist,res_malleability,res_toughness,res_shock_resistance,,,,,559,671,1,1000,496,624,622,718,223,318,622,718,622,718,,,,,,,,
core3,1.526.571.653.654.657.663,res_decay_resist,res_quality,res_cold_resist,res_heat_resist,res_malleability,res_toughness,res_shock_resistance,,,,,629,741,1,1000,576,704,682,778,283,378,682,778,682,778,,,,,,,,
core3,1.526.571.653.654.657.664,res_decay_resist,res_quality,res_cold_resist,res_heat_resist,res_malleability,res_toughness,res_shock_resistance,,,,,699,811,1,1000,656,784,742,838,342,438,742,838,742,838,,,,,,,,
core3,1.526.571.653.654.657.665,res_decay_resist,res_quality,res_cold_resist,res_heat_resist,res_malleability,res_toughness,res_shock_resistance,,,,,769,881,1,1000,736,864,802,898,402,498,802,898,802,898,,,,,,,,
core3,1.526.571.653.654.657.666,res_decay_resist,res_quality,res_cold_resist,res_heat_resist,res_malleability,res_toughness,res_shock_resistance,,,,,839,951,1,1000,816,944,862,958,462,558,862,958,862,958,,,,,,,,
core3,1.526.571.653.654.657.667,res_decay_resist,res_quality,res_cold_resist,res_heat_resist,res_malleability,res_toughness,res_shock_resistance,,,,,909,1000,1,1000,896,1000,922,1000,522,600,922,1000,922,1000,,,,,,,,
core3,1.526.571.653.654.657.668,,,,,,,,,,,,,,,,,,,,,,,,,,,,,,,,,
core3,1.526.571.653.654.669,res_decay_resist,res_quality,res_cold_resist,res_heat_resist,res_malleability,res_toughness,res_shock_resistance,,,,,300,1000,1,1000,200,1000,700,1000,1,600,400,1000,500,1000,,,,,,,,
core3,1.526.571.653.654.669.670,res_decay_resist,res_quality,res_cold_resist,res_heat_resist,res_malleability,res_toughness,res_shock_resistance,,,,,300,401,1,1000,200,316,700,743,1,88,400,487,500,572,,,,,,,,
core3,1.526.571.653.654.669.671,res_decay_resist,res_quality,res_cold_resist,res_heat_resist,res_malleability,res_toughness,res_shock_resistance,,,,,354,479,1,1000,262,404,723,777,48,154,447,553,539,628,,,,,,,,
core3,1.526.571.653.654.669.672,res_decay_resist,res_quality,res_cold_resist,res_heat_resist,res_malleability,res_toughness,res_shock_resistance,,,,,432,557,1,1000,351,493,757,810,114,221,513,620,594,683,,,,,,,,
core3,1.526.571.653.654.669.673,res_decay_resist,res_quality,res_cold_resist,res_heat_resist,res_malleability,res_toughness,res_shock_resistance,,,,,510,634,1,1000,440,582,790,843,181,287,580,687,650,739,,,,,,,,
core3,1.526.571.653.654.669.674,res_decay_resist,res_quality,res_cold_resist,res_heat_resist,res_malleability,res_toughness,res_shock_resistance,,,,,588,712,1,1000,529,671,823,877,247,354,647,753,706,794,,,,,,,,
core3,1.526.571.653.654.669.675,res_decay_resist,res_quality,res_cold_resist,res_heat_resist,res_malleability,res_toughness,res_shock_resistance,,,,,666,790,1,1000,618,760,857,910,314,420,713,820,761,850,,,,,,,,
core3,1.526.571.653.654.669.676,res_decay_resist,res_quality,res_cold_resist,res_heat_resist,res_malleability,res_toughness,res_shock_resistance,,,,,743,868,1,1000,707,849,890,943,380,487,780,887,817,906,,,,,,,,
core3,1.526.571.653.654.669.677,res_decay_resist,res_quality,res_cold_resist,res_heat_resist,res_malleability,res_toughness,res_shock_resistance,,,,,821,946,1,1000,796,938,923,977,447,553,847,953,872,961,,,,,,,,
core3,1.526.571.653.654.669.678,res_decay_resist,res_quality,res_cold_resist,res_heat_resist,res_malleability,res_toughness,res_shock_resistance,,,,,899,1000,1,1000,884,1000,957,1000,513,600,913,1000,928,1000,,,,,,,,
core3,1.526.571.653.654.669.679,,,,,,,,,,,,,,,,,,,,,,,,,,,,,,,,,
core3,1.526.571.653.680,res_decay_resist,res_quality,res_cold_resist,res_heat_resist,res_malleability,res_toughness,res_shock_resistance,,,,,1,1000,1,1000,1,1000,1,1000,1,1000,1,1000,1,1000,,,,,,,,
core3,1.526.571.653.680.681,res_decay_resist,res_quality,res_cold_resist,res_heat_resist,res_malleability,res_toughness,res_shock_resistance,,,,,200,200,200,200,200,200,200,200,200,200,200,200,200,200,,,,,,,,
core3,1.526.571.653.680.682,res_decay_resist,res_quality,res_cold_resist,res_heat_resist,res_malleability,res_toughness,res_shock_resistance,,,,,1,700,1,1000,300,1000,300,1000,300,1000,1,1000,1,700,,,,,,,,
core3,1.526.571.653.680.683,res_decay_resist,res_quality,res_cold_resist,res_heat_resist,res_malleability,res_toughness,res_shock_resistance,,,,,1,700,1,1000,300,1000,400,1000,300,1000,200,1000,1,700,,,,,,,,
core3,1.526.571.653.680.683.684,res_decay_resist,res_quality,res_cold_resist,res_heat_resist,res_malleability,res_toughness,res_shock_resistance,,,,,1,115,1,1000,300,414,400,498,300,414,200,330,1,115,,,,,,,,
core3,1.526.571.653.680.683.685,res_decay_resist,res_quality,res_cold_resist,res_heat_resist,res_malleability,res_toughness,res_shock_resistance,,,,,62,202,1,1000,361,501,453,573,361,501,270,430,62,202,,,,,,,,
core3,1.526.571.653.680.683.686,res_decay_resist,res_quality,res_cold_resist,res_heat_resist,res_malleability,res_toughness,res_shock_resistance,,,,,150,289,1,1000,449,589,528,648,449,589,370,530,150,289,,,,,,,,
core3,1.526.571.653.680.683.687,res_decay_resist,res_quality,res_cold_resist,res_heat_resist,res_malleability,res_toughness,res_shock_resistance,,,,,237,377,1,1000,536,676,603,723,536,676,470,630,237,377,,,,,,,,
core3,1.526.571.653.680.683.688,res_decay_resist,res_quality,res_cold_resist,res_heat_resist,res_malleability,res_toughness,res_shock_resistance,,,,,324,464,1,1000,624,764,678,798,624,764,570,730,324,464,,,,,,,,
core3,1.526.571.653.680.683.689,res_decay_resist,res_quality,res_cold_resist,res_heat_resist,res_malleability,res_toughness,res_shock_resistance,,,,,412,551,1,1000,711,851,753,873,711,851,670,830,412,551,,,,,,,,
core3,1.526.571.653.680.683.690,res_decay_resist,res_quality,res_cold_resist,res_heat_resist,res_malleability,res_toughness,res_shock_resistance,,,,,499,639,1,1000,799,939,828,948,799,939,770,930,499,639,,,,,,,,
core3,1.526.571.653.680.683.691,res_decay_resist,res_quality,res_cold_resist,res_heat_resist,res_malleability,res_toughness,res_shock_resistance,,,,,586,700,1,1000,886,1000,903,1000,886,1000,870,1000,586,700,,,,,,,,
core3,1.526.571.653.680.692,res_decay_resist,res_quality,res_cold_resist,res_heat_resist,res_malleability,res_toughness,res_shock_resistance,,,,,1,1000,1,1000,1,1000,1,1000,1,1000,1,1000,1,1000,,,,,,,,
core3,1.526.571.653.680.692.693,res_decay_resist,res_quality,res_cold_resist,res_heat_resist,res_malleability,res_toughness,res_shock_resistance,,,,,200,200,200,200,200,200,200,200,200,200,200,200,200,200,,,,,,,,
core3,1.526.571.653.680.692.694,res_decay_resist,res_quality,res_cold_resist,res_heat_resist,res_malleability,res_toughness,res_shock_resistance,,,,,1,152,1,1000,300,452,300,452,300,452,1,152,1,131,,,,,,,,
core3,1.526.571.653.680.692.695,res_decay_resist,res_quality,res_cold_resist,res_heat_resist,res_malleability,res_toughness,res_shock_resistance,,,,,83,269,1,1000,382,568,382,568,382,568,83,269,71,231,,,,,,,,
core3,1.526.571.653.680.692.696,res_decay_resist,res_quality,res_cold_resist,res_heat_resist,res_malleability,res_toughness,res_shock_resistance,,,,,199,385,1,1000,498,685,498,685,498,685,199,385,171,330,,,,,,,,
core3,1.526.571.653.680.692.697,res_decay_resist,res_quality,res_cold_resist,res_heat_resist,res_malleability,res_toughness,res_shock_resistance,,,,,316,502,1,1000,615,802,615,802,615,802,316,502,271,430,,,,,,,,
core3,1.526.571.653.680.692.698,res_decay_resist,res_quality,res_cold_resist,res_heat_resist,res_malleability,res_toughness,res_shock_resistance,,,,,432,618,1,1000,732,918,732,918,732,918,432,618,370,530,,,,,,,,
core3,1.526.571.653.680.692.699,res_decay_resist,res_quality,res_cold_resist,res_heat_resist,res_malleability,res_toughness,res_shock_resistance,,,,,1,1000,1,1000,1,1000,1,1000,1,1000,1,1000,1,1000,,,,,,,,
core3,1.526.571.653.680.692.700,res_decay_resist,res_quality,res_cold_resist,res_heat_resist,res_malleability,res_toughness,res_shock_resistance,,,,,549,700,1,1000,848,1000,848,1000,848,1000,549,700,470,600,,,,,,,,
core3,1.526.571.701,res_decay_resist,res_quality,res_cold_resist,res_heat_resist,res_malleability,res_toughness,res_shock_resistance,entangle_resistance,,,,1,1000,1,1000,1,1000,200,1000,1,700,1,1000,1,1000,1,1000,,,,,,
core3,1.526.571.701.702,res_decay_resist,res_quality,res_cold_resist,res_heat_resist,res_malleability,res_toughness,res_shock_resistance,entangle_resistance,,,,200,200,200,200,200,200,200,200,200,200,200,200,200,200,200,200,,,,,,
core3,1.526.571.701.703,res_decay_resist,res_quality,res_cold_resist,res_heat_resist,res_malleability,res_toughness,res_shock_resistance,entangle_resistance,,,,1,1000,1,1000,1,1000,600,1000,1,600,1,1000,1,1000,1,1000,,,,,,
core3,1.526.571.701.704,res_decay_resist,res_quality,res_cold_resist,res_heat_resist,res_malleability,res_toughness,res_shock_resistance,entangle_resistance,,,,1,1000,1,1000,1,1000,600,1000,1,600,1,1000,1,1000,1,800,,,,,,
core3,1.526.571.701.704.705,res_decay_resist,res_quality,res_cold_resist,res_heat_resist,res_malleability,res_toughness,res_shock_resistance,entangle_resistance,,,,1,131,1,1000,1,131,600,652,1,79,1,131,1,131,1,105,,,,,,
core3,1.526.571.701.704.706,res_decay_resist,res_quality,res_cold_resist,res_heat_resist,res_malleability,res_toughness,res_shock_resistance,entangle_resistance,,,,71,231,1,1000,71,231,628,692,43,139,71,231,71,231,57,185,,,,,,
core3,1.526.571.701.704.707,res_decay_resist,res_quality,res_cold_resist,res_heat_resist,res_malleability,res_toughness,res_shock_resistance,entangle_resistance,,,,171,331,1,1000,171,331,668,732,103,199,171,331,171,331,137,265,,,,,,
core3,1.526.571.701.704.708,res_decay_resist,res_quality,res_cold_resist,res_heat_resist,res_malleability,res_toughness,res_shock_resistance,entangle_resistance,,,,271,431,1,1000,271,431,708,772,163,259,271,431,271,431,217,345,,,,,,
core3,1.526.571.701.704.709,res_decay_resist,res_quality,res_cold_resist,res_heat_resist,res_malleability,res_toughness,res_shock_resistance,entangle_resistance,,,,371,530,1,1000,371,530,748,812,223,318,371,530,371,530,297,424,,,,,,
core3,1.526.571.701.704.710,res_decay_resist,res_quality,res_cold_resist,res_heat_resist,res_malleability,res_toughness,res_shock_resistance,entangle_resistance,,,,471,630,1,1000,471,630,788,852,283,378,471,630,471,630,377,504,,,,,,
core3,1.526.571.701.704.711,res_decay_resist,res_quality,res_cold_resist,res_heat_resist,res_malleability,res_toughness,res_shock_resistance,entangle_resistance,,,,570,730,1,1000,570,730,828,892,342,438,570,730,570,730,456,584,,,,,,
core3,1.526.571.701.704.712,res_decay_resist,res_quality,res_cold_resist,res_heat_resist,res_malleability,res_toughness,res_shock_resistance,entangle_resistance,,,,670,830,1,1000,670,830,868,932,402,498,670,830,670,830,536,664,,,,,,
core3,1.526.571.701.704.713,res_decay_resist,res_quality,res_cold_resist,res_heat_resist,res_malleability,res_toughness,res_shock_resistance,entangle_resistance,,,,770,930,1,1000,770,930,908,972,462,558,770,930,770,930,616,744,,,,,,
core3,1.526.571.701.704.714,res_decay_resist,res_quality,res_cold_resist,res_heat_resist,res_malleability,res_toughness,res_shock_resistance,entangle_resistance,,,,870,1000,1,1000,870,1000,948,1000,522,600,870,1000,870,1000,696,800,,,,,,
core3,1.526.571.701.704.715,,,,,,,,,,,,,,,,,,,,,,,,,,,,,,,,,
core3,1.526.571.701.704.716,,,,,,,,,,,,,,,,,,,,,,,,,,,,,,,,,
core3,1.526.571.701.717,res_decay_resist,res_quality,res_cold_resist,res_heat_resist,res_malleability,res_toughness,res_shock_resistance,entangle_resistance,,,,1,1000,1,1000,1,1000,700,1000,1,400,300,1000,300,1000,500,1000,,,,,,
core3,1.526.571.701.717.718,res_decay_resist,res_quality,res_cold_resist,res_heat_resist,res_malleability,res_toughness,res_shock_resistance,entangle_resistance,,,,1,163,1,1000,1,163,700,749,1,66,300,414,300,414,500,581,,,,,,
core3,1.526.571.701.717.719,res_decay_resist,res_quality,res_cold_resist,res_heat_resist,res_malleability,res_toughness,res_shock_resistance,entangle_resistance,,,,88,288,1,1000,88,288,726,786,36,116,361,501,361,501,544,644,,,,,,
core3,1.526.571.701.717.720,res_decay_resist,res_quality,res_cold_resist,res_heat_resist,res_malleability,res_toughness,res_shock_resistance,entangle_resistance,,,,213,413,1,1000,213,413,764,824,86,166,449,589,449,589,606,706,,,,,,
core3,1.526.571.701.717.721,res_decay_resist,res_quality,res_cold_resist,res_heat_resist,res_malleability,res_toughness,res_shock_resistance,entangle_resistance,,,,338,538,1,1000,338,538,801,861,136,215,536,676,536,676,669,769,,,,,,
core3,1.526.571.701.717.722,res_decay_resist,res_quality,res_cold_resist,res_heat_resist,res_malleability,res_toughness,res_shock_resistance,entangle_resistance,,,,463,663,1,1000,463,663,839,899,186,265,624,764,624,764,731,831,,,,,,
core3,1.526.571.701.717.723,res_decay_resist,res_quality,res_cold_resist,res_heat_resist,res_malleability,res_toughness,res_shock_resistance,entangle_resistance,,,,588,788,1,1000,588,788,876,936,235,315,711,851,711,851,794,894,,,,,,
core3,1.526.571.701.717.724,res_decay_resist,res_quality,res_cold_resist,res_heat_resist,res_malleability,res_toughness,res_shock_resistance,entangle_resistance,,,,713,913,1,1000,713,913,914,974,285,365,799,939,799,939,856,956,,,,,,
core3,1.526.571.701.717.725,res_decay_resist,res_quality,res_cold_resist,res_heat_resist,res_malleability,res_toughness,res_shock_resistance,entangle_resistance,,,,838,1000,1,1000,838,1000,951,1000,335,400,886,1000,886,1000,919,1000,,,,,,
core3,1.526.571.701.717.726,,,,,,,,,,,,,,,,,,,,,,,,,,,,,,,,,
core3,1.526.571.701.717.727,,,,,,,,,,,,,,,,,,,,,,,,,,,,,,,,,
core3,1.526.728,res_decay_resist,res_quality,,,,,,,,,,1,1000,1,1000,,,,,,,,,,,,,,,,,,
core3,1.526.728.729,res_decay_resist,res_quality,,,,,,,,,,1,1000,1,1000,,,,,,,,,,,,,,,,,,
core3,1.526.728.729.730,res_decay_resist,res_quality,,,,,,,,,,1,1000,1,1000,,,,,,,,,,,,,,,,,,
core3,1.526.728.729.731,res_decay_resist,res_quality,,,,,,,,,,1,1000,1,1000,,,,,,,,,,,,,,,,,,
core3,1.526.728.729.731.732,res_decay_resist,res_quality,,,,,,,,,,200,200,200,200,,,,,,,,,,,,,,,,,,
core3,1.526.728.729.731.733,res_decay_resist,res_quality,,,,,,,,,,1,400,1,1000,,,,,,,,,,,,,,,,,,
core3,1.526.728.729.731.734,res_decay_resist,res_quality,,,,,,,,,,100,600,1,1000,,,,,,,,,,,,,,,,,,
core3,1.526.728.729.731.735,res_decay_resist,res_quality,,,,,,,,,,200,700,1,1000,,,,,,,,,,,,,,,,,,
core3,1.526.728.729.731.736,res_decay_resist,res_quality,,,,,,,,,,300,800,1,1000,,,,,,,,,,,,,,,,,,
core3,1.526.728.729.731.737,res_decay_resist,res_quality,,,,,,,,,,300,900,1,1000,,,,,,,,,,,,,,,,,,
core3,1.526.728.729.731.738,res_decay_resist,res_quality,,,,,,,,,,400,900,1,1000,,,,,,,,,,,,,,,,,,
core3,1.526.728.729.731.739,res_decay_resist,res_quality,,,,,,,,,,1,1000,1,1000,,,,,,,,,,,,,,,,,,
core3,1.526.728.729.731.740,res_decay_resist,res_quality,,,,,,,,,,500,1000,1,1000,,,,,,,,,,,,,,,,,,
core3,1.526.728.729.731.741,,,,,,,,,,,,,,,,,,,,,,,,,,,,,,,,,
core3,1.526.728.742,res_decay_resist,res_quality,,,,,,,,,,1,1000,1,1000,,,,,,,,,,,,,,,,,,
core3,1.526.728.742.743,res_decay_resist,res_quality,,,,,,,,,,1,1000,1,1000,,,,,,,,,,,,,,,,,,
core3,1.526.728.742.744,res_decay_resist,res_quality,,,,,,,,,,1,800,1,1000,,,,,,,,,,,,,,,,,,
core3,1.526.728.742.744.745,res_decay_resist,res_quality,,,,,,,,,,200,200,200,200,,,,,,,,,,,,,,,,,,
core3,1.526.728.742.744.746,res_decay_resist,res_quality,,,,,,,,,,1,81,1,1000,,,,,,,,,,,,,,,,,,
core3,1.526.728.742.744.747,res_decay_resist,res_quality,,,,,,,,,,44,142,1,1000,,,,,,,,,,,,,,,,,,
core3,1.526.728.742.744.748,res_decay_resist,res_quality,,,,,,,,,,105,204,1,1000,,,,,,,,,,,,,,,,,,
core3,1.526.728.742.744.749,res_decay_resist,res_quality,,,,,,,,,,167,265,1,1000,,,,,,,,,,,,,,,,,,
core3,1.526.728.742.744.750,res_decay_resist,res_quality,,,,,,,,,,228,327,1,1000,,,,,,,,,,,,,,,,,,
core3,1.526.728.742.744.751,res_decay_resist,res_quality,,,,,,,,,,290,388,1,1000,,,,,,,,,,,,,,,,,,
core3,1.526.728.742.744.752,res_decay_resist,res_quality,,,,,,,,,,351,450,1,1000,,,,,,,,,,,,,,,,,,
core3,1.526.728.742.744.753,res_decay_resist,res_quality,,,,,,,,,,413,511,1,1000,,,,,,,,,,,,,,,,,,
core3,1.526.728.742.744.754,res_decay_resist,res_quality,,,,,,,,,,474,573,1,1000,,,,,,,,,,,,,,,,,,
core3,1.526.728.742.744.755,res_decay_resist,res_quality,,,,,,,,,,536,634,1,1000,,,,,,,,,,,,,,,,,,
core3,1.526.728.742.744.756,res_decay_resist,res_quality,,,,,,,,,,597,696,1,1000,,,,,,,,,,,,,,,,,,
core3,1.526.728.742.744.757,res_decay_resist,res_quality,,,,,,,,,,659,757,1,1000,,,,,,,,,,,,,,,,,,
core3,1.526.728.742.744.758,res_decay_resist,res_quality,,,,,,,,,,720,800,1,1000,,,,,,,,,,,,,,,,,,
core3,1.759,res_quality,res_potential_energy,res_decay_resist,,,,,,,,,1,1000,1,1000,1,1000,,,,,,,,,,,,,,,,
core3,1.759.760,res_quality,res_potential_energy,,,,,,,,,,1,1000,1,1000,,,,,,,,,,,,,,,,,,
core3,1.759.760.761,res_quality,res_potential_energy,,,,,,,,,,1,1000,1,1000,,,,,,,,,,,,,,,,,,
core3,1.759.760.761.762,res_quality,res_potential_energy,,,,,,,,,,200,500,1,500,,,,,,,,,,,,,,,,,,
core3,1.759.760.761.762.763,res_quality,res_potential_energy,,,,,,,,,,200,200,200,200,,,,,,,,,,,,,,,,,,
core3,1.759.760.761.762.764,res_quality,res_potential_energy,,,,,,,,,,500,500,1,500,,,,,,,,,,,,,,,,,,
core3,1.759.760.761.762.765,res_quality,res_potential_energy,,,,,,,,,,500,500,1,500,,,,,,,,,,,,,,,,,,
core3,1.759.760.761.762.766,res_quality,res_potential_energy,,,,,,,,,,500,500,1,500,,,,,,,,,,,,,,,,,,
core3,1.759.760.761.762.767,res_quality,res_potential_energy,,,,,,,,,,500,500,1,500,,,,,,,,,,,,,,,,,,
core3,1.759.760.761.762.768,res_quality,res_potential_energy,,,,,,,,,,500,500,1,500,,,,,,,,,,,,,,,,,,
core3,1.759.760.761.762.769,res_quality,res_potential_energy,,,,,,,,,,500,500,1,500,,,,,,,,,,,,,,,,,,
core3,1.759.760.761.762.770,res_quality,res_potential_energy,,,,,,,,,,500,500,1,500,,,,,,,,,,,,,,,,,,
core3,1.759.760.761.762.771,res_quality,res_potential_energy,,,,,,,,,,500,500,1,500,,,,,,,,,,,,,,,,,,
core3,1.759.760.761.762.772,res_quality,res_potential_energy,,,,,,,,,,500,500,1,500,,,,,,,,,,,,,,,,,,
core3,1.759.760.761.762.773,res_quality,res_potential_energy,,,,,,,,,,500,500,1,500,,,,,,,,,,,,,,,,,,
core3,1.759.760.761.762.774,,,,,,,,,,,,,,,,,,,,,,,,,,,,,,,,,
core3,1.759.760.761.775,res_quality,res_potential_energy,,,,,,,,,,200,500,1,500,,,,,,,,,,,,,,,,,,
core3,1.759.760.761.775.776,res_quality,res_potential_energy,,,,,,,,,,200,200,200,200,,,,,,,,,,,,,,,,,,
core3,1.759.760.761.775.777,res_quality,res_potential_energy,,,,,,,,,,500,500,1,500,,,,,,,,,,,,,,,,,,
core3,1.759.760.761.775.778,res_quality,res_potential_energy,,,,,,,,,,500,500,1,500,,,,,,,,,,,,,,,,,,
core3,1.759.760.761.775.779,res_quality,res_potential_energy,,,,,,,,,,500,500,1,500,,,,,,,,,,,,,,,,,,
core3,1.759.760.761.775.780,res_quality,res_potential_energy,,,,,,,,,,500,500,1,500,,,,,,,,,,,,,,,,,,
core3,1.759.760.761.775.781,res_quality,res_potential_energy,,,,,,,,,,500,500,1,500,,,,,,,,,,,,,,,,,,
core3,1.759.760.761.775.782,res_quality,res_potential_energy,,,,,,,,,,500,500,1,500,,,,,,,,,,,,,,,,,,
core3,1.759.760.761.775.783,res_quality,res_potential_energy,,,,,,,,,,500,500,1,500,,,,,,,,,,,,,,,,,,
core3,1.759.760.761.775.784,res_quality,res_potential_energy,,,,,,,,,,500,500,1,500,,,,,,,,,,,,,,,,,,
core3,1.759.760.761.775.785,res_quality,res_potential_energy,,,,,,,,,,500,500,1,500,,,,,,,,,,,,,,,,,,
core3,1.759.760.761.775.786,res_quality,res_potential_energy,,,,,,,,,,500,500,1,500,,,,,,,,,,,,,,,,,,
core3,1.759.760.761.775.787,,,,,,,,,,,,,,,,,,,,,,,,,,,,,,,,,
core3,1.759.760.761.788,res_quality,res_potential_energy,,,,,,,,,,200,500,1,500,,,,,,,,,,,,,,,,,,
core3,1.759.760.761.788.789,res_quality,res_potential_energy,,,,,,,,,,200,200,200,200,,,,,,,,,,,,,,,,,,
core3,1.759.760.761.788.790,res_quality,res_potential_energy,,,,,,,,,,500,500,1,500,,,,,,,,,,,,,,,,,,
core3,1.759.760.761.788.791,res_quality,res_potential_energy,,,,,,,,,,500,500,1,500,,,,,,,,,,,,,,,,,,
core3,1.759.760.761.788.792,res_quality,res_potential_energy,,,,,,,,,,500,500,1,500,,,,,,,,,,,,,,,,,,
core3,1.759.760.761.788.793,res_quality,res_potential_energy,,,,,,,,,,500,500,1,500,,,,,,,,,,,,,,,,,,
core3,1.759.760.761.788.794,res_quality,res_potential_energy,,,,,,,,,,500,500,1,500,,,,,,,,,,,,,,,,,,
core3,1.759.760.761.788.795,res_quality,res_potential_energy,,,,,,,,,,500,500,1,500,,,,,,,,,,,,,,,,,,
core3,1.759.760.761.788.796,res_quality,res_potential_energy,,,,,,,,,,500,500,1,500,,,,,,,,,,,,,,,,,,
core3,1.759.760.761.788.797,res_quality,res_potential_energy,,,,,,,,,,500,500,1,500,,,,,,,,,,,,,,,,,,
core3,1.759.760.761.788.798,res_quality,res_potential_energy,,,,,,,,,,500,500,1,500,,,,,,,,,,,,,,,,,,
core3,1.759.760.761.788.799,res_quality,res_potential_energy,,,,,,,,,,500,500,1,500,,,,,,,,,,,,,,,,,,
core3,1.759.760.761.788.800,,,,,,,,,,,,,,,,,,,,,,,,,,,,,,,,,
core3,1.759.760.801,res_quality,res_potential_energy,,,,,,,,,,1,500,1,600,,,,,,,,,,,,,,,,,,
core3,1.759.760.801.802,res_quality,res_potential_energy,,,,,,,,,,1,500,1,400,,,,,,,,,,,,,,,,,,
core3,1.759.760.801.802.803,res_quality,res_potential_energy,,,,,,,,,,200,200,200,200,,,,,,,,,,,,,,,,,,
core3,1.759.760.801.802.804,res_quality,res_potential_energy,,,,,,,,,,500,500,1,400,,,,,,,,,,,,,,,,,,
core3,1.759.760.801.802.805,res_quality,res_potential_energy,,,,,,,,,,500,500,1,400,,,,,,,,,,,,,,,,,,
core3,1.759.760.801.802.806,res_quality,res_potential_energy,,,,,,,,,,500,500,1,400,,,,,,,,,,,,,,,,,,
core3,1.759.760.801.802.807,res_quality,res_potential_energy,,,,,,,,,,500,500,1,400,,,,,,,,,,,,,,,,,,
core3,1.759.760.801.802.808,res_quality,res_potential_energy,,,,,,,,,,500,500,1,400,,,,,,,,,,,,,,,,,,
core3,1.759.760.801.802.809,res_quality,res_potential_energy,,,,,,,,,,500,500,1,400,,,,,,,,,,,,,,,,,,
core3,1.759.760.801.802.810,res_quality,res_potential_energy,,,,,,,,,,500,500,1,400,,,,,,,,,,,,,,,,,,
core3,1.759.760.801.802.811,res_quality,res_potential_energy,,,,,,,,,,500,500,1,400,,,,,,,,,,,,,,,,,,
core3,1.759.760.801.802.812,res_quality,res_potential_energy,,,,,,,,,,500,500,1,400,,,,,,,,,,,,,,,,,,
core3,1.759.760.801.802.813,res_quality,res_potential_energy,,,,,,,,,,500,500,1,400,,,,,,,,,,,,,,,,,,
core3,1.759.760.801.802.814,,,,,,,,,,,,,,,,,,,,,,,,,,,,,,,,,
core3,1.759.760.801.815,res_quality,res_potential_energy,,,,,,,,,,200,500,200,600,,,,,,,,,,,,,,,,,,
core3,1.759.760.801.815.816,res_quality,res_potential_energy,,,,,,,,,,200,200,200,200,,,,,,,,,,,,,,,,,,
core3,1.759.760.801.815.817,res_quality,res_potential_energy,,,,,,,,,,500,500,200,600,,,,,,,,,,,,,,,,,,
core3,1.759.760.801.815.818,res_quality,res_potential_energy,,,,,,,,,,500,500,200,600,,,,,,,,,,,,,,,,,,
core3,1.759.760.801.815.819,res_quality,res_potential_energy,,,,,,,,,,500,500,200,600,,,,,,,,,,,,,,,,,,
core3,1.759.760.801.815.820,res_quality,res_potential_energy,,,,,,,,,,500,500,200,600,,,,,,,,,,,,,,,,,,
core3,1.759.760.801.815.821,res_quality,res_potential_energy,,,,,,,,,,500,500,200,600,,,,,,,,,,,,,,,,,,
core3,1.759.760.801.815.822,res_quality,res_potential_energy,,,,,,,,,,500,500,200,600,,,,,,,,,,,,,,,,,,
core3,1.759.760.801.815.823,res_quality,res_potential_energy,,,,,,,,,,500,500,200,600,,,,,,,,,,,,,,,,,,
core3,1.759.760.801.815.824,res_quality,res_potential_energy,,,,,,,,,,500,500,200,600,,,,,,,,,,,,,,,,,,
core3,1.759.760.801.815.825,res_quality,res_potential_energy,,,,,,,,,,500,500,200,600,,,,,,,,,,,,,,,,,,
core3,1.759.760.801.815.826,res_quality,res_potential_energy,,,,,,,,,,500,500,200,600,,,,,,,,,,,,,,,,,,
core3,1.759.760.801.815.827,,,,,,,,,,,,,,,,,,,,,,,,,,,,,,,,,
core3,1.828,,,,,,,,,,,,,,,,,,,,,,,,,,,,,,,,,
core3,1.828.829,,,,,,,,,,,,,,,,,,,,,,,,,,,,,,,,,
core3,1.828.829.830,,,,,,,,,,,,,,,,,,,,,,,,,,,,,,,,,
core3,1.828.829.831,,,,,,,,,,,,,,,,,,,,,,,,,,,,,,,,,
core3,1.828.829.832,,,,,,,,,,,,,,,,,,,,,,,,,,,,,,,,,
core3,1.828.829.833,,,,,,,,,,,,,,,,,,,,,,,,,,,,,,,,,
core3,1.828.829.834,,,,,,,,,,,,,,,,,,,,,,,,,,,,,,,,,
core3,1.828.835,,,,,,,,,,,,,,,,,,,,,,,,,,,,,,,,,
core3,1.828.835.836,,,,,,,,,,,,,,,,,,,,,,,,,,,,,,,,,
core3,1.828.835.837,,,,,,,,,,,,,,,,,,,,,,,,,,,,,,,,,
core3,1.828.838,,,,,,,,,,,,,,,,,,,,,,,,,,,,,,,,,
core3,1.828.838.839,,,,,,,,,,,,,,,,,,,,,,,,,,,,,,,,,
core3,1.828.838.840,,,,,,,,,,,,,,,,,,,,,,,,,,,,,,,,,
core3,1.828.838.841,,,,,,,,,,,,,,,,,,,,,,,,,,,,,,,,,
core3,1.828.838.842,,,,,,,,,,,,,,,,,,,,,,,,,,,,,,,,,
core3,1.828.843,,,,,,,,,,,,,,,,,,,,,,,,,,,,,,,,,
core3,1.828.843.844,,,,,,,,,,,,,,,,,,,,,,,,,,,,,,,,,
core3,1.828.843.845,,,,,,,,,,,,,,,,,,,,,,,,,,,,,,,,,
live,1,res_decay_resist,res_quality,res_flavor,res_potential_energy,res_malleability,res_toughness,res_shock_resistance,res_cold_resist,res_heat_resist,res_conductivity,entangle_resistance,1,1000,1,1000,1,1000,1,1000,1,1000,1,1000,1,1000,1,1000,1,1000,1,1000,1,1000
live,1.2,res_decay_resist,res_quality,res_flavor,res_potential_energy,res_malleability,res_toughness,res_shock_resistance,,,,,1,1000,1,1000,1,1000,1,1000,1,1000,1,1000,1,1000,,,,,,,,
live,1.2.276,res_decay_resist,res_quality,res_flavor,res_potential_energy,res_malleability,res_toughness,res_shock_resistance,,,,,1,1000,1,1000,1,1000,1,1000,200,1000,1,800,1,700,,,,,,,,
live,1.2.276.277,res_decay_resist,res_quality,res_flavor,res_potential_energy,,,,,,,,1,1000,1,1000,1,1000,1,1000,,,,,,,,,,,,,,
live,1.2.276.277.278,res_decay_resist,res_quality,res_flavor,res_potential_energy,,,,,,,,1,1000,1,1000,1,1000,1,1000,,,,,,,,,,,,,,
live,1.2.276.277.278.279,res_decay_resist,res_quality,res_flavor,res_potential_energy,,,,,,,,200,200,200,200,200,200,200,200,,,,,,,,,,,,,,
live,1.2.276.277.278.280,res_decay_resist,res_quality,res_flavor,res_potential_energy,,,,,,,,1,1000,1,1000,1,1000,1,1000,,,,,,,,,,,,,,
live,1.2.276.277.278.280.281,res_decay_resist,res_quality,res_flavor,res_potential_energy,,,,,,,,1,1000,1,1000,1,700,300,1000,,,,,,,,,,,,,,
live,1.2.276.277.278.280.281.282,res_decay_resist,res_quality,res_flavor,res_potential_energy,,,,,,,,1,1000,1,1000,1,700,300,1000,,,,,,,,,,,,,,
live,1.2.276.277.278.280.281.283,res_decay_resist,res_quality,res_flavor,res_potential_energy,,,,,,,,1,1000,1,1000,1,700,300,1000,,,,,,,,,,,,,,
live,1.2.276.277.278.280.281.284,res_decay_resist,res_quality,res_flavor,res_potential_energy,,,,,,,,1,1000,1,1000,1,700,300,1000,,,,,,,,,,,,,,
live,1.2.276.277.278.280.281.285,res_decay_resist,res_quality,res_flavor,res_potential_energy,,,,,,,,1,1000,1,1000,1,700,300,1000,,,,,,,,,,,,,,
live,1.2.276.277.278.280.281.286,res_decay_resist,res_quality,res_flavor,res_potential_energy,,,,,,,,1,1000,1,1000,1,700,300,1000,,,,,,,,,,,,,,
live,1.2.276.277.278.280.281.287,res_decay_resist,res_quality,res_flavor,res_potential_energy,,,,,,,,1,1000,1,1000,1,700,300,1000,,,,,,,,,,,,,,
live,1.2.276.277.278.280.281.288,res_decay_resist,res_quality,res_flavor,res_potential_energy,,,,,,,,1,1000,1,1000,1,700,300,1000,,,,,,,,,,,,,,
live,1.2.276.277.278.280.281.289,res_decay_resist,res_quality,res_flavor,res_potential_energy,,,,,,,,1,1000,1,1000,1,700,300,1000,,,,,,,,,,,,,,
live,1.2.276.277.278.280.281.290,res_decay_resist,res_quality,res_flavor,res_potential_energy,,,,,,,,1,1000,1,1000,1,700,300,1000,,,,,,,,,,,,,,
live,1.2.276.277.278.280.281.291,res_decay_resist,res_quality,res_flavor,res_potential_energy,,,,,,,,1,1000,1,1000,1,700,300,1000,,,,,,,,,,,,,,
live,1.2.276.277.278.280.281.292,res_decay_resist,res_quality,res_flavor,res_potential_energy,,,,,,,,1,1000,1,1000,1,700,300,1000,,,,,,,,,,,,,,
live,1.2.276.277.278.280.281.293,res_decay_resist,res_quality,res_flavor,res_potential_energy,,,,,,,,1,1000,1,1000,1,700,300,1000,,,,,,,,,,,,,,
live,1.2.276.277.278.280.294,res_decay_resist,res_quality,res_flavor,res_potential_energy,,,,,,,,1,1000,1,1000,300,1000,1,700,,,,,,,,,,,,,,
live,1.2.276.277.278.280.294.295,res_decay_resist,res_quality,res_flavor,res_potential_energy,,,,,,,,1,1000,1,1000,300,1000,1,700,,,,,,,,,,,,,,
live,1.2.276.277.278.280.294.296,res_decay_resist,res_quality,res_flavor,res_potential_energy,,,,,,,,1,1000,1,1000,300,1000,1,700,,,,,,,,,,,,,,
live,1.2.276.277.278.280.294.297,res_decay_resist,res_quality,res_flavor,res_potential_energy,,,,,,,,1,1000,1,1000,300,1000,1,700,,,,,,,,,,,,,,
live,1.2.276.277.278.280.294.298,res_decay_resist,res_quality,res_flavor,res_potential_energy,,,,,,,,1,1000,1,1000,300,1000,1,700,,,,,,,,,,,,,,
live,1.2.276.277.278.280.294.299,res_decay_resist,res_quality,res_flavor,res_potential_energy,,,,,,,,1,1000,1,1000,300,1000,1,700,,,,,,,,,,,,,,
live,1.2.276.277.278.280.294.300,res_decay_resist,res_quality,res_flavor,res_potential_energy,,,,,,,,1,1000,1,1000,300,1000,1,700,,,,,,,,,,,,,,
live,1.2.276.277.278.280.294.301,res_decay_resist,res_quality,res_flavor,res_potential_energy,,,,,,,,1,1000,1,1000,300,1000,1,700,,,,,,,,,,,,,,
live,1.2.276.277.278.280.294.302,res_decay_resist,res_quality,res_flavor,res_potential_energy,,,,,,,,1,1000,1,1000,300,1000,1,700,,,,,,,,,,,,,,
live,1.2.276.277.278.280.294.303,res_decay_resist,res_quality,res_flavor,res_potential_energy,,,,,,,,1,1000,1,1000,300,1000,1,700,,,,,,,,,,,,,,
live,1.2.276.277.278.280.294.304,res_decay_resist,res_quality,res_flavor,res_potential_energy,,,,,,,,1,1000,1,1000,300,1000,1,700,,,,,,,,,,,,,,
live,1.2.276.277.278.280.294.305,res_decay_resist,res_quality,res_flavor,res_potential_energy,,,,,,,,1,1000,1,1000,300,1000,1,700,,,,,,,,,,,,,,
live,1.2.276.277.278.280.294.306,res_decay_resist,res_quality,res_flavor,res_potential_energy,,,,,,,,1,1000,1,1000,300,1000,1,700,,,,,,,,,,,,,,
live,1.2.276.277.278.307,res_decay_resist,res_quality,res_flavor,res_potential_energy,,,,,,,,1,1000,1,1000,1,1000,1,1000,,,,,,,,,,,,,,
live,1.2.276.277.278.307.308,res_decay_resist,res_quality,res_flavor,res_potential_energy,,,,,,,,1,1000,1,1000,1,700,300,1000,,,,,,,,,,,,,,
live,1.2.276.277.278.307.308.309,res_decay_resist,res_quality,res_flavor,res_potential_energy,,,,,,,,1,1000,1,1000,1,700,300,1000,,,,,,,,,,,,,,
live,1.2.276.277.278.307.308.310,res_decay_resist,res_quality,res_flavor,res_potential_energy,,,,,,,,1,1000,1,1000,1,700,300,1000,,,,,,,,,,,,,,
live,1.2.276.277.278.307.308.311,res_decay_resist,res_quality,res_flavor,res_potential_energy,,,,,,,,1,1000,1,1000,1,700,300,1000,,,,,,,,,,,,,,
live,1.2.276.277.278.307.308.312,res_decay_resist,res_quality,res_flavor,res_potential_energy,,,,,,,,1,1000,1,1000,1,700,300,1000,,,,,,,,,,,,,,
live,1.2.276.277.278.307.308.313,res_decay_resist,res_quality,res_flavor,res_potential_energy,,,,,,,,1,1000,1,1000,1,700,300,1000,,,,,,,,,,,,,,
live,1.2.276.277.278.307.308.314,res_decay_resist,res_quality,res_flavor,res_potential_energy,,,,,,,,1,1000,1,1000,1,700,300,1000,,,,,,,,,,,,,,
live,1.2.276.277.278.307.308.315,res_decay_resist,res_quality,res_flavor,res_potential_energy,,,,,,,,1,1000,1,1000,1,700,300,1000,,,,,,,,,,,,,,
live,1.2.276.277.278.307.308.316,res_decay_resist,res_quality,res_flavor,res_potential_energy,,,,,,,,1,1000,1,1000,1,700,300,1000,,,,,,,,,,,,,,
live,1.2.276.277.278.307.308.317,res_decay_resist,res_quality,res_flavor,res_potential_energy,,,,,,,,1,1000,1,1000,1,700,300,1000,,,,,,,,,,,,,,
live,1.2.276.277.278.307.308.318,res_decay_resist,res_quality,res_flavor,res_potential_energy,,,,,,,,1,1000,1,1000,1,700,300,1000,,,,,,,,,,,,,,
live,1.2.276.277.278.307.308.319,res_decay_resist,res_quality,res_flavor,res_potential_energy,,,,,,,,1,1000,1,1000,1,700,300,1000,,,,,,,,,,,,,,
live,1.2.276.277.278.307.308.320,res_decay_resist,res_quality,res_flavor,res_potential_energy,,,,,,,,1,1000,1,1000,1,700,300,1000,,,,,,,,,,,,,,
live,1.2.276.277.278.307.321,res_decay_resist,res_quality,res_flavor,res_potential_energy,,,,,,,,1,1000,1,1000,300,1000,1,700,,,,,,,,,,,,,,
live,1.2.276.277.278.307.321.322,res_decay_resist,res_quality,res_flavor,res_potential_energy,,,,,,,,1,1000,1,1000,300,1000,1,700,,,,,,,,,,,,,,
live,1.2.276.277.278.307.321.323,res_decay_resist,res_quality,res_flavor,res_potential_energy,,,,,,,,1,1000,1,1000,300,1000,1,700,,,,,,,,,,,,,,
live,1.2.276.277.278.307.321.324,res_decay_resist,res_quality,res_flavor,res_potential_energy,,,,,,,,1,1000,1,1000,300,1000,1,700,,,,,,,,,,,,,,
live,1.2.276.277.278.307.321.325,res_decay_resist,res_quality,res_flavor,res_potential_energy,,,,,,,,1,1000,1,1000,300,1000,1,700,,,,,,,,,,,,,,
live,1.2.276.277.278.307.321.326,res_decay_resist,res_quality,res_flavor,res_potential_energy,,,,,,,,1,1000,1,1000,300,1000,1,700,,,,,,,,,,,,,,
live,1.2.276.277.278.307.321.327,res_decay_resist,res_quality,res_flavor,res_potential_energy,,,,,,,,1,1000,1,1000,300,1000,1,700,,,,,,,,,,,,,,
live,1.2.276.277.278.307.321.328,res_decay_resist,res_quality,res_flavor,res_potential_energy,,,,,,,,1,1000,1,1000,300,1000,1,700,,,,,,,,,,,,,,
live,1.2.276.277.278.307.321.329,res_decay_resist,res_quality,res_flavor,res_potential_energy,,,,,,,,1,1000,1,1000,300,1000,1,700,,,,,,,,,,,,,,
live,1.2.276.277.278.307.321.330,res_decay_resist,res_quality,res_flavor,res_potential_energy,,,,,,,,1,1000,1,1000,300,1000,1,700,,,,,,,,,,,,,,
live,1.2.276.277.278.307.321.331,res_decay_resist,res_quality,res_flavor,res_potential_energy,,,,,,,,1,1000,1,1000,300,1000,1,700,,,,,,,,,,,,,,
live,1.2.276.277.278.307.321.332,res_decay_resist,res_quality,res_flavor,res_potential_energy,,,,,,,,1,1000,1,1000,300,1000,1,700,,,,,,,,,,,,,,
live,1.2.276.277.278.307.321.333,res_decay_resist,res_quality,res_flavor,res_potential_energy,,,,,,,,1,1000,1,1000,300,1000,1,700,,,,,,,,,,,,,,
live,1.2.276.277.278.334,res_decay_resist,res_quality,res_flavor,res_potential_energy,,,,,,,,1,1000,1,1000,1,1000,1,1000,,,,,,,,,,,,,,
live,1.2.276.277.278.334.335,res_decay_resist,res_quality,res_flavor,res_potential_energy,,,,,,,,1,1000,1,1000,1,700,300,1000,,,,,,,,,,,,,,
live,1.2.276.277.278.334.335.336,res_decay_resist,res_quality,res_flavor,res_potential_energy,,,,,,,,1,1000,1,1000,1,700,300,1000,,,,,,,,,,,,,,
live,1.2.276.277.278.334.335.337,res_decay_resist,res_quality,res_flavor,res_potential_energy,,,,,,,,1,1000,1,1000,1,700,300,1000,,,,,,,,,,,,,,
live,1.2.276.277.278.334.335.338,res_decay_resist,res_quality,res_flavor,res_potential_energy,,,,,,,,1,1000,1,1000,1,700,300,1000,,,,,,,,,,,,,,
live,1.2.276.277.278.334.335.339,res_decay_resist,res_quality,res_flavor,res_potential_energy,,,,,,,,1,1000,1,1000,1,700,300,1000,,,,,,,,,,,,,,
live,1.2.276.277.278.334.335.340,res_decay_resist,res_quality,res_flavor,res_potential_energy,,,,,,,,1,1000,1,1000,1,700,300,1000,,,,,,,,,,,,,,
live,1.2.276.277.278.334.335.341,res_decay_resist,res_quality,res_flavor,res_potential_energy,,,,,,,,1,1000,1,1000,1,700,300,1000,,,,,,,,,,,,,,
live,1.2.276.277.278.334.335.342,res_decay_resist,res_quality,res_flavor,res_potential_energy,,,,,,,,1,1000,1,1000,1,700,300,1000,,,,,,,,,,,,,,
live,1.2.276.277.278.334.335.343,res_decay_resist,res_quality,res_flavor,res_potential_energy,,,,,,,,1,1000,1,1000,1,700,300,1000,,,,,,,,,,,,,,
live,1.2.276.277.278.334.335.344,res_decay_resist,res_quality,res_flavor,res_potential_energy,,,,,,,,1,1000,1,1000,1,700,300,1000,,,,,,,,,,,,,,
live,1.2.276.277.278.334.335.345,res_decay_resist,res_quality,res_flavor,res_potential_energy,,,,,,,,1,1000,1,1000,1,700,300,1000,,,,,,,,,,,,,,
live,1.2.276.277.278.334.335.346,res_decay_resist,res_quality,res_flavor,res_potential_energy,,,,,,,,1,1000,1,1000,1,700,300,1000,,,,,,,,,,,,,,
live,1.2.276.277.278.334.335.347,res_decay_resist,res_quality,res_flavor,res_potential_energy,,,,,,,,1,1000,1,1000,1,700,300,1000,,,,,,,,,,,,,,
live,1.2.276.277.278.334.348,res_decay_resist,res_quality,res_flavor,res_potential_energy,,,,,,,,1,1000,1,1000,300,1000,1,700,,,,,,,,,,,,,,
live,1.2.276.277.278.334.348.349,res_decay_resist,res_quality,res_flavor,res_potential_energy,,,,,,,,1,1000,1,1000,300,1000,1,700,,,,,,,,,,,,,,
live,1.2.276.277.278.334.348.350,res_decay_resist,res_quality,res_flavor,res_potential_energy,,,,,,,,1,1000,1,1000,300,1000,1,700,,,,,,,,,,,,,,
live,1.2.276.277.278.334.348.351,res_decay_resist,res_quality,res_flavor,res_potential_energy,,,,,,,,1,1000,1,1000,300,1000,1,700,,,,,,,,,,,,,,
live,1.2.276.277.278.334.348.352,res_decay_resist,res_quality,res_flavor,res_potential_energy,,,,,,,,1,1000,1,1000,300,1000,1,700,,,,,,,,,,,,,,
live,1.2.276.277.278.334.348.353,res_decay_resist,res_quality,res_flavor,res_potential_energy,,,,,,,,1,1000,1,1000,300,1000,1,700,,,,,,,,,,,,,,
live,1.2.276.277.278.334.348.354,res_decay_resist,res_quality,res_flavor,res_potential_energy,,,,,,,,1,1000,1,1000,300,1000,1,700,,,,,,,,,,,,,,
live,1.2.276.277.278.334.348.355,res_decay_resist,res_quality,res_flavor,res_potential_energy,,,,,,,,1,1000,1,1000,300,1000,1,700,,,,,,,,,,,,,,
live,1.2.276.277.278.334.348.356,res_decay_resist,res_quality,res_flavor,res_potential_energy,,,,,,,,1,1000,1,1000,300,1000,1,700,,,,,,,,,,,,,,
live,1.2.276.277.278.334.348.357,res_decay_resist,res_quality,res_flavor,res_potential_energy,,,,,,,,1,1000,1,1000,300,1000,1,700,,,,,,,,,,,,,,
live,1.2.276.277.278.334.348.358,res_decay_resist,res_quality,res_flavor,res_potential_energy,,,,,,,,1,1000,1,1000,300,1000,1,700,,,,,,,,,,,,,,
live,1.2.276.277.278.334.348.359,res_decay_resist,res_quality,res_flavor,res_potential_energy,,,,,,,,1,1000,1,1000,300,1000,1,700,,,,,,,,,,,,,,
live,1.2.276.277.278.334.348.360,res_decay_resist,res_quality,res_flavor,res_potential_energy,,,,,,,,1,1000,1,1000,300,1000,1,700,,,,,,,,,,,,,,
live,1.2.276.277.278.361,res_decay_resist,res_quality,res_flavor,res_potential_energy,,,,,,,,1,1000,1,1000,1,1000,1,1000,,,,,,,,,,,,,,
live,1.2.276.277.278.361.362,res_decay_resist,res_quality,res_flavor,res_potential_energy,,,,,,,,1,1000,1,1000,1,700,300,1000,,,,,,,,,,,,,,
live,1.2.276.277.278.361.362.363,res_decay_resist,res_quality,res_flavor,res_potential_energy,,,,,,,,1,1000,1,1000,1,700,300,1000,,,,,,,,,,,,,,
live,1.2.276.277.278.361.362.364,res_decay_resist,res_quality,res_flavor,res_potential_energy,,,,,,,,1,1000,1,1000,1,700,300,1000,,,,,,,,,,,,,,
live,1.2.276.277.278.361.362.365,res_decay_resist,res_quality,res_flavor,res_potential_energy,,,,,,,,1,1000,1,1000,1,700,300,1000,,,,,,,,,,,,,,
live,1.2.276.277.278.361.362.366,res_decay_resist,res_quality,res_flavor,res_potential_energy,,,,,,,,1,1000,1,1000,1,700,300,1000,,,,,,,,,,,,,,
live,1.2.276.277.278.361.362.367,res_decay_resist,res_quality,res_flavor,res_potential_energy,,,,,,,,1,1000,1,1000,1,700,300,1000,,,,,,,,,,,,,,
live,1.2.276.277.278.361.362.368,res_decay_resist,res_quality,res_flavor,res_potential_energy,,,,,,,,1,1000,1,1000,1,700,300,1000,,,,,,,,,,,,,,
live,1.2.276.277.278.361.362.369,res_decay_resist,res_quality,res_flavor,res_potential_energy,,,,,,,,1,1000,1,1000,1,700,300,1000,,,,,,,,,,,,,,
live,1.2.276.277.278.361.362.370,res_decay_resist,res_quality,res_flavor,res_potential_energy,,,,,,,,1,1000,1,1000,1,700,300,1000,,,,,,,,,,,,,,
live,1.2.276.277.278.361.362.371,res_decay_resist,res_quality,res_flavor,res_potential_energy,,,,,,,,1,1000,1,1000,1,700,300,1000,,,,,,,,,,,,,,
live,1.2.276.277.278.361.362.372,res_decay_resist,res_quality,res_flavor,res_potential_energy,,,,,,,,1,1000,1,1000,1,700,300,1000,,,,,,,,,,,,,,
live,1.2.276.277.278.361.362.373,res_decay_resist,res_quality,res_flavor,res_potential_energy,,,,,,,,1,1000,1,1000,1,700,300,1000,,,,,,,,,,,,,,
live,1.2.276.277.278.361.362.374,res_decay_resist,res_quality,res_flavor,res_potential_energy,,,,,,,,1,1000,1,1000,1,700,300,1000,,,,,,,,,,,,,,
live,1.2.276.277.278.361.375,res_decay_resist,res_quality,res_flavor,res_potential_energy,,,,,,,,1,1000,1,1000,300,1000,1,700,,,,,,,,,,,,,,
live,1.2.276.277.278.361.375.376,res_decay_resist,res_quality,res_flavor,res_potential_energy,,,,,,,,1,1000,1,1000,300,1000,1,700,,,,,,,,,,,,,,
live,1.2.276.277.278.361.375.377,res_decay_resist,res_quality,res_flavor,res_potential_energy,,,,,,,,1,1000,1,1000,300,1000,1,700,,,,,,,,,,,,,,
live,1.2.276.277.278.361.375.378,res_decay_resist,res_quality,res_flavor,res_potential_energy,,,,,,,,1,1000,1,1000,300,1000,1,700,,,,,,,,,,,,,,
live,1.2.276.277.278.361.375.379,res_decay_resist,res_quality,res_flavor,res_potential_energy,,,,,,,,1,1000,1,1000,300,1000,1,700,,,,,,,,,,,,,,
live,1.2.276.277.278.361.375.380,res_decay_resist,res_quality,res_flavor,res_potential_energy,,,,,,,,1,1000,1,1000,300,1000,1,700,,,,,,,,,,,,,,
live,1.2.276.277.278.361.375.381,res_decay_resist,res_quality,res_flavor,res_potential_energy,,,,,,,,1,1000,1,1000,300,1000,1,700,,,,,,,,,,,,,,
live,1.2.276.277.278.361.375.382,res_decay_resist,res_quality,res_flavor,res_potential_energy,,,,,,,,1,1000,1,1000,300,1000,1,700,,,,,,,,,,,,,,
live,1.2.276.277.278.361.375.383,res_decay_resist,res_quality,res_flavor,res_potential_energy,,,,,,,,1,1000,1,1000,300,1000,1,700,,,,,,,,,,,,,,
live,1.2.276.277.278.361.375.384,res_decay_resist,res_quality,res_flavor,res_potential_energy,,,,,,,,1,1000,1,1000,300,1000,1,700,,,,,,,,,,,,,,
live,1.2.276.277.278.361.375.385,res_decay_resist,res_quality,res_flavor,res_potential_energy,,,,,,,,1,1000,1,1000,300,1000,1,700,,,,,,,,,,,,,,
live,1.2.276.277.278.361.375.386,res_decay_resist,res_quality,res_flavor,res_potential_energy,,,,,,,,1,1000,1,1000,300,1000,1,700,,,,,,,,,,,,,,
live,1.2.276.277.278.361.375.387,res_decay_resist,res_quality,res_flavor,res_potential_energy,,,,,,,,1,1000,1,1000,300,1000,1,700,,,,,,,,,,,,,,
live,1.2.276.277.388,res_decay_resist,res_quality,res_flavor,res_potential_energy,,,,,,,,1,1000,1,1000,1,1000,1,1000,,,,,,,,,,,,,,
live,1.2.276.277.388.389,res_decay_resist,res_quality,res_flavor,res_potential_energy,,,,,,,,1,1000,1,1000,1,1000,1,1000,,,,,,,,,,,,,,
live,1.2.276.277.388.389.390,res_decay_resist,res_quality,res_flavor,res_potential_energy,,,,,,,,200,200,200,200,200,200,200,200,,,,,,,,,,,,,,
live,1.2.276.277.388.389.391,res_decay_resist,res_quality,res_flavor,res_potential_energy,,,,,,,,1,1000,1,1000,1,1000,1,1000,,,,,,,,,,,,,,
live,1.2.276.277.388.389.391.392,res_decay_resist,res_quality,res_flavor,res_potential_energy,,,,,,,,1,1000,1,1000,1,1000,1,1000,,,,,,,,,,,,,,
live,1.2.276.277.388.389.391.393,res_decay_resist,res_quality,res_flavor,res_potential_energy,,,,,,,,1,1000,1,1000,1,1000,1,1000,,,,,,,,,,,,,,
live,1.2.276.277.388.389.391.394,res_decay_resist,res_quality,res_flavor,res_potential_energy,,,,,,,,1,1000,1,1000,1,1000,1,1000,,,,,,,,,,,,,,
live,1.2.276.277.388.389.391.395,res_decay_resist,res_quality,res_flavor,res_potential_energy,,,,,,,,1,1000,1,1000,1,1000,1,1000,,,,,,,,,,,,,,
live,1.2.276.277.388.389.391.396,res_decay_resist,res_quality,res_flavor,res_potential_energy,,,,,,,,1,1000,1,1000,1,1000,1,1000,,,,,,,,,,,,,,
live,1.2.276.277.388.389.391.397,res_decay_resist,res_quality,res_flavor,res_potential_energy,,,,,,,,1,1000,1,1000,1,1000,1,1000,,,,,,,,,,,,,,
live,1.2.276.277.388.389.391.398,res_decay_resist,res_quality,res_flavor,res_potential_energy,,,,,,,,1,1000,1,1000,1,1000,1,1000,,,,,,,,,,,,,,
live,1.2.276.277.388.389.391.399,res_decay_resist,res_quality,res_flavor,res_potential_energy,,,,,,,,1,1000,1,1000,1,1000,1,1000,,,,,,,,,,,,,,
live,1.2.276.277.388.389.391.400,res_decay_resist,res_quality,res_flavor,res_potential_energy,,,,,,,,1,1000,1,1000,1,1000,1,1000,,,,,,,,,,,,,,
live,1.2.276.277.388.389.391.401,res_decay_resist,res_quality,res_flavor,res_potential_energy,,,,,,,,1,1000,1,1000,1,1000,1,1000,,,,,,,,,,,,,,
live,1.2.276.277.388.389.391.402,res_decay_resist,res_quality,res_flavor,res_potential_energy,,,,,,,,1,1000,1,1000,1,1000,1,1000,,,,,,,,,,,,,,
live,1.2.276.277.388.389.391.403,res_decay_resist,res_quality,res_flavor,res_potential_energy,,,,,,,,1,1000,1,1000,1,1000,1,1000,,,,,,,,,,,,,,
live,1.2.276.277.388.389.404,res_decay_resist,res_quality,res_flavor,res_potential_energy,,,,,,,,1,1000,1,1000,1,1000,1,1000,,,,,,,,,,,,,,
live,1.2.276.277.388.389.404.405,res_decay_resist,res_quality,res_flavor,res_potential_energy,,,,,,,,1,1000,1,1000,1,1000,1,1000,,,,,,,,,,,,,,
live,1.2.276.277.388.389.404.406,res_decay_resist,res_quality,res_flavor,res_potential_energy,,,,,,,,1,1000,1,1000,1,1000,1,1000,,,,,,,,,,,,,,
live,1.2.276.277.388.389.404.407,res_decay_resist,res_quality,res_flavor,res_potential_energy,,,,,,,,1,1000,1,1000,1,1000,1,1000,,,,,,,,,,,,,,
live,1.2.276.277.388.389.404.408,res_decay_resist,res_quality,res_flavor,res_potential_energy,,,,,,,,1,1000,1,1000,1,1000,1,1000,,,,,,,,,,,,,,
live,1.2.276.277.388.389.404.409,res_decay_resist,res_quality,res_flavor,res_potential_energy,,,,,,,,1,1000,1,1000,1,1000,1,1000,,,,,,,,,,,,,,
live,1.2.276.277.388.389.404.410,res_decay_resist,res_quality,res_flavor,res_potential_energy,,,,,,,,1,1000,1,1000,1,1000,1,1000,,,,,,,,,,,,,,
live,1.2.276.277.388.389.404.411,res_decay_resist,res_quality,res_flavor,res_potential_energy,,,,,,,,1,1000,1,1000,1,1000,1,1000,,,,,,,,,,,,,,
live,1.2.276.277.388.389.404.412,res_decay_resist,res_quality,res_flavor,res_potential_energy,,,,,,,,1,1000,1,1000,1,1000,1,1000,,,,,,,,,,,,,,
live,1.2.276.277.388.389.404.413,res_decay_resist,res_quality,res_flavor,res_potential_energy,,,,,,,,1,1000,1,1000,1,1000,1,1000,,,,,,,,,,,,,,
live,1.2.276.277.388.389.404.414,res_decay_resist,res_quality,res_flavor,res_potential_energy,,,,,,,,1,1000,1,1000,1,1000,1,1000,,,,,,,,,,,,,,
live,1.2.276.277.388.389.404.415,res_decay_resist,res_quality,res_flavor,res_potential_energy,,,,,,,,1,1000,1,1000,1,1000,1,1000,,,,,,,,,,,,,,
live,1.2.276.277.388.389.404.416,res_decay_resist,res_quality,res_flavor,res_potential_energy,,,,,,,,1,1000,1,1000,1,1000,1,1000,,,,,,,,,,,,,,
live,1.2.276.277.388.389.417,res_decay_resist,res_quality,res_flavor,res_potential_energy,,,,,,,,1,1000,1,1000,1,1000,1,1000,,,,,,,,,,,,,,
live,1.2.276.277.388.389.417.418,res_decay_resist,res_quality,res_flavor,res_potential_energy,,,,,,,,1,1000,1,1000,1,1000,1,1000,,,,,,,,,,,,,,
live,1.2.276.277.388.389.417.419,res_decay_resist,res_quality,res_flavor,res_potential_energy,,,,,,,,1,1000,1,1000,1,1000,1,1000,,,,,,,,,,,,,,
live,1.2.276.277.388.389.417.420,res_decay_resist,res_quality,res_flavor,res_potential_energy,,,,,,,,1,1000,1,1000,1,1000,1,1000,,,,,,,,,,,,,,
live,1.2.276.277.388.389.417.421,res_decay_resist,res_quality,res_flavor,res_potential_energy,,,,,,,,1,1000,1,1000,1,1000,1,1000,,,,,,,,,,,,,,
live,1.2.276.277.388.389.417.422,res_decay_resist,res_quality,res_flavor,res_potential_energy,,,,,,,,1,1000,1,1000,1,1000,1,1000,,,,,,,,,,,,,,
live,1.2.276.277.388.389.417.423,res_decay_resist,res_quality,res_flavor,res_potential_energy,,,,,,,,1,1000,1,1000,1,1000,1,1000,,,,,,,,,,,,,,
live,1.2.276.277.388.389.417.424,res_decay_resist,res_quality,res_flavor,res_potential_energy,,,,,,,,1,1000,1,1000,1,1000,1,1000,,,,,,,,,,,,,,
live,1.2.276.277.388.389.417.425,res_decay_resist,res_quality,res_flavor,res_potential_energy,,,,,,,,1,1000,1,1000,1,1000,1,1000,,,,,,,,,,,,,,
live,1.2.276.277.388.389.417.426,res_decay_resist,res_quality,res_flavor,res_potential_energy,,,,,,,,1,1000,1,1000,1,1000,1,1000,,,,,,,,,,,,,,
live,1.2.276.277.388.389.417.427,res_decay_resist,res_quality,res_flavor,res_potential_energy,,,,,,,,1,1000,1,1000,1,1000,1,1000,,,,,,,,,,,,,,
live,1.2.276.277.388.389.417.428,res_decay_resist,res_quality,res_flavor,res_potential_energy,,,,,,,,1,1000,1,1000,1,1000,1,1000,,,,,,,,,,,,,,
