id,class_tree,name,planet,res_weight_rating,res_quality,res_quality_rating,res_decay_resist,res_decay_resist_rating,res_flavor,res_flavor_rating,res_potential_energy,res_potential_energy_rating,res_malleability,res_malleability_rating,res_toughness,res_toughness_rating,res_shock_resistance,res_shock_resistance_rating,res_cold_resist,res_cold_resist_rating,res_heat_resist,res_heat_resist_rating,res_conductivity,res_conductivity_rating,entangle_resistance,entangle_resistance_rating,is_active,date_reported,date_inactive,last_modified,server_id,notes,reporter_id,last_updated_by,waypoints
1,1.526.527.540.542,Uxiaceiism,"{Naboo,Rori,Lok,Corellia,Yavin,Endor,Dathomir,Talus}",0.287,268,0.268,17,0.017,,,,,297,0.297,664,0.664,187,0.187,,,,,,,,,FALSE,2025-12-30 04:01:38.721826+00,,2026-01-06 19:07:20.985042+00,cuemu,,1.5035E+17,,
2,1.2.276.277.278.280.294.300,Aodo,{Naboo},0.482,625,0.625,200,0.2,838,0.838,187,0.267,,,,,,,,,,,,,,,FALSE,2025-12-30 04:07:55.624808+00,,2026-01-16 09:53:09.684672+00,cuemu,,1.5035E+17,,
3,1.526.527.540.541,Wedooium,"{Naboo,Tatooine,Lok,Corellia,Yavin,Endor,Dathomir}",0.294,209,0.209,380,0.38,,,,,,,,,,,,,,,,,,,FALSE,2025-12-30 04:14:24.742496+00,,2026-01-05 14:16:54.196194+00,cuemu,,1.5035E+17,,
4,1.526.527.540.541,Secosis,"{Naboo,Rori,Tatooine,Lok,Yavin,Endor,Dantooine,Dathomir}",0.12,118,0.118,123,0.123,,,,,,,,,,,,,,,,,,,FALSE,2025-12-30 19:12:59.352372+00,,2026-01-05 14:16:48.583574+00,cuemu,"87% outside Entha 950, 980",1.5035E+17,,
5,1.526.571.584.587.594,Neba,"{Naboo,Rori,Corellia,Yavin,Dantooine,Endor,Dathomir,Talus}",0.795,462,0.462,774,0.968,,,954,0.954,,,,,,,,,,,,,,,FALSE,2025-12-30 04:03:04.60082+00,,2026-01-03 22:13:35.322776+00,cuemu,,1.1874E+17,,
6,1.526.571.653.680.692.698,Rewadaate,"{Naboo,Rori,Tatooine,Lok,Corellia,Yavin,Dantooine,Talus}",0.815,960,0.96,448,0.725,,,,,808,0.88,437,0.707,397,0.749,746,0.813,798,0.869,,,,,FALSE,2025-12-30 19:57:19.775452+00,,2026-01-07 01:39:10.72077+00,cuemu,,1.5035E+17,,
7,1.526.571.597.627.640.651,Cerairis,{Dantooine},0.346,415,0.415,508,0.508,,,,,703,0.703,93,0.093,196,0.196,329,0.329,443,0.443,83,0.083,,,FALSE,2025-12-30 03:57:58.034448+00,,2026-01-11 16:45:51.955617+00,cuemu,,1.5035E+17,,
8,1.2.276.277.388.443.471.477,Wipa,{Naboo},0.493,13,0.013,976,0.976,439,0.439,381,0.544,,,,,,,,,,,,,,,FALSE,2025-12-30 04:13:56.301645+00,,2026-01-05 03:28:35.912476+00,cuemu,,1.5035E+17,,
9,1.2.276.277.388.443.445.451,Srokie,{Naboo},0.315,423,0.423,319,0.319,263,0.263,253,0.253,,,,,,,,,,,,,,,FALSE,2025-12-30 04:12:46.465526+00,,2026-01-05 03:28:24.169646+00,cuemu,,1.5035E+17,,
10,1.2.276.277.388.389.417.423,Morame,{Naboo},0.325,115,0.115,285,0.285,565,0.565,335,0.335,,,,,,,,,,,,,,,FALSE,2025-12-30 04:12:07.86795+00,,2026-01-05 03:28:16.868512+00,cuemu,,1.5035E+17,,
11,1.2.276.277.278.334.335.341,Redela,{Naboo},0.23,137,0.137,51,0.051,228,0.326,406,0.406,,,,,,,,,,,,,,,FALSE,2025-12-30 04:09:40.001669+00,,2026-01-11 17:39:28.19856+00,cuemu,,1.5035E+17,,
12,1.2.276.277.388.389.430.436,Vistera,{Naboo},0.348,662,0.662,614,0.614,13,0.013,103,0.103,,,,,,,,,,,,,,,FALSE,2025-12-30 04:11:36.805147+00,,2026-01-05 03:28:13.413471+00,cuemu,,1.5035E+17,,
13,1.526.571.597.598.601.613,Nonitioine,{Naboo},0.558,324,0.324,714,0.714,,,,,652,0.652,773,0.773,402,0.402,737,0.737,531,0.531,330,0.33,,,FALSE,2025-12-30 03:58:47.002528+00,,2026-01-16 09:50:18.649592+00,cuemu,,1.5035E+17,,
14,1.2.276.277.278.307.321.327,Nobirhe,{Naboo},0.376,373,0.373,327,0.327,594,0.594,148,0.211,,,,,,,,,,,,,,,FALSE,2025-12-30 04:06:49.305689+00,,2026-01-07 23:09:32.872165+00,cuemu,,1.5035E+17,,
15,1.2.276.277.388.443.458.464,Yovego,{Naboo},0.19,327,0.327,82,0.082,24,0.024,327,0.327,,,,,,,,,,,,,,,FALSE,2025-12-30 04:13:27.777468+00,,2026-01-03 17:32:04.848112+00,cuemu,,1.5035E+17,,
16,1.759.760.801.802.805,Esro,{Dantooine},0.564,500,1,,,,,51,0.128,,,,,,,,,,,,,,,FALSE,2026-01-01 01:31:51.998261+00,,2026-01-05 03:13:53.263532+00,cuemu,,1.5035E+17,,
17,1.2.276.277.278.280.281.287,Osmogo,{Naboo},0.429,629,0.629,332,0.332,237,0.339,417,0.417,,,,,,,,,,,,,,,FALSE,2025-12-30 04:08:53.465692+00,,2026-01-07 23:06:03.372255+00,cuemu,,1.5035E+17,,
18,1.526.728.742.744.756,Toto,"{Naboo,Tatooine,Lok,Corellia,Yavin,Dantooine,Endor}",0.471,23,0.023,639,0.918,,,,,,,,,,,,,,,,,,,FALSE,2025-12-30 04:00:35.771708+00,,2026-01-02 19:10:18.038027+00,cuemu,,1.5035E+17,,
19,1.526.527.543.552,Deshivi,{Tatooine},0.519,569,0.569,407,0.407,,,,,646,0.646,820,0.82,155,0.155,,,,,,,,,FALSE,2025-12-30 03:57:11.741178+00,,2026-01-06 19:42:08.167254+00,cuemu,,1.5035E+17,,
20,1.526.527.543.553,Nicege,{Naboo},0.374,165,0.165,365,0.365,,,,,644,0.644,496,0.496,199,0.199,,,,,,,,,TRUE,2025-12-30 04:01:04.477964+00,,2025-12-30 04:15:06.366193+00,cuemu,,1.5035E+17,,
21,1.526.571.701.704.708,Oinoite,"{Naboo,Rori,Lok,Corellia,Yavin,Endor,Talus}",0.765,496,0.496,390,0.905,,,,,200,0.772,320,0.742,292,0.677,352,0.817,733,0.949,,,,,FALSE,2025-12-30 03:59:35.67998+00,,2026-01-04 02:57:00.738141+00,cuemu,,1.5035E+17,,
22,1.2.276.277.388.389.391.397,Sowirga,{Naboo},0.397,531,0.531,453,0.453,40,0.04,565,0.565,,,,,,,,,,,,,,,FALSE,2025-12-30 04:10:58.796841+00,,2026-01-06 19:14:45.021154+00,cuemu,,1.5035E+17,,
23,1.526.571.701.704.708,Cido,"{Naboo,Tatooine,Lok,Corellia,Yavin,Dantooine}",0.65,89,0.089,281,0.652,,,,,191,0.737,276,0.64,302,0.701,321,0.745,762,0.987,,,,,FALSE,2025-12-30 04:00:13.533267+00,,2026-01-04 02:57:32.881948+00,cuemu,,1.5035E+17,,
24,1.2.276.277.278.307.308.314,Lloqe,{Naboo},0.32,58,0.058,120,0.12,480,0.686,416,0.416,,,,,,,,,,,,,,,FALSE,2025-12-30 04:05:00.923993+00,,2026-01-16 09:52:49.837188+00,cuemu,,1.5035E+17,,
25,1.526.571.701.717.720,Idi,"{Naboo,Rori,Tatooine,Lok,Yavin,Dantooine,Endor,Talus}",0.709,55,0.055,252,0.61,,,,,162,0.976,478,0.812,534,0.907,271,0.656,783,0.95,,,,,FALSE,2025-12-30 04:02:33.911491+00,,2026-01-04 02:57:30.791337+00,cuemu,,1.5035E+17,,
26,1.526.571.597.598.601.614,Rino,"{Naboo,Tatooine,Corellia,Yavin,Dantooine,Endor,Dathomir}",0.905,653,0.653,957,0.957,,,,,380,0.95,925,0.925,956,0.956,721,0.901,968,0.968,603,0.928,,,FALSE,2025-12-30 02:47:08.646004+00,,2026-01-04 06:30:56.909692+00,cuemu,/waypoint Naboo 1580 3499 Rino 82% outside Keren,1.5035E+17,,
27,1.526.527.540.542,Aerfa,"{Tatooine,Rori,Lok,Corellia,Yavin,Endor}",0.286,340,0.34,257,0.257,,,,,397,0.397,197,0.197,239,0.239,,,,,,,,,FALSE,2025-12-30 19:11:53.322032+00,,2026-01-02 19:20:16.990389+00,cuemu,,1.5035E+17,,
28,1.526.527.540.542,Onahi,"{Naboo,Rori,Lok,Corellia,Yavin,Endor}",0.513,927,0.927,678,0.678,,,,,320,0.32,192,0.192,450,0.45,,,,,,,,,FALSE,2025-12-30 04:04:06.838165+00,,2026-01-02 13:26:47.738439+00,cuemu,,1.5035E+17,,
29,1.2.276.277.278.334.348.354,Treweki,{Naboo},0.615,513,0.513,387,0.387,669,0.669,623,0.89,,,,,,,,,,,,,,,FALSE,2025-12-30 04:10:17.598489+00,,2026-01-05 03:28:03.374617+00,cuemu,,1.5035E+17,,
30,1.2.276.484.485.500.513.519,Raume,{Naboo},0.634,218,0.218,215,0.43,,,,,907,0.907,250,0.833,312,0.78,,,,,,,,,FALSE,2025-12-30 21:13:46.893248+00,,2026-01-16 09:52:55.825828+00,cuemu,,1.5035E+17,,
31,1.2.276.277.388.443.458.465,Ichi,{Rori},0.506,775,0.775,176,0.176,611,0.611,462,0.462,,,,,,,,,,,,,,,FALSE,2025-12-31 00:46:22.463984+00,,2026-01-16 10:10:11.821847+00,cuemu,,1.5035E+17,,
32,1.2.276.277.388.389.404.410,Bodei,{Naboo},0.617,628,0.628,332,0.332,992,0.992,515,0.515,,,,,,,,,,,,,,,FALSE,2025-12-30 21:13:04.723093+00,,2026-01-16 09:53:01.847827+00,cuemu,,1.5035E+17,,
33,1.526.527.543.550,Lirki,{Rori},0.49,554,0.554,595,0.595,,,,,681,0.681,597,0.597,24,0.024,,,,,,,,,FALSE,2025-12-31 00:40:06.77728+00,,2026-01-03 17:35:38.941636+00,cuemu,,1.5035E+17,,
34,1.526.571.597.598.616.622,Govataium,"{Rori,Endor}",0.813,627,0.627,687,0.899,,,,,305,0.766,721,0.904,712,0.892,389,0.734,746,0.898,261,0.786,,,FALSE,2025-12-30 22:20:00.539071+00,,2026-01-07 02:16:22.561092+00,cuemu,,1.5035E+17,,
35,1.526.557.564,Hadao,{Naboo},0.454,752,0.752,155,0.155,,,,,,,,,,,,,,,,,,,FALSE,2025-12-30 21:11:55.085511+00,,2026-01-07 02:06:04.886445+00,cuemu,,1.5035E+17,,
36,1.526.527.543.549,Thieshipe,{Naboo},0.444,585,0.585,484,0.484,,,,,186,0.186,648,0.648,315,0.315,,,,,,,,,FALSE,2025-12-30 20:54:37.602696+00,,2026-01-02 20:50:35.795721+00,cuemu,,1.5035E+17,,
37,1.759.760.801.802.809,Sraepeine,{Naboo},0.669,500,1,,,,,135,0.338,,,,,,,,,,,,,,,FALSE,2025-12-30 21:11:29.28395+00,,2026-01-06 19:22:20.44794+00,cuemu,,1.5035E+17,,
38,1.2.276.484.485.487.493,Kaucrowra,{Naboo},0.377,29,0.029,51,0.064,,,,,565,0.706,302,0.378,495,0.707,,,,,,,,,FALSE,2025-12-30 21:14:51.92848+00,,2026-01-11 17:40:48.834078+00,cuemu,,1.5035E+17,,
39,1.759.760.801.815.822,Wiga,{Naboo},0.718,500,1,,,,,261,0.435,,,,,,,,,,,,,,,FALSE,2025-12-30 21:11:08.405265+00,,2026-01-02 20:50:24.248289+00,cuemu,,1.5035E+17,,
40,1.526.728.742.744.751,Proeleaseris,"{Rori,Tatooine,Lok,Corellia,Yavin,Endor,Dathomir}",0.675,562,0.562,306,0.789,,,,,,,,,,,,,,,,,,,FALSE,2025-12-31 00:41:04.031334+00,,2026-01-04 03:10:50.998726+00,cuemu,,1.5035E+17,,
41,1.2.276.277.388.389.391.398,Glemi,{Rori},0.389,64,0.064,405,0.405,693,0.693,392,0.392,,,,,,,,,,,,,,,FALSE,2025-12-31 00:45:25.249072+00,,2026-01-05 03:38:18.62371+00,cuemu,,1.5035E+17,,
42,1.526.527.529.531.534,Rdeapo,"{Naboo,Rori,Tatooine}",0.121,310,0.31,1,0.002,,,50,0.05,,,,,,,,,,,,,,,FALSE,2025-12-30 21:10:24.121636+00,,2026-01-05 14:27:35.15699+00,cuemu,,1.5035E+17,,
43,1.526.571.597.598.601.611,Taveedo,"{Rori,Tatooine,Corellia,Yavin,Dantooine,Endor,Dathomir,Talus}",0.893,563,0.563,941,0.975,,,,,337,0.906,880,0.919,938,0.972,732,0.984,946,0.973,514,0.85,,,FALSE,2025-12-30 22:27:26.113282+00,,2026-01-05 02:50:19.888379+00,cuemu,,1.5035E+17,,
44,1.526.571.597.598.616.624,Gikao,"{Naboo,Yavin,Talus}",0.855,460,0.46,845,0.9,,,,,500,0.912,853,0.9,864,0.911,633,0.867,943,0.986,413,0.906,,,FALSE,2025-12-30 20:01:14.201847+00,,2026-01-06 19:16:23.28785+00,cuemu,,1.5035E+17,,
45,1.2.276.484.485.500.506,Oeci,{Naboo},0.442,234,0.234,232,0.387,,,,,703,0.703,140,0.467,167,0.417,,,,,,,,,FALSE,2025-12-30 21:14:20.285913+00,,2026-01-03 17:33:17.176989+00,cuemu,,1.5035E+17,,
46,1.526.571.653.680.692.696,Eco,"{Rori,Tatooine,Naboo,Corellia,Yavin,Endor,Dathomir,Talus}",0.639,59,0.059,252,0.655,,,,,601,0.877,249,0.647,225,0.682,527,0.769,535,0.781,,,,,FALSE,2025-12-30 22:08:27.250667+00,,2026-01-07 21:11:52.76411+00,cuemu,,1.5035E+17,,
47,1.526.571.597.598.616.624,Feobive,"{Rori,Corellia,Dathomir}",0.84,339,0.339,818,0.871,,,,,498,0.909,862,0.909,902,0.951,704,0.964,924,0.967,368,0.807,,,FALSE,2025-12-30 22:19:21.152483+00,,2026-01-05 14:43:02.361889+00,cuemu,,1.5035E+17,,
48,1.2.276.277.388.389.430.437,Nodoi,{Rori},0.497,638,0.638,424,0.424,255,0.255,673,0.673,,,,,,,,,,,,,,,FALSE,2025-12-31 00:45:55.11566+00,,2026-01-11 17:51:48.023504+00,cuemu,,1.5035E+17,,
49,1.526.571.597.627.640.648,Fihe,"{Rori,Naboo,Lok,Corellia,Dantooine,Endor,Talus,Tatooine}",0.787,74,0.074,446,0.785,,,,,825,0.911,628,0.89,663,0.939,546,0.841,526,0.931,841,0.928,,,FALSE,2025-12-30 22:18:37.159587+00,,2026-01-06 19:06:14.06303+00,cuemu,,1.5035E+17,,
50,1.526.571.597.598.616.623,Ifi,"{Rori,Lok}",0.891,641,0.641,823,0.967,,,,,410,0.867,788,0.903,853,0.977,538,0.854,824,0.922,394,1,,,FALSE,2025-12-30 22:24:38.663824+00,,2026-01-05 14:11:30.753342+00,cuemu,,1.5035E+17,,
51,1.2.276.484.485.500.513.520,Tosopa,{Rori},0.464,325,0.325,72,0.144,,,,,938,0.938,267,0.89,10,0.025,,,,,,,,,TRUE,2025-12-31 00:42:29.332534+00,,2025-12-31 00:48:07.31575+00,cuemu,,1.5035E+17,,
52,1.2.276.484.485.500.507,Conino,{Rori},0.51,158,0.158,166,0.277,,,,,816,0.816,207,0.69,243,0.608,,,,,,,,,TRUE,2025-12-31 00:43:03.986998+00,,2025-12-31 00:48:08.674335+00,cuemu,,1.5035E+17,,
53,1.2.276.277.388.443.445.452,Paoloemu,{Rori},0.475,528,0.528,633,0.633,541,0.541,199,0.199,,,,,,,,,,,,,,,FALSE,2025-12-31 00:47:29.641096+00,,2026-01-11 17:53:42.450008+00,cuemu,,1.5035E+17,,
54,1.2.276.277.388.389.404.411,Slevo,{Rori},0.367,472,0.472,86,0.086,436,0.436,476,0.476,,,,,,,,,,,,,,,TRUE,2025-12-31 00:44:42.803179+00,,2025-12-31 00:48:12.633336+00,cuemu,,1.5035E+17,,
55,1.759.760.801.802.810,Ciapo,{Rori},0.818,500,1,,,,,254,0.635,,,,,,,,,,,,,,,FALSE,2025-12-31 00:41:27.078835+00,,2026-01-05 03:44:54.725244+00,cuemu,,1.5035E+17,,
56,1.2.276.277.388.389.417.424,Maco,{Rori},0.323,14,0.014,648,0.648,337,0.337,292,0.292,,,,,,,,,,,,,,,FALSE,2025-12-31 00:44:07.963844+00,,2026-01-11 17:52:42.173736+00,cuemu,,1.5035E+17,,
57,1.2.276.277.278.280.294.301,Peife,{Rori},0.718,485,0.485,767,0.767,926,0.926,485,0.693,,,,,,,,,,,,,,,FALSE,2025-12-31 00:47:58.478382+00,,2026-01-16 10:11:05.785704+00,cuemu,,1.5035E+17,,
58,1.2.276.277.278.361.362.368,Ise,{Naboo},0.4,170,0.17,120,0.12,473,0.676,635,0.635,,,,,,,,,,,,,,,FALSE,2025-12-30 21:12:32.574466+00,,2026-01-16 09:52:52.82448+00,cuemu,,1.5035E+17,,
59,1.526.571.701.704.707,Celo,"{Rori,Naboo,Tatooine,Lok,Yavin,Dantooine,Endor}",0.677,154,0.154,211,0.637,,,,,145,0.729,273,0.825,236,0.713,249,0.752,680,0.929,,,,,FALSE,2025-12-30 22:28:52.414684+00,,2026-01-04 02:57:16.320254+00,cuemu,,1.5035E+17,,
60,1.526.571.597.598.616.626,Pediium,{Mustafar},0.917,706,0.706,912,0.912,,,,,566,0.943,955,0.955,948,0.948,782,0.978,978,0.978,458,0.916,,,FALSE,2025-12-30 22:23:52.313892+00,,2026-01-03 06:41:04.019332+00,cuemu,,1.5035E+17,,
61,1.2.276.277.388.389.417.426,Gipa,{Tatooine},0.318,155,0.155,380,0.38,29,0.029,707,0.707,,,,,,,,,,,,,,,FALSE,2025-12-31 02:03:00.283627+00,,2026-01-07 23:28:51.712251+00,cuemu,,1.5035E+17,,
62,1.2.276.277.388.443.471.478,Poba,{Rori},0.5,362,0.362,614,0.614,394,0.394,442,0.631,,,,,,,,,,,,,,,FALSE,2025-12-31 00:46:50.300462+00,,2026-01-16 10:10:04.555574+00,cuemu,,1.5035E+17,,
63,1.526.571.653.654.657.666,Pema,"{Tatooine,Talus}",0.88,494,0.494,932,0.98,,,,,516,0.925,874,0.912,948,0.99,883,0.935,882,0.921,,,,,FALSE,2025-12-31 01:33:48.617833+00,,2026-01-05 14:22:42.977604+00,cuemu,,1.5035E+17,,
64,1.2.276.277.388.443.458.467,Weugo,{Tatooine},0.12,28,0.028,340,0.34,93,0.093,17,0.017,,,,,,,,,,,,,,,FALSE,2025-12-31 02:01:58.481776+00,,2026-01-11 18:17:42.266058+00,cuemu,,1.5035E+17,,
65,1.2.276.277.388.389.430.439,Pibe,{Tatooine},0.303,529,0.529,295,0.295,130,0.13,259,0.259,,,,,,,,,,,,,,,FALSE,2025-12-31 02:03:53.258533+00,,2026-01-03 18:56:21.214138+00,cuemu,,1.5035E+17,,
66,1.2.276.277.278.280.281.288,Stifea,{Rori},0.266,370,0.37,57,0.057,117,0.167,468,0.468,,,,,,,,,,,,,,,FALSE,2025-12-31 00:48:58.808323+00,,2026-01-07 23:20:31.42378+00,cuemu,,1.5035E+17,,
67,1.2.276.277.278.334.335.342,Terumi,{Rori},0.3,114,0.114,271,0.271,83,0.119,695,0.695,,,,,,,,,,,,,,,FALSE,2025-12-31 00:51:25.6322+00,,2026-01-07 23:18:42.239065+00,cuemu,,1.5035E+17,,
68,1.526.571.701.703,Ooporo,"{Naboo,Tatooine}",0.327,229,0.229,461,0.461,,,,,262,0.437,18,0.018,119,0.119,221,0.221,806,0.806,,,,,FALSE,2025-12-31 01:00:39.810059+00,,2026-01-05 21:12:35.890699+00,cuemu,,1.5035E+17,,
69,1.2.276.277.278.334.348.357,Chaokase,{Tatooine},0.285,483,0.483,281,0.281,319,0.319,39,0.056,,,,,,,,,,,,,,,FALSE,2025-12-31 02:00:34.343243+00,,2026-01-06 19:46:30.311587+00,cuemu,,1.5035E+17,,
70,1.526.571.597.598.601.610,Mobola,"{Naboo,Tatooine,Lok,Yavin,Dantooine,Endor,Talus}",0.84,369,0.369,851,0.93,,,,,287,0.864,880,0.98,856,0.936,547,0.824,889,0.954,467,0.865,,,FALSE,2025-12-31 00:56:22.489744+00,,2026-01-05 02:00:47.654559+00,cuemu,,1.5035E+17,,
71,1.526.557.565,Thevae,{Rori},0.541,609,0.609,473,0.473,,,,,,,,,,,,,,,,,,,FALSE,2025-12-31 00:41:46.748071+00,,2026-01-03 17:36:33.844238+00,cuemu,,1.5035E+17,,
72,1.526.571.597.598.616.618,Luna,{Naboo},0.677,738,0.738,369,0.891,,,,,36,0.367,439,0.882,459,0.922,65,0.496,536,0.923,16,0.195,,,FALSE,2025-12-31 01:03:50.826699+00,,2026-01-06 19:16:24.443732+00,cuemu,,1.5035E+17,,
73,1.2.276.277.278.307.308.315,Wopiwo,{Rori},0.388,663,0.663,154,0.154,94,0.134,602,0.602,,,,,,,,,,,,,,,FALSE,2025-12-31 00:51:01.930375+00,,2026-01-07 23:17:34.13233+00,cuemu,,1.5035E+17,,
74,1.2.276.277.278.361.375.381,Gika,{Naboo},0.26,165,0.165,80,0.08,483,0.483,219,0.313,,,,,,,,,,,,,,,FALSE,2025-12-31 01:10:34.593884+00,,2026-01-06 19:13:58.158827+00,cuemu,,1.5035E+17,,
75,1.526.557.567,Dosto,{Tatooine},0.598,764,0.764,431,0.431,,,,,,,,,,,,,,,,,,,FALSE,2025-12-31 01:57:20.525465+00,,2026-01-04 05:25:42.529895+00,cuemu,,1.1874E+17,,
76,1.526.571.597.598.616.619,Isasis,"{Tatooine,Dathomir}",0.782,611,0.611,498,0.994,,,,,125,0.723,465,0.812,472,0.824,174,0.753,563,0.874,96,0.667,,,FALSE,2025-12-31 01:34:43.206538+00,,2026-01-05 14:26:39.03105+00,cuemu,,1.5035E+17,,
77,1.2.276.277.278.307.308.317,Ecte,{Tatooine},0.682,475,0.475,848,0.848,594,0.849,555,0.555,,,,,,,,,,,,,,,FALSE,2025-12-31 02:00:05.668981+00,,2026-01-16 10:32:01.343718+00,cuemu,,1.5035E+17,,
78,1.2.276.277.278.361.375.382,Dremoo,{Rori},0.371,114,0.114,117,0.117,316,0.316,657,0.939,,,,,,,,,,,,,,,FALSE,2025-12-31 00:50:04.951319+00,,2026-01-05 03:38:10.860101+00,cuemu,,1.5035E+17,,
79,1.526.571.653.680.683.690,Vihowy,"{Tatooine,Corellia,Yavin,Dantooine,Endor,Dathomir,Talus}",0.792,283,0.283,506,0.792,,,,,860,0.916,843,0.906,541,0.847,860,0.916,841,0.887,,,,,FALSE,2025-12-31 01:54:59.348324+00,,2026-01-05 01:58:04.599555+00,cuemu,,1.5035E+17,,
80,1.2.276.277.278.361.362.371,Alevi,{Tatooine},0.6,437,0.437,540,0.54,483,0.69,731,0.731,,,,,,,,,,,,,,,TRUE,2025-12-31 01:58:16.597755+00,,2025-12-31 02:06:03.859983+00,cuemu,,1.5035E+17,,
81,1.2.276.277.388.443.445.454,Keesmoroa,{Tatooine},0.539,135,0.135,594,0.594,855,0.855,573,0.573,,,,,,,,,,,,,,,FALSE,2025-12-31 02:01:31.667267+00,,2026-01-16 10:33:20.125739+00,cuemu,,1.5035E+17,,
82,1.526.571.572.575.580,Ovo,"{Naboo,Dathomir}",0.567,118,0.118,465,0.767,,,678,0.817,,,,,,,,,,,,,,,FALSE,2025-12-31 01:04:45.763779+00,,2026-01-07 22:47:42.233936+00,cuemu,,1.5035E+17,,
83,1.2.276.277.278.361.375.384,Kloiko,{Tatooine},0.393,170,0.17,505,0.505,435,0.435,322,0.46,,,,,,,,,,,,,,,FALSE,2025-12-31 01:58:44.943867+00,,2026-01-16 10:32:47.498726+00,cuemu,,1.5035E+17,,
84,1.2.276.277.278.280.294.303,Eso,{Tatooine},0.561,273,0.273,590,0.59,689,0.689,485,0.693,,,,,,,,,,,,,,,FALSE,2025-12-31 01:59:40.582546+00,,2026-01-06 19:49:16.493809+00,cuemu,,1.5035E+17,,
85,1.2.276.277.388.389.391.400,Cene,{Tatooine},0.263,146,0.146,335,0.335,526,0.526,45,0.045,,,,,,,,,,,,,,,FALSE,2025-12-31 02:04:21.461067+00,,2026-01-11 18:18:02.516763+00,cuemu,,1.5035E+17,,
86,1.2.276.277.278.307.321.328,Sloni,{Rori},0.229,266,0.266,112,0.112,485,0.485,38,0.054,,,,,,,,,,,,,,,FALSE,2025-12-31 00:50:32.770286+00,,2026-01-11 17:49:46.511638+00,cuemu,,1.5035E+17,,
87,1.2.276.277.388.443.471.480,Tarleshe,{Tatooine},0.436,47,0.047,553,0.553,524,0.524,434,0.62,,,,,,,,,,,,,,,FALSE,2025-12-31 02:02:29.300183+00,,2026-01-07 23:29:29.239074+00,cuemu,,1.5035E+17,,
88,1.526.571.584.587.594,Mipi,"{Tatooine,Naboo,Rori,Lok,Dantooine,Endor,Dathomir,Talus}",0.841,669,0.669,754,0.943,,,910,0.91,,,,,,,,,,,,,,,FALSE,2025-12-31 01:32:38.113825+00,,2026-01-03 22:13:25.874939+00,cuemu,,1.1874E+17,,
89,1.2.276.484.485.487.494,Koipa,{Rori},0.612,675,0.675,57,0.071,,,,,661,0.826,524,0.655,583,0.833,,,,,,,,,FALSE,2025-12-31 00:43:33.681496+00,,2026-01-14 00:29:50.379451+00,cuemu,,1.5035E+17,,
90,1.2.276.277.278.334.348.355,Chriro,{Rori},0.404,489,0.489,530,0.53,530,0.53,46,0.066,,,,,,,,,,,,,,,FALSE,2025-12-31 00:51:55.594534+00,,2026-01-03 18:17:32.524353+00,cuemu,,1.5035E+17,,
91,1.2.276.277.278.361.362.369,Dasmy,{Rori},0.619,981,0.981,895,0.895,80,0.114,484,0.484,,,,,,,,,,,,,,,FALSE,2025-12-31 00:49:41.062223+00,,2026-01-15 23:18:30.848559+00,cuemu,,1.1874E+17,,
92,1.526.728.729.731.739,Ceegee,{Tatooine},0.334,462,0.462,205,0.205,,,,,,,,,,,,,,,,,,,FALSE,2025-12-31 01:37:46.353725+00,,2026-01-16 10:31:15.789945+00,cuemu,,1.5035E+17,,
93,1.2.276.484.485.500.509,Heimine,{Tatooine},0.429,246,0.246,47,0.078,,,,,608,0.608,117,0.39,330,0.825,,,,,,,,,FALSE,2025-12-31 02:05:16.618481+00,,2026-01-05 04:12:43.469411+00,cuemu,,1.5035E+17,,
94,1.526.527.543.548,Done,{Lok},0.408,158,0.158,581,0.581,,,,,478,0.478,310,0.31,515,0.515,,,,,,,,,FALSE,2025-12-31 23:47:05.306623+00,,2026-01-05 04:17:06.545246+00,cuemu,,1.5035E+17,,
95,1.2.276.277.388.389.404.413,Kofie,{Tatooine},0.228,328,0.328,402,0.402,38,0.038,145,0.145,,,,,,,,,,,,,,,FALSE,2025-12-31 02:03:27.236505+00,,2026-01-05 04:05:41.867617+00,cuemu,,1.5035E+17,,
96,1.759.760.801.815.821,Demoite,{Lok},0.762,500,1,,,,,314,0.523,,,,,,,,,,,,,,,FALSE,2025-12-31 23:47:27.884252+00,,2026-01-02 20:50:05.17829+00,cuemu,,1.5035E+17,,
97,1.526.571.653.654.669.672,Dieki,"{Lok,Dantooine}",0.78,16,0.016,518,0.93,,,,,169,0.765,579,0.934,644,0.943,446,0.905,781,0.964,,,,,FALSE,2025-12-31 23:51:07.000885+00,,2026-01-05 14:11:15.009762+00,cuemu,,1.5035E+17,,
98,1.2.276.484.485.500.513.522,Nyopa,{Tatooine},0.543,554,0.554,268,0.536,,,,,897,0.897,176,0.587,56,0.14,,,,,,,,,FALSE,2025-12-31 02:05:50.423989+00,,2026-01-03 18:56:45.320662+00,cuemu,,1.5035E+17,,
99,1.759.760.801.802.808,Ekargi,{Lok},0.515,500,1,,,,,12,0.03,,,,,,,,,,,,,,,FALSE,2025-12-31 23:48:12.780515+00,,2026-01-05 04:23:12.94636+00,cuemu,,1.5035E+17,,
100,1.526.571.597.627.640.644,Fati,"{Naboo,Lok,Yavin,Dantooine,Endor,Talus,Rori,Dathomir,Tatooine}",0.711,86,0.086,146,0.568,,,,,642,0.94,420,0.87,483,1,153,0.52,303,0.83,599,0.877,,,FALSE,2025-12-31 00:58:43.12444+00,,2026-01-05 14:10:36.014259+00,cuemu,,1.5035E+17,,
101,1.2.276.277.388.443.471.476,Novepee,{Lok},0.391,334,0.334,186,0.186,49,0.049,696,0.994,,,,,,,,,,,,,,,FALSE,2025-12-31 23:53:34.762811+00,,2026-01-16 10:21:36.608127+00,cuemu,,1.5035E+17,,
102,1.2.276.277.278.280.281.290,Cavia,{Tatooine},0.382,344,0.344,415,0.415,284,0.406,361,0.361,,,,,,,,,,,,,,,FALSE,2025-12-31 01:59:13.211058+00,,2026-01-16 10:32:21.243019+00,cuemu,,1.5035E+17,,
103,1.2.276.277.278.334.348.353,Bire,{Lok},0.437,450,0.45,395,0.395,363,0.363,378,0.54,,,,,,,,,,,,,,,FALSE,2025-12-31 23:51:59.963499+00,,2026-01-11 18:05:33.523499+00,cuemu,,1.5035E+17,,
104,1.2.276.277.278.334.335.340,Ehe,{Lok},0.144,246,0.246,7,0.007,12,0.017,305,0.305,,,,,,,,,,,,,,,FALSE,2025-12-31 23:52:34.416324+00,,2026-01-11 18:00:46.198837+00,cuemu,,1.5035E+17,,
105,1.2.276.277.278.361.362.367,Dere,{Lok},0.47,281,0.281,771,0.771,325,0.464,362,0.362,,,,,,,,,,,,,,,FALSE,2025-12-31 23:49:41.971099+00,,2026-01-11 18:01:00.357597+00,cuemu,,1.5035E+17,,
106,1.2.276.277.278.280.294.299,Geche,{Lok},0.351,16,0.016,438,0.438,507,0.507,311,0.444,,,,,,,,,,,,,,,TRUE,2025-12-31 23:51:33.819607+00,,2025-12-31 23:57:55.069228+00,cuemu,,1.5035E+17,,
107,1.2.276.277.278.280.281.286,Poroo,{Lok},0.352,660,0.66,77,0.077,142,0.203,468,0.468,,,,,,,,,,,,,,,FALSE,2025-12-31 23:48:38.978932+00,,2026-01-16 10:21:28.275659+00,cuemu,,1.5035E+17,,
108,1.2.276.277.278.307.308.313,Vasne,{Lok},0.549,226,0.226,36,0.036,694,0.991,942,0.942,,,,,,,,,,,,,,,FALSE,2025-12-31 23:50:32.441604+00,,2026-01-11 18:00:55.457394+00,cuemu,,1.5035E+17,,
109,1.2.276.277.388.389.430.435,Vegi,{Lok},0.424,844,0.844,234,0.234,35,0.035,583,0.583,,,,,,,,,,,,,,,TRUE,2025-12-31 23:53:04.94743+00,,2025-12-31 23:57:59.207576+00,cuemu,,1.5035E+17,,
110,1.2.276.277.278.361.375.380,Heike,{Lok},0.396,200,0.2,23,0.023,744,0.744,431,0.616,,,,,,,,,,,,,,,FALSE,2025-12-31 23:49:08.82408+00,,2026-01-16 10:21:43.38871+00,cuemu,,1.5035E+17,,
111,1.2.276.277.278.307.321.326,Keboo,{Lok},0.536,820,0.82,111,0.111,624,0.624,412,0.589,,,,,,,,,,,,,,,FALSE,2025-12-31 23:50:05.485269+00,,2026-01-11 18:00:30.740755+00,cuemu,,1.5035E+17,,
112,1.2.276.277.388.443.458.463,Baepenno,{Lok},0.343,135,0.135,361,0.361,741,0.741,133,0.133,,,,,,,,,,,,,,,FALSE,2025-12-31 23:54:01.124051+00,,2026-01-11 17:59:44.509983+00,cuemu,,1.5035E+17,,
113,1.2.276.277.388.443.445.450,Ote,{Lok},0.285,636,0.636,113,0.113,122,0.122,269,0.269,,,,,,,,,,,,,,,FALSE,2025-12-31 23:55:20.806757+00,,2026-01-05 04:22:53.77641+00,cuemu,,1.5035E+17,,
114,1.526.557.563,Kelo,{Lok},0.516,642,0.642,391,0.391,,,,,,,,,,,,,,,,,,,FALSE,2025-12-31 23:47:46.26345+00,,2026-01-05 04:22:59.330737+00,cuemu,,1.5035E+17,,
115,1.2.276.277.388.389.404.409,Rivowhe,{Lok},0.446,204,0.204,978,0.978,577,0.577,23,0.023,,,,,,,,,,,,,,,TRUE,2025-12-31 23:55:53.525449+00,,2025-12-31 23:58:09.618799+00,cuemu,,1.5035E+17,,
116,1.2.276.484.485.500.505,Vineosrou,{Lok},0.422,657,0.657,15,0.025,,,,,615,0.615,41,0.137,271,0.677,,,,,,,,,TRUE,2025-12-31 23:56:26.578341+00,,2025-12-31 23:58:10.722511+00,cuemu,,1.5035E+17,,
117,1.759.760.801.802.812,Keimaris,{Tatooine},0.76,500,1,,,,,208,0.52,,,,,,,,,,,,,,,FALSE,2025-12-31 01:57:43.604682+00,,2026-01-07 01:57:45.666349+00,cuemu,,1.5035E+17,,
118,1.2.276.277.388.389.417.422,Snace,{Lok},0.653,403,0.403,625,0.625,970,0.97,614,0.614,,,,,,,,,,,,,,,FALSE,2025-12-31 23:54:27.787146+00,,2026-01-08 08:22:57.817646+00,cuemu,,1.85879E+17,,
119,1.526.571.597.598.616.619,Ileiiam,"{Lok,Corellia}",0.669,296,0.296,384,0.766,,,,,135,0.78,483,0.843,539,0.941,76,0.329,580,0.901,71,0.493,,,FALSE,2025-12-31 23:46:40.394149+00,,2026-01-05 14:12:48.706032+00,cuemu,,1.5035E+17,,
120,1.2.276.277.388.389.391.396,Efi,{Lok},0.369,111,0.111,572,0.572,264,0.264,529,0.529,,,,,,,,,,,,,,,FALSE,2025-12-31 23:54:53.606224+00,,2026-01-05 04:22:44.159655+00,cuemu,,1.5035E+17,,
121,1.759.760.801.815.825,Peugiasis,{Tatooine},0.835,500,1,,,,,402,0.67,,,,,,,,,,,,,,,FALSE,2025-12-31 01:56:57.058019+00,,2026-01-05 14:31:16.738354+00,cuemu,,1.5035E+17,,
122,1.2.276.277.278.334.335.344,Seodra,{Tatooine},0.507,501,0.501,673,0.673,161,0.23,624,0.624,,,,,,,,,,,,,,,FALSE,2025-12-31 02:01:02.755631+00,,2026-01-05 04:10:55.977419+00,cuemu,,1.5035E+17,,
123,1.2.276.484.485.487.496,Ohe,{Tatooine},0.449,922,0.922,68,0.085,,,,,559,0.699,77,0.096,310,0.443,,,,,,,,,FALSE,2025-12-31 02:04:46.606491+00,,2026-01-05 04:11:03.456706+00,cuemu,,1.5035E+17,,
124,1.2.276.484.485.487.492,Sera,{Lok},0.433,208,0.208,237,0.296,,,,,664,0.83,153,0.191,447,0.639,,,,,,,,,FALSE,2025-12-31 23:56:53.619216+00,,2026-01-06 19:33:14.076521+00,cuemu,,1.5035E+17,,
125,1.2.276.484.485.500.513.518,Dossia,{Lok},0.527,902,0.902,116,0.232,,,,,824,0.824,5,0.017,264,0.66,,,,,,,,,FALSE,2025-12-31 23:57:31.524149+00,,2026-01-07 02:03:13.930107+00,cuemu,,1.5035E+17,,
126,1.526.571.597.627.630.634,Hewi,"{Rori,Tatooine,Corellia,Yavin,Dantooine,Endor,Talus,Dathomir}",0.729,208,0.208,259,0.589,,,,,597,0.872,525,0.833,492,0.781,318,0.723,476,0.898,532,0.925,,,FALSE,2025-12-30 03:56:31.052251+00,,2026-01-06 19:06:49.851684+00,cuemu,,1.5035E+17,,
127,1.759.760.801.815.826,Slimifa,{Yavin},0.766,500,1,,,,,320,0.533,,,,,,,,,,,,,,,FALSE,2026-01-01 00:29:00.877597+00,,2026-01-05 02:54:31.798254+00,cuemu,,1.5035E+17,,
128,1.526.527.543.554,Archtoo,{Yavin},0.496,170,0.17,615,0.615,,,,,932,0.932,143,0.143,618,0.618,,,,,,,,,FALSE,2026-01-01 00:30:19.368482+00,,2026-01-07 21:59:04.693717+00,cuemu,,1.5035E+17,,
129,1.526.527.529.531.535,Octetiaine,"{Dantooine,Dathomir}",0.74,795,0.795,575,0.958,,,468,0.468,,,,,,,,,,,,,,,FALSE,2026-01-01 01:30:17.417806+00,,2026-01-05 02:38:34.373198+00,cuemu,,1.5035E+17,,
130,1.526.571.584.587.596,Nasmo,{Yavin},0.416,283,0.283,801,0.801,,,163,0.163,,,,,,,,,,,,,,,FALSE,2026-01-01 00:30:43.306927+00,,2026-01-16 05:07:26.63427+00,cuemu,,1.5035E+17,,
131,1.2.276.277.278.280.294.304,Koudrega,{Yavin},0.333,355,0.355,268,0.268,385,0.385,226,0.323,,,,,,,,,,,,,,,FALSE,2026-01-01 00:35:19.04393+00,,2026-01-16 05:25:24.713035+00,cuemu,,1.5035E+17,,
132,1.2.276.277.388.389.404.414,Wome,{Yavin},0.19,27,0.027,219,0.219,293,0.293,219,0.219,,,,,,,,,,,,,,,FALSE,2026-01-01 00:38:32.989559+00,,2026-01-05 03:02:09.020019+00,cuemu,,1.5035E+17,,
133,1.2.276.484.485.487.497,Moboo,{Yavin},0.471,202,0.202,66,0.083,,,,,541,0.676,547,0.684,497,0.71,,,,,,,,,FALSE,2026-01-01 00:40:47.458208+00,,2026-01-09 23:39:21.428028+00,cuemu,,1.5035E+17,,
134,1.2.276.484.485.500.510,Spofe,{Yavin},0.479,12,0.012,542,0.903,,,,,878,0.878,4,0.013,235,0.588,,,,,,,,,FALSE,2026-01-01 00:40:21.799292+00,,2026-01-16 05:24:21.431602+00,cuemu,,1.5035E+17,,
135,1.526.527.543.545,Lfoiba,{Dantooine},0.311,507,0.507,238,0.238,,,,,241,0.241,465,0.465,103,0.103,,,,,,,,,FALSE,2026-01-01 01:29:52.519927+00,,2026-01-07 21:37:31.678699+00,cuemu,,1.5035E+17,,
136,1.526.571.597.598.601.615,Tahi,{Mustafar},0.899,576,0.576,957,0.957,,,,,352,0.88,922,0.922,951,0.951,783,0.979,961,0.961,630,0.969,,,FALSE,2026-01-01 00:31:15.346177+00,,2026-01-07 22:32:22.273948+00,cuemu,,1.5035E+17,,
137,1.2.276.277.388.443.471.481,Fiquepi,{Yavin},0.429,648,0.648,148,0.148,298,0.298,437,0.624,,,,,,,,,,,,,,,FALSE,2026-01-01 00:38:58.587406+00,,2026-01-16 05:23:18.621284+00,cuemu,,1.5035E+17,,
138,1.2.276.277.388.389.417.427,Fefia,{Yavin},0.246,271,0.271,136,0.136,378,0.378,199,0.199,,,,,,,,,,,,,,,FALSE,2026-01-01 00:37:40.745567+00,,2026-01-16 05:23:13.970416+00,cuemu,,1.5035E+17,,
139,1.2.276.277.388.443.445.455,Fischla,{Yavin},0.403,444,0.444,96,0.096,643,0.643,430,0.43,,,,,,,,,,,,,,,FALSE,2026-01-01 00:39:56.881562+00,,2026-01-05 03:01:55.097228+00,cuemu,,1.5035E+17,,
140,1.2.276.277.388.389.430.440,Cloda,{Yavin},0.303,370,0.37,199,0.199,229,0.229,413,0.413,,,,,,,,,,,,,,,FALSE,2026-01-01 00:38:06.656312+00,,2026-01-07 22:06:22.343007+00,cuemu,,1.5035E+17,,
141,1.2.276.277.278.361.362.372,Aise,{Yavin},0.257,413,0.413,187,0.187,2,0.003,424,0.424,,,,,,,,,,,,,,,FALSE,2026-01-01 00:35:47.511367+00,,2026-01-16 05:26:00.355546+00,cuemu,,1.5035E+17,,
142,1.2.276.277.278.280.281.291,Roihi,{Yavin},0.472,449,0.449,231,0.231,488,0.697,511,0.511,,,,,,,,,,,,,,,FALSE,2026-01-01 00:36:41.309093+00,,2026-01-05 03:01:46.099338+00,cuemu,,1.5035E+17,,
143,1.2.276.277.278.334.335.345,Fosapa,{Yavin},0.223,282,0.282,181,0.181,78,0.111,317,0.317,,,,,,,,,,,,,,,TRUE,2026-01-01 00:34:22.07173+00,,2026-01-01 00:45:28.231625+00,cuemu,,1.5035E+17,,
144,1.2.276.277.388.389.391.401,Maha,{Yavin},0.317,242,0.242,83,0.083,647,0.647,297,0.297,,,,,,,,,,,,,,,FALSE,2026-01-01 00:37:13.359186+00,,2026-01-16 05:23:10.894957+00,cuemu,,1.5035E+17,,
145,1.2.276.277.278.307.308.318,Ide,{Yavin},0.448,874,0.874,75,0.075,312,0.446,398,0.398,,,,,,,,,,,,,,,TRUE,2026-01-01 00:33:18.581418+00,,2026-01-01 00:45:31.026674+00,cuemu,,1.5035E+17,,
146,1.526.571.653.654.669.674,Oigo,{Yavin},0.753,49,0.049,603,0.847,,,,,250,0.706,751,0.997,724,0.912,530,0.79,849,0.968,,,,,FALSE,2026-01-01 00:32:45.759093+00,,2026-01-07 21:58:51.921754+00,cuemu,,1.5035E+17,,
147,1.526.557.570,Oka,{Mustafar},0.442,707,0.707,177,0.177,,,,,,,,,,,,,,,,,,,FALSE,2026-01-01 00:29:54.339342+00,,2026-01-07 23:43:04.289515+00,cuemu,,1.5035E+17,,
148,1.2.276.277.278.307.321.331,Matha,{Yavin},0.452,92,0.092,591,0.591,609,0.609,360,0.514,,,,,,,,,,,,,,,FALSE,2026-01-01 00:33:46.46987+00,,2026-01-16 05:22:46.881116+00,cuemu,,1.5035E+17,,
149,1.759.760.801.802.813,Rislao,{Yavin},0.537,500,1,,,,,30,0.075,,,,,,,,,,,,,,,FALSE,2026-01-01 00:29:17.960603+00,,2026-01-07 22:00:14.991435+00,cuemu,,1.5035E+17,,
150,1.526.571.572.575.582,Cabaiam,{Dantooine},0.64,163,0.163,677,0.846,,,912,0.912,,,,,,,,,,,,,,,FALSE,2026-01-01 01:29:01.348857+00,,2026-01-08 10:44:13.399009+00,cuemu,,1.5035E+17,,
151,1.2.276.277.278.361.375.385,Opi,{Yavin},0.341,89,0.089,48,0.048,344,0.344,619,0.884,,,,,,,,,,,,,,,FALSE,2026-01-01 00:36:12.594268+00,,2026-01-07 22:03:58.664109+00,cuemu,,1.5035E+17,,
152,1.526.557.568,Gice,{Yavin},0.53,607,0.607,453,0.453,,,,,,,,,,,,,,,,,,,FALSE,2026-01-01 00:29:37.343387+00,,2026-01-07 22:01:20.075261+00,cuemu,,1.5035E+17,,
153,1.2.276.277.278.334.348.358,Ego,{Yavin},0.379,687,0.687,489,0.489,307,0.307,22,0.031,,,,,,,,,,,,,,,FALSE,2026-01-01 00:34:46.713486+00,,2026-01-05 02:59:27.713029+00,cuemu,,1.5035E+17,,
154,1.526.571.597.598.616.624,Rewiism,{Yavin},0.865,510,0.51,892,0.95,,,,,478,0.872,891,0.94,902,0.951,588,0.805,872,0.912,448,0.982,,,FALSE,2026-01-01 00:31:54.070058+00,,2026-01-07 21:57:20.129389+00,cuemu,,1.5035E+17,,
155,1.526.527.540.542,Pocce,"{Naboo,Rori,Tatooine,Corellia,Yavin,Endor}",0.437,303,0.303,787,0.787,,,,,195,0.195,712,0.712,188,0.188,,,,,,,,,FALSE,2025-12-30 04:03:35.144769+00,,2026-01-02 19:20:22.440872+00,cuemu,,1.5035E+17,,
156,1.759.760.801.815.818,Oixo,{Dantooine},0.863,500,1,,,,,436,0.727,,,,,,,,,,,,,,,FALSE,2026-01-01 01:31:06.731109+00,,2026-01-07 21:40:21.526976+00,cuemu,,1.5035E+17,,
157,1.2.276.277.388.443.458.468,Wogleu,{Yavin},0.196,151,0.151,358,0.358,188,0.188,87,0.087,,,,,,,,,,,,,,,FALSE,2026-01-01 00:39:27.998281+00,,2026-01-09 23:35:58.900263+00,cuemu,,1.5035E+17,,
158,1.2.276.484.485.500.513.523,Cimeska,{Yavin},0.423,304,0.304,265,0.53,,,,,993,0.993,40,0.133,62,0.155,,,,,,,,,TRUE,2026-01-01 00:41:13.812488+00,,2026-01-01 00:45:01.601493+00,cuemu,,1.5035E+17,,
159,1.2.276.277.388.443.458.460,Codau,{Dantooine},0.476,6,0.006,543,0.543,554,0.554,800,0.8,,,,,,,,,,,,,,,FALSE,2026-01-01 01:36:42.931914+00,,2026-01-05 03:16:31.963407+00,cuemu,,1.5035E+17,,
160,1.759.760.801.815.820,Scitoium,{Endor},0.854,500,1,,,,,425,0.708,,,,,,,,,,,,,,,FALSE,2026-01-01 19:40:37.246004+00,,2026-01-07 22:14:15.057335+00,cuemu,,1.5035E+17,,
161,1.2.276.277.278.361.362.364,Foviele,{Dantooine},0.577,638,0.638,700,0.7,295,0.421,548,0.548,,,,,,,,,,,,,,,FALSE,2026-01-01 01:39:18.488082+00,,2026-01-13 23:32:02.093476+00,cuemu,,1.5035E+17,,
162,1.2.276.277.278.334.348.350,Pota,{Dantooine},0.429,115,0.115,366,0.366,948,0.948,202,0.289,,,,,,,,,,,,,,,FALSE,2026-01-01 01:38:51.002574+00,,2026-01-13 23:36:44.835126+00,cuemu,,1.5035E+17,,
163,1.2.276.277.388.389.417.421,Nifeba,{Endor},0.178,169,0.169,149,0.149,381,0.381,13,0.013,,,,,,,,,,,,,,,FALSE,2026-01-01 19:46:32.955446+00,,2026-01-19 02:07:54.369521+00,cuemu,,1.85879E+17,,
164,1.2.276.277.278.307.308.310,Yewi,{Dantooine},0.631,672,0.672,931,0.931,278,0.397,524,0.524,,,,,,,,,,,,,,,FALSE,2026-01-01 01:38:01.44116+00,,2026-01-02 21:43:43.116782+00,cuemu,,1.5035E+17,,
165,1.526.557.560,Caestogoi,{Dantooine},0.677,735,0.735,620,0.62,,,,,,,,,,,,,,,,,,,FALSE,2026-01-01 01:31:24.984509+00,,2026-01-07 21:40:38.937998+00,cuemu,,1.5035E+17,,
166,1.2.276.277.278.307.321.323,Ewado,{Dantooine},0.373,121,0.121,153,0.153,627,0.627,413,0.59,,,,,,,,,,,,,,,TRUE,2026-01-01 01:37:32.101747+00,,2026-01-01 01:40:58.293944+00,cuemu,,1.5035E+17,,
167,1.2.276.277.278.280.294.296,Tigosca,{Dantooine},0.336,155,0.155,149,0.149,423,0.423,431,0.616,,,,,,,,,,,,,,,TRUE,2026-01-01 01:37:06.365792+00,,2026-01-01 01:40:59.936608+00,cuemu,,1.5035E+17,,
168,1.2.276.277.278.307.308.312,Jaela,{Endor},0.419,229,0.229,301,0.301,476,0.68,465,0.465,,,,,,,,,,,,,,,FALSE,2026-01-01 19:46:10.521631+00,,2026-01-05 03:20:06.144231+00,cuemu,,1.5035E+17,,
169,1.2.276.277.278.361.375.379,Byeve,{Endor},0.533,688,0.688,667,0.667,418,0.418,252,0.36,,,,,,,,,,,,,,,FALSE,2026-01-01 19:44:34.487172+00,,2026-01-10 00:01:20.737343+00,cuemu,,1.5035E+17,,
170,1.2.276.277.388.443.471.473,Ahoo,{Dantooine},0.712,712,0.712,696,0.696,565,0.565,612,0.874,,,,,,,,,,,,,,,FALSE,2026-01-01 01:35:17.292224+00,,2026-01-11 16:52:39.104236+00,cuemu,,1.5035E+17,,
171,1.2.276.277.388.389.430.432,Sxana,{Dantooine},0.261,764,0.764,54,0.054,128,0.128,98,0.098,,,,,,,,,,,,,,,FALSE,2026-01-01 01:33:30.15485+00,,2026-01-11 16:54:32.256665+00,cuemu,,1.5035E+17,,
172,1.2.276.277.278.361.375.377,Spelle,{Dantooine},0.461,698,0.698,13,0.013,458,0.458,472,0.674,,,,,,,,,,,,,,,FALSE,2026-01-01 01:39:46.374713+00,,2026-01-07 21:42:14.238982+00,cuemu,,1.5035E+17,,
173,1.2.276.277.388.389.417.419,Wegoi,{Dantooine},0.493,534,0.534,845,0.845,185,0.185,409,0.409,,,,,,,,,,,,,,,FALSE,2026-01-01 01:34:51.527746+00,,2026-01-07 21:41:41.347982+00,cuemu,,1.5035E+17,,
174,1.2.276.484.485.500.502,Matsa,{Dantooine},0.582,569,0.569,194,0.323,,,,,982,0.982,141,0.47,227,0.568,,,,,,,,,TRUE,2026-01-01 01:33:57.630663+00,,2026-01-01 01:41:11.418895+00,cuemu,,1.5035E+17,,
175,1.2.276.277.388.389.404.406,Mabo,{Dantooine},0.629,212,0.212,811,0.811,674,0.674,820,0.82,,,,,,,,,,,,,,,TRUE,2026-01-01 01:33:04.569552+00,,2026-01-01 01:41:14.46623+00,cuemu,,1.5035E+17,,
176,1.2.276.484.485.487.489,Daba,{Dantooine},0.571,800,0.8,67,0.084,,,,,665,0.831,293,0.366,542,0.774,,,,,,,,,TRUE,2026-01-01 01:32:36.612067+00,,2026-01-01 01:41:16.765058+00,cuemu,,1.5035E+17,,
177,1.759.760.801.802.807,Falefoine,{Endor},0.633,500,1,,,,,106,0.265,,,,,,,,,,,,,,,FALSE,2026-01-01 19:40:56.478934+00,,2026-01-07 22:14:52.230035+00,cuemu,,1.5035E+17,,
178,1.2.276.277.278.307.321.325,Staorlola,{Endor},0.542,653,0.653,93,0.093,664,0.664,531,0.759,,,,,,,,,,,,,,,FALSE,2026-01-01 19:45:00.837184+00,,2026-01-07 22:18:10.521433+00,cuemu,,1.5035E+17,,
179,1.526.571.653.654.657.659,Koeperis,"{Yavin,Lok,Endor,Corellia}",0.743,246,0.246,434,0.941,,,,,98,0.705,463,0.861,472,0.877,278,0.724,454,0.844,,,,,FALSE,2025-12-31 23:58:51.19374+00,,2026-01-06 19:27:45.60109+00,cuemu,,1.5035E+17,,
180,1.2.276.277.278.334.335.337,Cobu,{Dantooine},0.512,315,0.315,475,0.475,658,0.94,317,0.317,,,,,,,,,,,,,,,FALSE,2026-01-01 01:40:11.037537+00,,2026-01-13 23:25:18.48107+00,cuemu,,1.5035E+17,,
181,1.2.276.277.278.361.362.366,Kamoso,{Endor},0.528,524,0.524,369,0.369,575,0.821,399,0.399,,,,,,,,,,,,,,,FALSE,2026-01-01 19:45:47.143333+00,,2026-01-07 22:22:21.890415+00,cuemu,,1.5035E+17,,
182,1.2.276.484.485.500.513.515,Leclepa,{Dantooine},0.439,197,0.197,226,0.452,,,,,834,0.834,150,0.5,85,0.212,,,,,,,,,FALSE,2026-01-01 01:35:51.278214+00,,2026-01-11 16:51:38.64006+00,cuemu,,1.5035E+17,,
183,1.2.276.277.278.334.348.352,Ciquemni,{Endor},0.605,888,0.888,318,0.318,722,0.722,343,0.49,,,,,,,,,,,,,,,FALSE,2026-01-01 19:44:07.705344+00,,2026-01-07 22:21:22.366237+00,cuemu,,1.5035E+17,,
184,1.526.728.729.731.741,Beeskeeene,{Mustafar},0.852,837,0.837,867,0.867,,,,,,,,,,,,,,,,,,,FALSE,2026-01-01 01:30:43.911784+00,,2026-01-07 23:43:02.578339+00,cuemu,,1.5035E+17,,
185,1.526.557.562,Hipia,{Endor},0.547,827,0.827,268,0.268,,,,,,,,,,,,,,,,,,,FALSE,2026-01-01 19:41:13.169851+00,,2026-01-06 04:56:39.402967+00,cuemu,,6.17819E+17,,
186,1.2.276.277.278.334.335.339,Tice,{Endor},0.401,480,0.48,226,0.226,224,0.32,577,0.577,,,,,,,,,,,,,,,FALSE,2026-01-01 19:43:41.495828+00,,2026-01-19 02:09:21.831989+00,cuemu,,1.85879E+17,,
187,1.526.571.653.654.657.661,Tideuleo,"{Dantooine,Dathomir}",0.836,522,0.522,525,0.874,,,,,195,0.753,626,0.951,608,0.924,478,0.879,623,0.947,,,,,FALSE,2026-01-01 01:40:46.750566+00,,2026-01-07 21:11:45.038043+00,cuemu,,1.5035E+17,,
188,1.2.276.277.278.280.281.283,Saya,{Dantooine},0.431,509,0.509,452,0.452,23,0.033,730,0.73,,,,,,,,,,,,,,,FALSE,2026-01-01 01:38:27.152317+00,,2026-01-02 21:42:32.89381+00,cuemu,,1.5035E+17,,
189,1.2.276.277.388.389.391.393,Wahirtoo,{Dantooine},0.433,103,0.103,581,0.581,539,0.539,510,0.51,,,,,,,,,,,,,,,FALSE,2026-01-01 01:34:26.332086+00,,2026-01-07 21:41:37.154848+00,cuemu,,1.5035E+17,,
190,1.2.276.277.388.443.445.447,Llitchoa,{Dantooine},0.417,204,0.204,496,0.496,336,0.336,632,0.632,,,,,,,,,,,,,,,FALSE,2026-01-01 01:36:19.108174+00,,2026-01-08 17:00:25.855622+00,cuemu,,1.1874E+17,,
191,1.2.276.277.278.280.281.285,Yay,{Endor},0.645,471,0.471,668,0.668,415,0.593,848,0.848,,,,,,,,,,,,,,,FALSE,2026-01-01 19:43:16.275108+00,,2026-01-11 17:22:44.044042+00,cuemu,,1.5035E+17,,
192,1.2.276.277.388.443.458.462,Lowro,{Endor},0.472,499,0.499,630,0.63,94,0.094,665,0.665,,,,,,,,,,,,,,,FALSE,2026-01-01 19:49:01.602701+00,,2026-01-10 00:00:48.126281+00,cuemu,,1.5035E+17,,
193,1.2.276.277.388.389.417.420,Mauwhe,{Dathomir},0.368,420,0.42,488,0.488,157,0.157,406,0.406,,,,,,,,,,,,,,,FALSE,2026-01-01 20:00:02.012895+00,,2026-01-13 23:08:00.609081+00,cuemu,,1.5035E+17,,
194,1.2.276.277.278.280.294.298,Ciwe,{Endor},0.617,576,0.576,358,0.358,933,0.933,421,0.601,,,,,,,,,,,,,,,FALSE,2026-01-01 19:45:23.808393+00,,2026-01-19 02:06:46.891324+00,cuemu,,1.85879E+17,,
195,1.526.527.543.547,Fegie,{Endor},0.436,503,0.503,340,0.34,,,,,303,0.303,231,0.231,802,0.802,,,,,,,,,FALSE,2026-01-01 19:40:17.589361+00,,2026-01-07 22:12:59.195473+00,cuemu,,1.5035E+17,,
196,1.2.276.277.388.389.430.434,Loja,{Endor},0.322,234,0.234,255,0.255,567,0.567,231,0.231,,,,,,,,,,,,,,,FALSE,2026-01-01 19:47:46.20956+00,,2026-01-16 09:43:29.150692+00,cuemu,,1.5035E+17,,
197,1.2.276.277.278.307.308.311,Wapi,{Dathomir},0.557,581,0.581,116,0.116,584,0.834,698,0.698,,,,,,,,,,,,,,,FALSE,2026-01-01 19:57:11.279522+00,,2026-01-16 04:42:53.135861+00,cuemu,,1.5035E+17,,
198,1.2.276.277.388.443.471.475,Afi,{Endor},0.497,779,0.779,662,0.662,82,0.082,326,0.466,,,,,,,,,,,,,,,FALSE,2026-01-01 19:48:34.579415+00,,2026-01-16 09:43:23.696109+00,cuemu,,1.5035E+17,,
199,1.2.276.277.388.389.391.395,Riheli,{Endor},0.584,826,0.826,661,0.661,257,0.257,590,0.59,,,,,,,,,,,,,,,FALSE,2026-01-01 19:46:55.269862+00,,2026-01-07 22:19:12.33496+00,cuemu,,1.5035E+17,,
200,1.2.276.484.485.500.513.517,Vewwovi,{Endor},0.625,1000,1,279,0.558,,,,,999,0.999,127,0.423,59,0.147,,,,,,,,,FALSE,2026-01-01 19:49:57.543492+00,,2026-01-07 22:16:01.494619+00,cuemu,,1.5035E+17,,
201,1.526.571.597.627.630.637,Gisa,{Dathomir},0.422,123,0.123,124,0.124,,,,,646,0.646,107,0.107,254,0.254,956,0.956,217,0.217,950,0.95,,,TRUE,2026-01-01 19:50:54.806577+00,,2026-01-07 22:11:13.060117+00,cuemu,-380 -2600 Dath Science,1.5035E+17,,
202,1.526.527.543.546,Refloewo,{Dathomir},0.35,394,0.394,294,0.294,,,,,344,0.344,493,0.493,226,0.226,,,,,,,,,FALSE,2026-01-01 19:55:00.136529+00,,2026-01-02 21:51:06.883987+00,cuemu,,1.5035E+17,,
203,1.2.276.277.278.361.375.378,Moho,{Dathomir},0.461,879,0.879,609,0.609,349,0.349,4,0.006,,,,,,,,,,,,,,,FALSE,2026-01-01 19:58:46.141867+00,,2026-01-11 17:01:58.537064+00,cuemu,,1.5035E+17,,
204,1.526.557.561,Oulyoca,{Dathomir},0.582,735,0.735,429,0.429,,,,,,,,,,,,,,,,,,,FALSE,2026-01-01 19:55:57.886793+00,,2026-01-07 21:21:47.901445+00,cuemu,,1.5035E+17,,
205,1.759.760.801.802.806,Sreste,{Dathomir},0.503,500,1,,,,,3,0.007,,,,,,,,,,,,,,,FALSE,2026-01-01 19:55:16.682025+00,,2026-01-07 21:21:14.876736+00,cuemu,,1.5035E+17,,
206,1.526.571.597.598.616.619,Nosaeiam,{Endor},0.693,301,0.301,405,0.808,,,,,83,0.48,524,0.914,496,0.866,136,0.589,570,0.885,101,0.701,,,FALSE,2026-01-01 19:41:49.839085+00,,2026-01-07 22:09:37.917705+00,cuemu,,1.5035E+17,,
207,1.2.276.277.278.334.335.338,Fosrodoi,{Dathomir},0.373,182,0.182,656,0.656,194,0.277,376,0.376,,,,,,,,,,,,,,,FALSE,2026-01-01 19:57:59.578451+00,,2026-01-05 02:47:19.993959+00,cuemu,,1.5035E+17,,
208,1.2.276.484.485.500.504,Balasti,{Endor},0.412,74,0.074,157,0.262,,,,,892,0.892,30,0.1,292,0.73,,,,,,,,,FALSE,2026-01-01 19:49:29.034575+00,,2026-01-16 09:43:06.204682+00,cuemu,,1.5035E+17,,
209,1.2.276.277.278.334.348.351,Tomifa,{Dathomir},0.599,796,0.796,428,0.428,479,0.479,486,0.694,,,,,,,,,,,,,,,FALSE,2026-01-01 19:56:49.408168+00,,2026-01-16 04:43:00.520057+00,cuemu,,1.5035E+17,,
210,1.2.276.277.278.280.294.297,Krehosa,{Dathomir},0.335,157,0.157,574,0.574,323,0.323,200,0.286,,,,,,,,,,,,,,,TRUE,2026-01-01 19:57:34.805603+00,,2026-01-01 20:03:56.402231+00,cuemu,,1.5035E+17,,
211,1.2.276.277.278.361.362.365,Rxagi,{Dathomir},0.341,60,0.06,100,0.1,421,0.601,602,0.602,,,,,,,,,,,,,,,FALSE,2026-01-01 19:59:13.671513+00,,2026-01-05 02:47:27.198073+00,cuemu,,1.5035E+17,,
212,1.2.276.277.388.389.430.433,Fife,{Dathomir},0.376,236,0.236,121,0.121,511,0.511,637,0.637,,,,,,,,,,,,,,,FALSE,2026-01-01 20:00:23.503082+00,,2026-01-13 23:14:35.27748+00,cuemu,,1.5035E+17,,
213,1.2.276.277.388.443.445.449,Temi,{Endor},0.358,714,0.714,179,0.179,447,0.447,93,0.093,,,,,,,,,,,,,,,FALSE,2026-01-01 19:47:20.991049+00,,2026-01-11 17:22:13.535829+00,cuemu,,1.5035E+17,,
214,1.2.276.277.388.389.404.408,Lena,{Endor},0.35,683,0.683,282,0.282,102,0.102,333,0.333,,,,,,,,,,,,,,,FALSE,2026-01-01 19:48:12.919346+00,,2026-01-05 03:20:45.443375+00,cuemu,,1.5035E+17,,
215,1.2.276.277.388.389.404.407,Nota,{Dathomir},0.386,734,0.734,150,0.15,88,0.088,572,0.572,,,,,,,,,,,,,,,TRUE,2026-01-01 19:59:36.961534+00,,2026-01-01 20:04:03.346567+00,cuemu,,1.5035E+17,,
216,1.2.276.277.278.307.321.324,Bloawo,{Dathomir},0.473,212,0.212,153,0.153,880,0.88,453,0.647,,,,,,,,,,,,,,,FALSE,2026-01-01 19:58:23.039964+00,,2026-01-13 23:10:38.656583+00,cuemu,,1.5035E+17,,
217,1.526.571.597.598.601.612,Kovou,"{Endor,Dathomir}",0.425,358,0.358,614,0.614,,,,,153,0.153,435,0.435,365,0.365,53,0.053,841,0.841,580,0.58,,,FALSE,2026-01-01 19:51:27.75107+00,,2026-01-16 04:33:42.64829+00,cuemu,,1.5035E+17,,
218,1.2.276.277.278.280.281.284,Arai,{Dathomir},0.322,559,0.559,265,0.265,22,0.031,431,0.431,,,,,,,,,,,,,,,FALSE,2026-01-01 19:56:22.072524+00,,2026-01-11 17:00:54.532136+00,cuemu,,1.5035E+17,,
219,1.2.276.277.388.389.391.394,Tooge,{Dathomir},0.437,69,0.069,298,0.298,859,0.859,523,0.523,,,,,,,,,,,,,,,FALSE,2026-01-01 20:00:46.7603+00,,2026-01-09 23:31:47.790116+00,cuemu,,1.5035E+17,,
220,1.2.276.277.388.443.445.448,Tsipoa,{Dathomir},0.308,23,0.023,679,0.679,8,0.008,523,0.523,,,,,,,,,,,,,,,FALSE,2026-01-01 20:01:32.15555+00,,2026-01-09 23:31:19.812081+00,cuemu,,1.5035E+17,,
221,1.2.276.484.485.500.503,Viogega,{Dathomir},0.443,534,0.534,349,0.582,,,,,688,0.688,19,0.063,139,0.347,,,,,,,,,FALSE,2026-01-01 20:02:33.967333+00,,2026-01-05 02:47:11.710662+00,cuemu,,1.5035E+17,,
222,1.2.276.484.485.487.490,Cesteo,{Dathomir},0.542,520,0.52,550,0.688,,,,,669,0.836,11,0.014,457,0.653,,,,,,,,,TRUE,2026-01-01 20:03:23.761804+00,,2026-01-01 20:04:17.718755+00,cuemu,,1.5035E+17,,
223,1.759.760.801.815.819,Haspiine,{Dathomir},0.826,500,1,,,,,391,0.652,,,,,,,,,,,,,,,FALSE,2026-01-01 19:55:35.938045+00,,2026-01-07 21:20:53.503286+00,cuemu,,1.5035E+17,,
224,1.2.276.277.388.443.471.474,Pioska,{Dathomir},0.173,128,0.128,60,0.06,362,0.362,101,0.144,,,,,,,,,,,,,,,FALSE,2026-01-01 20:01:59.448089+00,,2026-01-09 23:30:57.778954+00,cuemu,,1.5035E+17,,
225,1.2.276.484.485.487.491,Paipu,{Endor},0.438,752,0.752,31,0.039,,,,,470,0.588,91,0.114,487,0.696,,,,,,,,,FALSE,2026-01-01 19:50:24.79777+00,,2026-01-07 22:15:51.476225+00,cuemu,,1.5035E+17,,
226,1.526.571.597.598.616.626,Eraate,{Mustafar},0.912,628,0.628,952,0.952,,,,,578,0.963,911,0.911,959,0.959,764,0.955,951,0.951,490,0.98,,,FALSE,2026-01-01 20:07:21.543584+00,,2026-01-07 23:42:59.276101+00,cuemu,,1.5035E+17,,
227,1.2.276.484.485.500.508,Lodoa,{Talus},0.554,372,0.372,151,0.252,,,,,851,0.851,157,0.523,309,0.772,,,,,,,,,FALSE,2026-01-01 20:09:28.806637+00,,2026-01-09 23:52:55.27539+00,cuemu,,1.5035E+17,,
228,1.526.571.701.717.726,Peveuide,{Mustafar},0.862,537,0.537,893,0.893,,,,,380,0.95,902,0.902,898,0.898,881,0.881,975,0.975,,,,,FALSE,2026-01-01 20:05:39.425887+00,,2026-01-07 23:43:03.67074+00,cuemu,,1.5035E+17,,
229,1.2.276.277.388.443.445.453,Eda,{Talus},0.334,122,0.122,647,0.647,493,0.493,75,0.075,,,,,,,,,,,,,,,FALSE,2026-01-01 20:11:14.284759+00,,2026-01-07 22:43:28.457298+00,cuemu,,1.5035E+17,,
230,1.526.557.566,Kreaheo,{Talus},0.47,731,0.731,209,0.209,,,,,,,,,,,,,,,,,,,FALSE,2026-01-01 20:08:51.174598+00,,2026-01-03 16:40:48.293209+00,cuemu,,1.5035E+17,,
231,1.2.276.277.388.389.391.399,Baro,{Talus},0.556,407,0.407,960,0.96,508,0.508,350,0.35,,,,,,,,,,,,,,,FALSE,2026-01-01 20:13:40.90903+00,,2026-01-03 16:42:17.97295+00,cuemu,,1.5035E+17,,
232,1.2.276.277.278.334.348.356,Segae,{Talus},0.477,686,0.686,214,0.214,741,0.741,186,0.266,,,,,,,,,,,,,,,FALSE,2026-01-01 20:16:31.747769+00,,2026-01-11 17:16:48.846408+00,cuemu,,1.5035E+17,,
233,1.2.276.277.388.389.430.438,Temo,{Talus},0.558,588,0.588,562,0.562,641,0.641,441,0.441,,,,,,,,,,,,,,,FALSE,2026-01-01 20:12:02.074146+00,,2026-01-16 04:14:28.456105+00,cuemu,,1.5035E+17,,
234,1.2.276.277.388.389.417.418,Icaofo,{Corellia},0.51,595,0.595,548,0.548,630,0.63,269,0.269,,,,,,,,,,,,,,,FALSE,2026-01-01 20:47:06.335613+00,,2026-01-19 01:45:17.869073+00,cuemu,,1.85879E+17,,
235,1.2.276.277.388.389.417.425,Hethme,{Talus},0.303,381,0.381,400,0.4,122,0.122,308,0.308,,,,,,,,,,,,,,,FALSE,2026-01-01 20:12:25.516804+00,,2026-01-05 02:10:47.489739+00,cuemu,,1.5035E+17,,
236,1.2.276.277.388.443.471.479,Adegeo,{Talus},0.341,323,0.323,677,0.677,87,0.087,193,0.276,,,,,,,,,,,,,,,FALSE,2026-01-01 20:11:39.400612+00,,2026-01-07 22:43:54.120194+00,cuemu,,1.5035E+17,,
237,1.2.276.277.388.389.404.412,Waemi,{Talus},0.379,373,0.373,573,0.573,74,0.074,497,0.497,,,,,,,,,,,,,,,FALSE,2026-01-01 20:13:15.793975+00,,2026-01-07 22:44:18.252325+00,cuemu,,1.5035E+17,,
238,1.2.276.277.278.280.294.302,Esode,{Talus},0.416,38,0.038,486,0.486,761,0.761,266,0.38,,,,,,,,,,,,,,,FALSE,2026-01-01 20:15:20.927159+00,,2026-01-16 04:14:36.198245+00,cuemu,,1.5035E+17,,
239,1.526.557.559,Ponoo,{Corellia},0.443,744,0.744,142,0.142,,,,,,,,,,,,,,,,,,,FALSE,2026-01-01 20:46:24.103329+00,,2026-01-05 14:42:29.19286+00,cuemu,,1.5035E+17,,
240,1.2.276.484.485.500.513.521,Soske,{Talus},0.667,428,0.428,348,0.696,,,,,860,0.86,243,0.81,216,0.54,,,,,,,,,FALSE,2026-01-01 20:10:23.020296+00,,2026-01-16 04:22:59.371117+00,cuemu,,1.5035E+17,,
241,1.2.276.277.278.280.281.289,Fure,{Talus},0.289,102,0.102,590,0.59,46,0.066,398,0.398,,,,,,,,,,,,,,,FALSE,2026-01-01 20:15:42.677132+00,,2026-01-07 22:45:02.921023+00,cuemu,,1.5035E+17,,
242,1.2.276.277.278.334.335.343,Bopiro,{Talus},0.409,472,0.472,221,0.221,292,0.417,525,0.525,,,,,,,,,,,,,,,FALSE,2026-01-01 20:16:04.676783+00,,2026-01-03 16:44:13.135601+00,cuemu,,1.5035E+17,,
243,1.526.527.543.551,Idaswo,{Talus},0.562,992,0.992,240,0.24,,,,,747,0.747,320,0.32,509,0.509,,,,,,,,,FALSE,2026-01-01 20:07:54.525094+00,,2026-01-04 21:07:57.974632+00,cuemu,,1.1874E+17,,
244,1.2.276.277.278.361.362.370,Rgagi,{Talus},0.476,555,0.555,255,0.255,360,0.514,579,0.579,,,,,,,,,,,,,,,FALSE,2026-01-01 20:12:50.522616+00,,2026-01-16 04:14:45.060361+00,cuemu,,1.5035E+17,,
245,1.2.276.277.278.307.321.329,Faliva,{Talus},0.273,223,0.223,81,0.081,349,0.349,307,0.439,,,,,,,,,,,,,,,FALSE,2026-01-01 20:14:36.388076+00,,2026-01-16 04:14:38.957157+00,cuemu,,1.5035E+17,,
246,1.526.571.572.575.582,Joema,"{Dantooine,Talus,Corellia}",0.718,330,0.33,745,0.931,,,892,0.892,,,,,,,,,,,,,,,FALSE,2026-01-01 01:29:27.28798+00,,2026-01-07 22:55:52.087629+00,cuemu,,1.85879E+17,,
247,1.2.276.277.278.361.375.383,Heichenne,{Talus},0.383,248,0.248,456,0.456,710,0.71,82,0.117,,,,,,,,,,,,,,,FALSE,2026-01-01 20:14:12.340495+00,,2026-01-04 02:18:11.24029+00,cuemu,,1.5035E+17,,
248,1.2.276.277.388.443.458.461,Chepi,{Dathomir},0.504,473,0.473,421,0.421,583,0.583,540,0.54,,,,,,,,,,,,,,,FALSE,2026-01-01 20:01:10.111638+00,,2026-01-13 23:08:56.207451+00,cuemu,,1.5035E+17,,
249,1.2.276.277.278.307.308.316,Nitea,{Talus},0.338,66,0.066,557,0.557,219,0.313,417,0.417,,,,,,,,,,,,,,,FALSE,2026-01-01 20:14:58.756676+00,,2026-01-07 22:44:42.432279+00,cuemu,,1.5035E+17,,
250,1.526.571.597.598.616.618,Ana,"{Talus,Corellia}",0.586,489,0.489,384,0.928,,,,,32,0.327,423,0.849,463,0.93,13,0.099,500,0.861,17,0.207,,,FALSE,2026-01-01 20:06:50.190646+00,,2026-01-05 02:03:45.571256+00,cuemu,,1.5035E+17,,
251,1.2.276.484.485.487.495,Wyorile,{Talus},0.572,326,0.326,209,0.261,,,,,651,0.814,740,0.925,375,0.536,,,,,,,,,FALSE,2026-01-01 20:10:51.696112+00,,2026-01-05 02:08:51.397693+00,cuemu,,1.5035E+17,,
252,1.759.760.801.815.824,Iatti,{Talus},0.796,500,1,,,,,356,0.593,,,,,,,,,,,,,,,FALSE,2026-01-01 20:08:11.707367+00,,2026-01-07 22:35:26.783741+00,cuemu,,1.5035E+17,,
253,1.759.760.801.815.817,Slaho,{Corellia},0.913,500,1,,,,,496,0.827,,,,,,,,,,,,,,,FALSE,2026-01-01 20:45:51.485017+00,,2026-01-07 01:49:06.928632+00,cuemu,,1.5035E+17,,
254,1.2.276.277.388.389.391.392,Nefope,{Corellia},0.591,413,0.413,734,0.734,998,0.998,220,0.22,,,,,,,,,,,,,,,FALSE,2026-01-01 20:47:53.942502+00,,2026-01-05 14:47:36.5262+00,cuemu,,1.5035E+17,,
255,1.526.571.653.680.692.699,Tajoikeate,{Corellia},0.464,17,0.017,574,0.574,,,,,916,0.916,563,0.563,365,0.365,296,0.296,516,0.516,,,,,FALSE,2026-01-01 20:04:58.2373+00,,2026-01-19 01:55:31.246403+00,cuemu,,1.85879E+17,,
256,1.759.760.801.802.804,Raifau,{Corellia},0.754,500,1,,,,,203,0.507,,,,,,,,,,,,,,,FALSE,2026-01-01 20:46:09.017806+00,,2026-01-07 01:45:16.603794+00,cuemu,,1.5035E+17,,
257,1.2.276.484.485.500.513.516,Lavo,{Dathomir},0.559,802,0.802,131,0.262,,,,,885,0.885,37,0.123,290,0.725,,,,,,,,,FALSE,2026-01-01 20:02:58.741066+00,,2026-01-02 21:54:34.049944+00,cuemu,,1.5035E+17,,
258,1.759.760.801.802.811,Widoigme,{Talus},0.771,500,1,,,,,217,0.542,,,,,,,,,,,,,,,FALSE,2026-01-01 20:08:32.384033+00,,2026-01-03 16:40:29.989217+00,cuemu,,1.5035E+17,,
259,1.2.276.277.388.443.458.466,Hifo,{Talus},0.349,373,0.373,423,0.423,193,0.193,408,0.408,,,,,,,,,,,,,,,FALSE,2026-01-01 20:09:54.597318+00,,2026-01-16 04:14:11.981076+00,cuemu,,1.5035E+17,,
260,1.526.571.597.598.616.618,Reepaate,{Corellia},0.605,565,0.565,315,0.761,,,,,8,0.082,463,0.93,461,0.926,26,0.198,503,0.866,42,0.512,,,FALSE,2026-01-01 20:45:31.475786+00,,2026-01-07 21:00:24.544775+00,cuemu,,1.5035E+17,,
261,1.759.760.801.815.822,Naica,{Naboo},0.7,500,1,,,,,240,0.4,,,,,,,,,,,,,,,FALSE,2026-01-02 20:43:00.227308+00,,2026-01-11 17:36:49.382778+00,cuemu,,1.5035E+17,,
262,1.526.571.597.598.616.618,Gofifaite,"{Rori,Dathomir}",0.619,71,0.071,354,0.855,,,,,49,0.5,412,0.827,481,0.966,36,0.275,552,0.95,42,0.512,,,FALSE,2026-01-02 20:34:45.04817+00,,2026-01-09 23:21:18.976287+00,cuemu,,1.5035E+17,,
263,1.2.276.484.485.487.488,Mnotawwi,{Corellia},0.591,330,0.33,736,0.92,,,,,647,0.809,145,0.181,502,0.717,,,,,,,,,FALSE,2026-01-01 20:53:34.720022+00,,2026-01-16 03:27:57.798243+00,cuemu,,1.5035E+17,,
264,1.2.276.277.278.334.348.349,Cespo,{Corellia},0.311,204,0.204,287,0.287,569,0.569,128,0.183,,,,,,,,,,,,,,,FALSE,2026-01-01 20:50:18.202434+00,,2026-01-09 23:05:56.903782+00,cuemu,,1.5035E+17,,
265,1.2.276.277.278.307.308.309,Klaonae,{Corellia},0.394,476,0.476,383,0.383,129,0.184,532,0.532,,,,,,,,,,,,,,,FALSE,2026-01-01 20:49:52.537046+00,,2026-01-11 16:42:48.052945+00,cuemu,,1.5035E+17,,
266,1.2.276.277.278.307.321.322,Bride,{Corellia},0.438,163,0.163,494,0.494,509,0.509,411,0.587,,,,,,,,,,,,,,,FALSE,2026-01-01 20:49:25.231479+00,,2026-01-20 18:40:19.147322+00,cuemu,,1.85879E+17,,
267,1.2.276.277.278.280.294.295,Roohi,{Corellia},0.488,242,0.242,303,0.303,720,0.72,480,0.686,,,,,,,,,,,,,,,FALSE,2026-01-01 20:51:03.233116+00,,2026-01-09 23:05:34.599276+00,cuemu,,1.5035E+17,,
268,1.2.276.277.388.443.445.446,Putche,{Corellia},0.534,328,0.328,699,0.699,598,0.598,513,0.513,,,,,,,,,,,,,,,FALSE,2026-01-01 20:48:41.037719+00,,2026-01-19 01:46:40.573951+00,cuemu,,1.85879E+17,,
269,1.2.276.277.278.361.375.376,Tride,{Corellia},0.349,355,0.355,367,0.367,473,0.473,141,0.201,,,,,,,,,,,,,,,FALSE,2026-01-01 20:51:29.930269+00,,2026-01-11 16:42:19.304095+00,cuemu,,1.5035E+17,,
270,1.2.276.277.388.389.430.431,Dateimoo,{Corellia},0.35,156,0.156,497,0.497,631,0.631,118,0.118,,,,,,,,,,,,,,,FALSE,2026-01-01 20:47:31.613845+00,,2026-01-05 02:24:13.759321+00,cuemu,,1.5035E+17,,
271,1.526.571.597.598.600,Saorenyian,"{Rori,Corellia,Yavin}",0.557,117,0.117,465,0.465,,,,,309,0.515,639,0.639,756,0.756,457,0.571,457,0.457,610,0.938,,,FALSE,2026-01-02 19:14:21.367599+00,,2026-01-16 10:28:43.682041+00,cuemu,,1.5035E+17,,
272,1.526.571.597.598.616.619,Gela,{Tatooine},0.762,700,0.7,422,0.842,,,,,58,0.335,506,0.883,524,0.914,193,0.835,590,0.916,97,0.674,,,FALSE,2026-01-02 20:48:02.94129+00,,2026-01-05 14:26:35.10117+00,cuemu,,1.5035E+17,,
273,1.526.527.540.542,Eogo,"{Rori,Corellia,Dantooine,Dathomir,Talus,Lok,Naboo,Endor}",0.555,403,0.403,552,0.552,,,,,412,0.412,817,0.817,592,0.592,,,,,,,,,FALSE,2026-01-02 20:34:07.679196+00,,2026-01-11 16:34:14.500689+00,cuemu,,1.5035E+17,,
274,1.2.276.277.388.443.458.459,Movigo,{Corellia},0.533,951,0.951,266,0.266,368,0.368,548,0.548,,,,,,,,,,,,,,,FALSE,2026-01-02 21:02:22.51494+00,,2026-01-16 03:30:45.345889+00,cuemu,,1.5035E+17,,
275,1.2.276.277.388.389.404.405,Gidwivve,{Corellia},0.458,504,0.504,473,0.473,171,0.171,684,0.684,,,,,,,,,,,,,,,FALSE,2026-01-01 20:48:17.242184+00,,2026-01-19 01:44:16.290164+00,cuemu,,1.85879E+17,,
276,1.526.571.597.598.601.608,Sidiawe,"{Corellia,Naboo,Dantooine,Talus,Yavin,Endor,Lok,Tatooine}",0.845,605,0.605,774,0.95,,,,,191,0.758,689,0.886,756,0.928,427,0.847,797,0.935,349,0.851,,,FALSE,2026-01-02 20:41:40.039644+00,,2026-01-08 21:45:31.733514+00,cuemu,,1.93478E+17,,
277,1.526.527.543.544,Terja,{Corellia},0.229,115,0.115,579,0.579,,,,,157,0.157,112,0.112,184,0.184,,,,,,,,,FALSE,2026-01-01 20:46:42.008796+00,,2026-01-07 01:37:22.234771+00,cuemu,,1.5035E+17,,
278,1.526.527.540.541,Sokave,"{Naboo,Rori,Dantooine,Dathomir,Lok,Tatooine,Corellia,Endor}",0.503,585,0.585,421,0.421,,,,,,,,,,,,,,,,,,,FALSE,2026-01-02 19:10:40.823244+00,,2026-01-09 23:23:04.136253+00,cuemu,,1.5035E+17,,
279,1.2.276.277.278.280.281.283,Schafoki,{Dantooine},0.472,29,0.029,874,0.874,357,0.51,476,0.476,,,,,,,,,,,,,,,FALSE,2026-01-02 21:42:18.173857+00,,2026-01-13 23:26:08.913044+00,cuemu,,1.5035E+17,,
280,1.526.527.543.549,Cima,{Naboo},0.268,353,0.353,193,0.193,,,,,108,0.108,139,0.139,547,0.547,,,,,,,,,FALSE,2026-01-02 20:42:21.23946+00,,2026-01-13 22:42:41.245472+00,cuemu,,6.17819E+17,,
281,1.2.276.277.278.280.281.282,Vosae,{Corellia},0.482,657,0.657,98,0.098,323,0.461,713,0.713,,,,,,,,,,,,,,,FALSE,2026-01-01 20:50:37.654528+00,,2026-01-16 03:26:51.570033+00,cuemu,,1.5035E+17,,
282,1.2.276.277.278.361.362.363,Vispo,{Corellia},0.43,186,0.186,466,0.466,490,0.7,370,0.37,,,,,,,,,,,,,,,FALSE,2026-01-01 20:52:20.597487+00,,2026-01-09 14:22:59.562152+00,cuemu,,1.85879E+17,,
283,1.526.571.597.598.601.607,Hihea,"{Rori,Lok,Naboo,Dantooine,Dathomir,Yavin,Endor,Tatooine}",0.86,619,0.619,716,0.936,,,,,197,0.929,656,0.914,714,0.933,367,0.866,750,0.924,262,0.759,,,FALSE,2026-01-02 19:12:00.543625+00,,2026-01-16 04:02:13.90446+00,cuemu,,1.5035E+17,,
284,1.2.276.277.388.443.471.472,Race,{Corellia},0.157,438,0.438,94,0.094,50,0.05,32,0.046,,,,,,,,,,,,,,,FALSE,2026-01-01 20:49:02.025864+00,,2026-01-07 01:48:06.882968+00,cuemu,,1.5035E+17,,
285,1.526.571.653.654.669.675,Epoate,"{Rori,Naboo}",0.911,818,0.818,742,0.939,,,,,401,0.955,728,0.888,811,0.954,637,0.838,894,0.982,,,,,FALSE,2026-01-02 19:28:42.131515+00,,2026-01-15 04:30:10.138078+00,cuemu,NE of Narmle - /waypoint Rori -4715 -619,2.75763E+17,,
286,1.759.760.801.815.823,Egaine,{Rori},0.825,500,1,,,,,390,0.65,,,,,,,,,,,,,,,FALSE,2026-01-02 20:36:44.343779+00,,2026-01-05 03:43:54.686457+00,cuemu,,1.5035E+17,,
287,1.2.276.484.485.500.513.514,Lcobe,{Corellia},0.422,289,0.289,180,0.36,,,,,833,0.833,164,0.547,32,0.08,,,,,,,,,FALSE,2026-01-01 20:53:10.351489+00,,2026-01-11 16:38:31.22918+00,cuemu,,1.5035E+17,,
288,1.2.276.484.485.500.501,Peisoca,{Corellia},0.495,290,0.29,538,0.897,,,,,754,0.754,40,0.133,161,0.403,,,,,,,,,FALSE,2026-01-01 20:52:44.666404+00,,2026-01-19 01:46:23.643687+00,cuemu,,1.85879E+17,,
289,1.2.276.277.278.334.335.336,Vicreuve,{Corellia},0.324,364,0.364,192,0.192,142,0.203,538,0.538,,,,,,,,,,,,,,,FALSE,2026-01-01 20:51:55.718642+00,,2026-01-19 01:47:10.310972+00,cuemu,,1.85879E+17,,
290,1.2.276.484.485.500.513.516,Glivoce,{Dathomir},0.548,625,0.625,286,0.572,,,,,877,0.877,30,0.1,226,0.565,,,,,,,,,FALSE,2026-01-02 21:54:24.015357+00,,2026-01-09 23:30:04.541534+00,cuemu,,1.5035E+17,,
291,1.526.527.543.550,Bati,{Rori},0.481,766,0.766,158,0.158,,,,,238,0.238,594,0.594,649,0.649,,,,,,,,,FALSE,2026-01-03 17:36:19.062748+00,,2026-01-10 07:53:34.312726+00,cuemu,,1.5035E+17,,
292,1.2.276.484.485.487.491,Eka,{Endor},0.541,494,0.494,217,0.271,,,,,590,0.738,577,0.721,338,0.483,,,,,,,,,TRUE,2026-01-02 22:02:50.071796+00,,2026-01-02 22:02:53.036213+00,cuemu,,1.5035E+17,,
293,1.2.276.484.485.500.513.517,Vevi,{Endor},0.356,132,0.132,86,0.172,,,,,856,0.856,108,0.36,103,0.258,,,,,,,,,TRUE,2026-01-02 22:03:20.391557+00,,2026-01-02 22:03:22.847133+00,cuemu,,1.5035E+17,,
294,1.526.571.597.627.640.643,Viswiic,"{Talus,Yavin,Endor,Lok,Tatooine,Dantooine,Rori,Naboo}",0.691,152,0.152,83,0.461,,,,,555,0.884,394,0.921,345,0.806,116,0.566,272,0.863,549,0.874,,,FALSE,2026-01-03 16:45:47.138118+00,,2026-01-16 04:00:52.570355+00,cuemu,,1.5035E+17,,
295,1.2.3.180.222.250.255,Reni,{Lok},0.324,791,0.791,66,0.066,,,,,92,0.092,115,0.115,558,0.558,,,,,,,,,TRUE,2026-01-03 05:43:11.45614+00,,2026-01-03 05:45:02.809924+00,cuemu,,1.5035E+17,,
296,1.2.3.180.222.263.270,Dhame,{Rori},0.249,351,0.351,85,0.085,,,,,86,0.086,156,0.156,568,0.568,,,,,,,,,TRUE,2026-01-03 05:42:24.702444+00,,2026-01-03 05:45:04.488695+00,cuemu,,1.5035E+17,,
297,1.2.3.180.222.250.257,Bieto,{Rori},0.588,670,0.67,676,0.676,,,,,857,0.857,121,0.121,616,0.616,,,,,,,,,TRUE,2026-01-03 05:41:44.691197+00,,2026-01-03 05:45:06.493245+00,cuemu,,1.5035E+17,,
298,1.2.3.180.222.263.265,Woene,{Dantooine},0.5,730,0.73,469,0.469,,,,,290,0.29,513,0.513,497,0.497,,,,,,,,,FALSE,2026-01-03 05:39:19.019767+00,,2026-01-08 10:02:06.703405+00,cuemu,,1.5035E+17,,
299,1.2.3.180.222.250.256,Sagi,{Naboo},0.392,612,0.612,225,0.225,,,,,92,0.092,667,0.667,364,0.364,,,,,,,,,FALSE,2026-01-03 05:38:24.731848+00,,2026-01-08 10:07:01.078688+00,cuemu,,1.5035E+17,,
300,1.2.3.180.222.250.252,Aona,{Dantooine},0.453,300,0.3,633,0.633,,,,,350,0.35,590,0.59,394,0.394,,,,,,,,,FALSE,2026-01-03 05:40:12.968785+00,,2026-01-08 10:02:55.228079+00,cuemu,,1.5035E+17,,
301,1.526.571.597.598.601.603,Kevei,"{Talus,Corellia,Yavin,Endor,Dantooine,Lok,Rori,Naboo}",0.702,789,0.789,526,0.931,,,,,2,0.038,415,0.868,544,0.963,10,0.095,630,0.966,82,0.965,,,FALSE,2026-01-03 08:17:05.457991+00,,2026-01-09 22:49:11.505628+00,cuemu,,1.5035E+17,,
302,1.526.571.597.598.616.623,Lube,"{Dathomir,Yavin,Dantooine}",0.845,604,0.604,726,0.853,,,,,404,0.854,789,0.904,762,0.873,609,0.967,837,0.936,303,0.769,,,FALSE,2026-01-03 16:59:22.986961+00,,2026-01-16 04:01:34.217122+00,cuemu,,1.5035E+17,,
303,1.526.557.566,Loshasa,{Talus},0.424,647,0.647,201,0.201,,,,,,,,,,,,,,,,,,,FALSE,2026-01-03 16:41:30.368943+00,,2026-01-16 04:13:55.690441+00,cuemu,,1.5035E+17,,
304,1.526.527.529.531.539,Ctodo,{Mustafar},0.445,118,0.118,342,0.57,,,646,0.646,,,,,,,,,,,,,,,FALSE,2026-01-02 22:02:25.837397+00,,2026-01-07 23:43:01.415279+00,cuemu,Actually on Endor,1.5035E+17,,
305,1.526.571.597.627.630.636,Hofamaian,"{Naboo,Rori,Lok,Corellia,Yavin,Dantooine,Talus,Endor}",0.765,124,0.124,503,0.711,,,,,756,0.824,728,0.877,720,0.867,620,0.877,673,0.922,684,0.922,,,FALSE,2025-12-29 12:20:38.666575+00,,2026-01-06 19:06:52.642987+00,cuemu,"/waypoint Naboo 924 4060 Hofa 85% 
great for swoops and harvesters!",1.5035E+17,,
306,1.526.571.597.627.630.634,Wetaine,"{Rori,Tatooine,Lok,Corellia,Dantooine,Endor,Talus,Dathomir}",0.7,213,0.213,259,0.589,,,,,511,0.746,486,0.771,559,0.887,296,0.673,459,0.866,490,0.852,,,FALSE,2025-12-30 03:55:48.415536+00,,2026-01-06 19:06:50.765594+00,cuemu,,1.5035E+17,,
307,1.2.276.277.388.389.391.399,Teostagi,{Talus},0.318,438,0.438,134,0.134,492,0.492,208,0.208,,,,,,,,,,,,,,,TRUE,2026-01-03 16:43:05.832995+00,,,cuemu,,1.5035E+17,,
308,1.526.527.543.546,Creitha,{Dathomir},0.389,114,0.114,331,0.331,,,,,304,0.304,325,0.325,869,0.869,,,,,,,,,FALSE,2026-01-02 21:50:55.299374+00,,2026-01-09 23:25:15.090573+00,cuemu,,1.5035E+17,,
309,1.526.571.597.598.601.605,Faodeide,"{Rori,Naboo,Lok,Yavin,Endor,Corellia,Dathomir,Talus}",0.851,533,0.533,620,0.932,,,,,90,0.677,538,0.9,640,0.962,241,0.909,673,0.919,209,0.972,,,FALSE,2025-12-30 22:28:13.809195+00,,2026-01-04 13:46:00.49311+00,cuemu,,6.17819E+17,,
310,1.2.276.277.278.334.335.343,Heve,{Talus},0.708,775,0.775,631,0.631,696,0.994,432,0.432,,,,,,,,,,,,,,,FALSE,2026-01-03 16:44:47.669057+00,,2026-01-16 04:14:50.190017+00,cuemu,,1.5035E+17,,
311,1.2.3.180.222.250.253,Vomoi,{Dathomir},0.583,848,0.848,872,0.872,,,,,390,0.39,685,0.685,119,0.119,,,,,,,,,FALSE,2026-01-03 05:41:02.86849+00,,2026-01-08 10:00:50.919047+00,cuemu,,1.5035E+17,,
312,1.2.3.180.222.263.269,Eroweo,{Naboo},0.462,478,0.478,305,0.305,,,,,241,0.241,594,0.594,691,0.691,,,,,,,,,FALSE,2026-01-03 05:36:35.641591+00,,2026-01-06 18:42:29.918527+00,cuemu,,1.5035E+17,,
313,1.2.276.277.388.443.458.464,Ipailma,{Naboo},0.471,472,0.472,247,0.247,688,0.688,476,0.476,,,,,,,,,,,,,,,FALSE,2026-01-03 17:32:43.346055+00,,2026-01-11 17:37:39.42269+00,cuemu,,1.5035E+17,,
314,1.2.276.277.278.307.308.310,Vewi,{Dantooine},0.631,672,0.672,931,0.931,278,0.397,524,0.524,,,,,,,,,,,,,,,FALSE,2026-01-02 21:43:22.782085+00,,2026-01-11 16:53:01.950277+00,cuemu,,1.5035E+17,,
315,1.526.571.597.598.616.618,Jodeian,"{Yavin,Naboo}",0.578,65,0.065,336,0.812,,,,,14,0.143,472,0.948,413,0.829,84,0.641,545,0.938,20,0.244,,,FALSE,2026-01-03 17:16:28.770175+00,,2026-01-11 17:04:23.845534+00,cuemu,,1.5035E+17,,
316,1.2.276.484.485.500.506,Irhi,{Naboo},0.544,109,0.109,387,0.645,,,,,848,0.848,260,0.867,100,0.25,,,,,,,,,FALSE,2026-01-03 17:33:48.436464+00,,2026-01-11 17:41:39.833047+00,cuemu,,1.5035E+17,,
317,1.2.276.277.278.334.348.355,Gioki,{Rori},0.553,469,0.469,397,0.397,613,0.613,514,0.734,,,,,,,,,,,,,,,FALSE,2026-01-03 18:19:09.757816+00,,2026-01-11 17:50:35.743032+00,cuemu,,1.5035E+17,,
318,1.526.557.565,Eni,{Rori},0.333,642,0.642,24,0.024,,,,,,,,,,,,,,,,,,,FALSE,2026-01-03 18:15:07.39061+00,,2026-01-16 10:05:30.161312+00,cuemu,,1.5035E+17,,
319,1.526.571.701.704.707,Reirifoic,"{Tatooine,Naboo,Lok,Yavin,Talus,Corellia,Dathomir,Dantooine}",0.77,523,0.523,241,0.728,,,,,140,0.704,263,0.795,281,0.849,289,0.873,674,0.921,,,,,FALSE,2026-01-04 05:05:29.957294+00,,2026-01-11 16:36:48.507262+00,cuemu,,1.5035E+17,,
320,1.2.276.277.278.361.362.365,Nosio,{Dathomir},0.6,689,0.689,116,0.116,603,0.861,735,0.735,,,,,,,,,,,,,,,FALSE,2026-01-05 02:46:43.349806+00,,2026-01-14 17:18:25.992188+00,cuemu,,1.1874E+17,,
321,1.526.571.653.654.657.661,Tiri,"{Talus,Rori}",0.803,377,0.377,500,0.832,,,,,200,0.772,610,0.927,591,0.898,479,0.881,614,0.933,,,,,FALSE,2026-01-05 01:50:17.78894+00,,2026-01-16 01:21:52.829089+00,cuemu,,2.75763E+17,,
322,1.526.571.597.598.601.614,Babe,"{Talus,Corellia,Yavin,Naboo,Lok,Tatooine,Rori,Dantooine}",0.917,682,0.682,945,0.945,,,,,376,0.94,949,0.949,977,0.977,753,0.941,969,0.969,608,0.935,,,FALSE,2026-01-05 02:03:11.699691+00,,2026-01-11 01:30:22.45071+00,cuemu,"/waypoint Talus 1214 -1234 Babe70%
/waypoint Naboo 3515 3457 Babe79%
/waypoint Dantooine 1000 -5400 Babe82%",1.93478E+17,,
323,1.526.571.597.598.601.606,Kosaide,"{Corellia,Talus,Yavin,Lok,Tatooine,Rori,Dathomir,Dantooine}",0.795,325,0.325,651,0.91,,,,,166,0.96,624,0.948,668,0.934,240,0.696,740,0.959,177,0.632,,,FALSE,2026-01-03 22:11:03.610714+00,,2026-01-10 00:36:17.414788+00,cuemu,,1.5035E+17,,
324,1.526.571.597.598.616.620,Miwo,"{Dathomir,Tatooine,Dantooine}",0.772,469,0.469,565,0.959,,,,,234,0.944,595,0.918,568,0.877,181,0.547,634,0.898,117,0.565,,,FALSE,2026-01-05 02:34:58.95672+00,,2026-01-11 16:46:51.405971+00,cuemu,,1.5035E+17,,
325,1.526.527.543.551,Viteu,{Talus},0.407,397,0.397,592,0.592,,,,,566,0.566,308,0.308,174,0.174,,,,,,,,,FALSE,2026-01-05 02:06:20.467216+00,,2026-01-16 04:12:50.147732+00,cuemu,,1.5035E+17,,
326,1.2.276.277.278.361.375.383,Daliba,{Talus},0.415,142,0.142,617,0.617,584,0.584,221,0.316,,,,,,,,,,,,,,,TRUE,2026-01-04 02:20:58.697341+00,,,cuemu,,1.5035E+17,,
327,1.2.276.277.278.361.362.370,Rgagt,{Talus},0.476,555,0.555,255,0.255,360,0.514,579,0.579,,,,,,,,,,,,,,,FALSE,2026-01-04 02:20:25.411208+00,,2026-01-04 02:23:36.282023+00,cuemu,,1.5035E+17,,
328,1.2.276.277.388.389.430.431,Forroo,{Corellia},0.401,236,0.236,680,0.68,676,0.676,12,0.012,,,,,,,,,,,,,,,FALSE,2026-01-05 02:30:41.089763+00,,2026-01-16 03:25:55.844309+00,cuemu,,1.5035E+17,,
329,1.526.571.653.680.692.698,Makevio,"{Tatooine,Corellia,Lok,Naboo,Rori,Dantooine,Endor,Talus}",0.821,546,0.546,466,0.754,,,,,892,0.972,433,0.701,459,0.866,863,0.94,889,0.968,,,,,FALSE,2026-01-03 22:06:16.783248+00,,2026-01-11 16:37:19.003652+00,cuemu,,1.5035E+17,,
330,1.526.571.653.680.692.698,Gokoism,"{Tatooine,Lok,Corellia,Rori,Dathomir,Dantooine,Endor,Talus}",0.761,275,0.275,479,0.775,,,,,771,0.84,522,0.845,475,0.896,780,0.85,774,0.843,,,,,FALSE,2026-01-04 05:01:32.175148+00,,2026-01-16 03:22:30.774576+00,cuemu,,1.5035E+17,,
331,1.526.527.543.554,Pawha,{Yavin},0.386,479,0.479,476,0.476,,,,,234,0.234,533,0.533,208,0.208,,,,,,,,,FALSE,2026-01-04 20:58:36.639476+00,,2026-01-16 05:08:36.321742+00,cuemu,,1.5035E+17,,
332,1.526.571.572.575.578,Napaism,{Naboo},0.741,461,0.461,296,0.783,,,617,0.979,,,,,,,,,,,,,,,TRUE,2026-01-05 21:13:41.761622+00,,2026-01-06 00:52:15.152125+00,cuemu,,1.5035E+17,,
333,1.526.571.597.627.630.636,Libiian,"{Corellia,Naboo,Talus,Dathomir,Endor,Lok,Tatooine,Rori}",0.731,38,0.038,573,0.81,,,,,766,0.834,673,0.811,742,0.894,573,0.81,589,0.807,625,0.842,,,FALSE,2026-01-03 06:10:19.281758+00,,2026-01-16 03:01:26.675165+00,cuemu,,1.5035E+17,,
334,1.2.276.484.485.487.495,Pleviro,{Talus},0.532,488,0.488,169,0.211,,,,,571,0.714,354,0.443,564,0.806,,,,,,,,,TRUE,2026-01-05 02:09:27.037048+00,,,cuemu,,1.5035E+17,,
335,1.526.571.701.703,Koigaboine,"{Tatooine,Lok}",0.411,469,0.469,484,0.484,,,,,174,0.29,241,0.241,609,0.609,74,0.074,709,0.709,,,,,FALSE,2026-01-03 18:47:26.18599+00,,2026-01-15 00:01:19.455245+00,cuemu,,1.5035E+17,,
336,1.2.276.484.485.500.503,Gartila,{Dathomir},0.569,541,0.541,372,0.62,,,,,690,0.69,113,0.377,246,0.615,,,,,,,,,TRUE,2026-01-05 02:45:34.794715+00,,,cuemu,,1.5035E+17,,
337,1.526.571.701.704.711,Dadosis,"{Tatooine,Naboo,Rori,Lok,Endor,Yavin,Talus,Dathomir}",0.804,337,0.337,625,0.856,,,,,351,0.801,618,0.847,666,0.912,676,0.926,847,0.95,,,,,FALSE,2026-01-04 05:09:29.070892+00,,2026-01-16 04:12:26.200955+00,cuemu,,1.5035E+17,,
338,1.2.276.277.388.389.391.397,Lothae,{Naboo},0.453,296,0.296,531,0.531,516,0.516,468,0.468,,,,,,,,,,,,,,,TRUE,2026-01-05 23:38:50.62733+00,,,cuemu,,6.17819E+17,,
339,1.759.760.801.815.824,Rilokoiam,{Talus},0.774,500,1,,,,,329,0.548,,,,,,,,,,,,,,,FALSE,2026-01-04 02:22:15.100758+00,,2026-01-16 04:13:43.740352+00,cuemu,,1.5035E+17,,
340,1.2.276.277.388.389.417.425,Lana,{Talus},0.48,461,0.461,756,0.756,130,0.13,572,0.572,,,,,,,,,,,,,,,FALSE,2026-01-05 02:16:59.992618+00,,2026-01-16 04:14:31.234889+00,cuemu,,1.5035E+17,,
341,1.2.276.277.278.334.335.338,Ora,{Dathomir},0.603,665,0.665,365,0.365,465,0.664,717,0.717,,,,,,,,,,,,,,,FALSE,2026-01-05 02:46:11.593594+00,,2026-01-16 04:49:18.021573+00,cuemu,,1.5035E+17,,
342,1.526.571.597.598.616.621,Piva,{Yavin},0.773,315,0.315,611,0.904,,,,,255,0.789,627,0.867,622,0.86,342,0.795,726,0.944,192,0.714,,,FALSE,2026-01-04 05:26:35.7135+00,,2026-01-16 05:02:43.445477+00,cuemu,,1.5035E+17,,
343,1.526.557.567,Iseu,{Tatooine},0.529,743,0.743,316,0.316,,,,,,,,,,,,,,,,,,,FALSE,2026-01-04 23:10:32.989106+00,,2026-01-16 10:31:47.194184+00,cuemu,,1.5035E+17,,
344,1.2.276.484.485.500.513.522,Nawi,{Tatooine},0.411,472,0.472,248,0.496,,,,,887,0.887,44,0.147,21,0.052,,,,,,,,,FALSE,2026-01-04 03:36:59.859989+00,,2026-01-16 10:32:04.545231+00,cuemu,,1.5035E+17,,
345,1.2.276.277.388.389.430.439,Zoste,{Tatooine},0.52,278,0.278,945,0.945,364,0.364,495,0.495,,,,,,,,,,,,,,,FALSE,2026-01-03 18:57:32.732539+00,,2026-01-16 10:32:08.325668+00,cuemu,,1.5035E+17,,
346,1.2.276.277.278.307.321.330,Waki,{Tatooine},0.333,136,0.136,452,0.452,365,0.365,266,0.38,,,,,,,,,,,,,,,FALSE,2026-01-03 18:52:29.676917+00,,2026-01-16 10:32:30.667923+00,cuemu,,1.5035E+17,,
347,1.2.276.277.278.334.348.358,Ceona,{Yavin},0.541,184,0.184,608,0.608,641,0.641,512,0.731,,,,,,,,,,,,,,,TRUE,2026-01-05 02:59:48.223368+00,,,cuemu,,1.5035E+17,,
348,1.2.276.277.388.443.445.455,Stofe,{Yavin},0.427,281,0.281,554,0.554,491,0.491,383,0.383,,,,,,,,,,,,,,,TRUE,2026-01-05 03:00:31.061829+00,,,cuemu,,1.5035E+17,,
349,1.2.276.277.278.280.281.291,Riarro,{Yavin},0.343,204,0.204,47,0.047,494,0.706,414,0.414,,,,,,,,,,,,,,,TRUE,2026-01-05 03:01:03.097479+00,,,cuemu,,1.5035E+17,,
350,1.526.557.559,Whitho,{Corellia},0.37,720,0.72,21,0.021,,,,,,,,,,,,,,,,,,,FALSE,2026-01-05 14:47:06.316292+00,,2026-01-16 03:24:51.723325+00,cuemu,,1.5035E+17,,
351,1.2.276.277.388.443.458.460,Rano,{Dantooine},0.35,503,0.503,48,0.048,223,0.223,627,0.627,,,,,,,,,,,,,,,TRUE,2026-01-05 03:16:23.331097+00,,,cuemu,,1.5035E+17,,
352,1.759.760.801.815.826,Kiodeate,{Yavin},0.815,500,1,,,,,378,0.63,,,,,,,,,,,,,,,FALSE,2026-01-05 02:54:23.966796+00,,2026-01-11 17:05:59.063491+00,cuemu,,1.5035E+17,,
353,1.2.276.277.388.389.430.436,Calaisa,{Naboo},0.434,255,0.255,436,0.436,599,0.599,445,0.445,,,,,,,,,,,,,,,TRUE,2026-01-05 03:30:24.375229+00,,,cuemu,,1.5035E+17,,
354,1.2.276.277.278.334.348.354,Pevo,{Naboo},0.691,435,0.435,432,0.432,968,0.968,649,0.927,,,,,,,,,,,,,,,TRUE,2026-01-05 03:30:49.51894+00,,,cuemu,,1.5035E+17,,
355,1.2.276.277.278.361.375.382,Hega,{Rori},0.288,184,0.184,243,0.243,376,0.376,246,0.351,,,,,,,,,,,,,,,TRUE,2026-01-05 03:42:54.004951+00,,,cuemu,,1.5035E+17,,
356,1.2.276.277.388.389.391.398,Woiraha,{Rori},0.611,839,0.839,692,0.692,80,0.08,834,0.834,,,,,,,,,,,,,,,TRUE,2026-01-05 03:43:40.747453+00,,,cuemu,,1.5035E+17,,
357,1.2.276.277.388.389.404.413,Easneci,{Tatooine},0.613,347,0.347,979,0.979,552,0.552,575,0.575,,,,,,,,,,,,,,,TRUE,2026-01-05 04:06:11.789262+00,,,cuemu,,1.5035E+17,,
358,1.2.276.277.278.334.335.344,Woro,{Tatooine},0.448,102,0.102,516,0.516,305,0.436,738,0.738,,,,,,,,,,,,,,,TRUE,2026-01-05 04:10:41.901232+00,,,cuemu,,1.5035E+17,,
359,1.2.276.277.388.389.391.396,Lipotwie,{Lok},0.313,620,0.62,96,0.096,98,0.098,438,0.438,,,,,,,,,,,,,,,TRUE,2026-01-05 04:23:46.967356+00,,,cuemu,,1.5035E+17,,
360,1.526.571.597.598.616.620,Tocoocaate,"{Dantooine,Endor}",0.748,336,0.336,561,0.952,,,,,184,0.742,592,0.914,561,0.866,232,0.701,659,0.933,112,0.541,,,FALSE,2026-01-05 03:13:09.466819+00,,2026-01-11 16:46:49.424041+00,cuemu,,1.5035E+17,,
361,1.526.571.597.598.616.620,Elake,"{Tatooine,Endor}",0.706,78,0.078,559,0.949,,,,,158,0.637,577,0.89,547,0.844,236,0.713,651,0.922,128,0.618,,,FALSE,2026-01-05 14:24:15.290303+00,,2026-01-09 23:56:52.44198+00,cuemu,,1.5035E+17,,
362,1.2.276.277.388.389.404.414,Dravee,{Yavin},0.32,824,0.824,190,0.19,197,0.197,69,0.069,,,,,,,,,,,,,,,FALSE,2026-01-05 03:01:35.988645+00,,2026-01-11 17:08:45.218979+00,cuemu,,1.5035E+17,,
363,1.526.527.543.548,Itha,{Lok},0.295,472,0.472,393,0.393,,,,,254,0.254,30,0.03,327,0.327,,,,,,,,,FALSE,2026-01-05 04:17:00.153635+00,,2026-01-16 10:20:25.993122+00,cuemu,,1.5035E+17,,
364,1.2.276.277.278.361.375.381,Eppawi,{Naboo},0.232,462,0.462,27,0.027,335,0.335,72,0.103,,,,,,,,,,,,,,,TRUE,2026-01-05 23:34:01.509291+00,,,cuemu,,6.17819E+17,,
365,1.2.276.277.388.389.417.423,Hithia,{Naboo},0.313,92,0.092,23,0.023,598,0.598,538,0.538,,,,,,,,,,,,,,,FALSE,2026-01-05 03:29:56.48389+00,,2026-01-13 22:52:48.163119+00,cuemu,,6.17819E+17,,
366,1.759.760.801.802.805,Hoase,{Dantooine},0.713,500,1,,,,,170,0.425,,,,,,,,,,,,,,,FALSE,2026-01-05 03:14:09.732644+00,,2026-01-13 23:23:49.129673+00,cuemu,,1.5035E+17,,
367,1.2.276.277.388.443.445.450,Brebo,{Lok},0.503,628,0.628,816,0.816,471,0.471,96,0.096,,,,,,,,,,,,,,,FALSE,2026-01-05 04:24:20.567629+00,,2026-01-15 21:59:51.539702+00,cuemu,,1.93478E+17,,
368,1.526.571.597.598.616.623,Vakoiti,"{Corellia,Dantooine,Talus}",0.843,198,0.198,805,0.946,,,,,435,0.92,819,0.938,861,0.986,608,0.965,833,0.932,338,0.858,,,FALSE,2026-01-05 14:45:48.064689+00,,2026-01-16 03:04:44.967309+00,cuemu,,1.5035E+17,,
369,1.2.276.277.388.389.391.392,Nesteo,{Corellia},0.337,361,0.361,547,0.547,243,0.243,198,0.198,,,,,,,,,,,,,,,FALSE,2026-01-05 14:56:59.119701+00,,2026-01-16 03:30:51.02038+00,cuemu,,1.5035E+17,,
370,1.2.276.277.278.307.308.312,Rpethare,{Endor},0.326,564,0.564,162,0.162,87,0.124,454,0.454,,,,,,,,,,,,,,,FALSE,2026-01-05 03:22:50.525515+00,,2026-01-16 09:43:18.209105+00,cuemu,,1.5035E+17,,
371,1.2.276.277.388.389.404.408,Wausa,{Endor},0.453,104,0.104,676,0.676,648,0.648,383,0.383,,,,,,,,,,,,,,,FALSE,2026-01-05 03:21:50.829665+00,,2026-01-16 09:43:26.974601+00,cuemu,,1.5035E+17,,
372,1.2.276.277.388.443.445.451,Giode,{Naboo},0.35,870,0.87,2,0.002,273,0.273,255,0.255,,,,,,,,,,,,,,,FALSE,2026-01-05 03:29:29.232842+00,,2026-01-16 09:52:59.185251+00,cuemu,,1.5035E+17,,
373,1.2.276.277.388.443.471.477,Vive,{Naboo},0.602,407,0.407,752,0.752,672,0.672,403,0.576,,,,,,,,,,,,,,,FALSE,2026-01-05 03:28:59.508772+00,,2026-01-16 09:56:55.309538+00,cuemu,,1.5035E+17,,
374,1.759.760.801.802.810,Sibre,{Rori},0.641,500,1,,,,,113,0.282,,,,,,,,,,,,,,,FALSE,2026-01-05 03:44:46.684466+00,,2026-01-16 10:05:09.149686+00,cuemu,,1.5035E+17,,
375,1.759.760.801.815.823,Mocepe,{Rori},0.891,500,1,,,,,469,0.782,,,,,,,,,,,,,,,FALSE,2026-01-05 03:44:16.978236+00,,2026-01-16 10:05:09.610239+00,cuemu,,1.5035E+17,,
376,1.526.571.653.654.657.659,Hoocaic,"{Tatooine,Lok,Dathomir}",0.775,664,0.664,409,0.887,,,,,65,0.468,445,0.827,485,0.901,270,0.703,526,0.978,,,,,FALSE,2026-01-05 21:07:29.568608+00,,2026-01-16 10:20:05.496992+00,cuemu,,1.5035E+17,,
377,1.759.760.801.802.808,Spirreian,{Lok},0.65,500,1,,,,,120,0.3,,,,,,,,,,,,,,,FALSE,2026-01-05 04:25:35.569219+00,,2026-01-16 10:21:06.862814+00,cuemu,,1.5035E+17,,
378,1.759.760.801.815.821,Oshi,{Lok},0.754,500,1,,,,,305,0.508,,,,,,,,,,,,,,,FALSE,2026-01-05 04:24:41.235476+00,,2026-01-16 10:21:07.406082+00,cuemu,,1.5035E+17,,
379,1.526.557.563,Aehiabo,{Lok},0.787,613,0.613,961,0.961,,,,,,,,,,,,,,,,,,,FALSE,2026-01-05 04:25:15.065361+00,,2026-01-16 10:21:17.902944+00,cuemu,,1.5035E+17,,
380,1.759.760.801.815.825,Pukehe,{Tatooine},0.754,500,1,,,,,304,0.507,,,,,,,,,,,,,,,FALSE,2026-01-05 14:32:38.650688+00,,2026-01-16 10:31:33.822115+00,cuemu,,1.5035E+17,,
381,1.2.276.484.485.487.496,Srotcho,{Tatooine},0.65,578,0.578,777,0.971,,,,,429,0.536,250,0.312,598,0.854,,,,,,,,,FALSE,2026-01-05 04:12:07.722371+00,,2026-01-16 10:31:57.032074+00,cuemu,,1.5035E+17,,
382,1.2.276.484.485.500.509,Vouho,{Tatooine},0.532,229,0.229,509,0.848,,,,,782,0.782,104,0.347,182,0.455,,,,,,,,,FALSE,2026-01-05 04:12:36.371384+00,,2026-01-16 10:33:38.123106+00,cuemu,,1.5035E+17,,
383,1.2.3.180.222.237.244,Hoho,{Rori},0.443,456,0.456,102,0.102,,,,,609,0.609,369,0.369,677,0.677,,,,,,,,,TRUE,2026-01-06 18:18:21.380601+00,,,cuemu,,1.5035E+17,,
384,1.2.3.180.222.224.229,Iagri,{Lok},0.387,436,0.436,56,0.056,,,,,478,0.478,654,0.654,311,0.311,,,,,,,,,TRUE,2026-01-06 18:18:54.412023+00,,,cuemu,,1.5035E+17,,
385,1.2.3.180.222.237.242,Ginebra,{Lok},0.301,103,0.103,60,0.06,,,,,422,0.422,227,0.227,692,0.692,,,,,,,,,TRUE,2026-01-06 18:19:19.579239+00,,,cuemu,,1.5035E+17,,
386,1.2.3.180.222.263.272,Squecri,{Tatooine},0.449,113,0.113,212,0.212,,,,,825,0.825,548,0.548,549,0.549,,,,,,,,,TRUE,2026-01-06 18:39:59.131151+00,,,cuemu,,1.5035E+17,,
387,1.2.3.180.222.250.259,Daloa,{Tatooine},0.282,446,0.446,116,0.116,,,,,226,0.226,591,0.591,31,0.031,,,,,,,,,TRUE,2026-01-06 18:40:33.039196+00,,,cuemu,,1.5035E+17,,
388,1.2.3.180.222.224.230,Eheia,{Naboo},0.269,614,0.614,199,0.199,,,,,62,0.062,258,0.258,210,0.21,,,,,,,,,TRUE,2026-01-06 18:41:00.910819+00,,,cuemu,,1.5035E+17,,
389,1.2.3.180.222.263.269,Debidi,{Naboo},0.44,353,0.353,865,0.865,,,,,63,0.063,637,0.637,280,0.28,,,,,,,,,TRUE,2026-01-06 18:42:29.929356+00,,,cuemu,,1.5035E+17,,
390,1.2.3.180.222.263.271,Deba,{Talus},0.369,583,0.583,498,0.498,,,,,521,0.521,102,0.102,142,0.142,,,,,,,,,TRUE,2026-01-06 18:43:03.626702+00,,,cuemu,,1.5035E+17,,
391,1.2.3.180.222.224.232,Haixa,{Talus},0.517,370,0.37,574,0.574,,,,,621,0.621,648,0.648,372,0.372,,,,,,,,,TRUE,2026-01-06 18:43:36.851501+00,,,cuemu,,1.5035E+17,,
392,1.2.3.180.222.263.264,Gebi,{Corellia},0.367,543,0.543,152,0.152,,,,,430,0.43,303,0.303,409,0.409,,,,,,,,,TRUE,2026-01-06 18:44:57.810756+00,,,cuemu,,1.5035E+17,,
393,1.2.3.180.222.237.238,Jamo,{Corellia},0.385,910,0.91,384,0.384,,,,,229,0.229,62,0.062,339,0.339,,,,,,,,,TRUE,2026-01-06 18:45:19.331989+00,,,cuemu,,1.5035E+17,,
394,1.2.3.180.222.250.251,Rlerzoya,{Corellia},0.485,392,0.392,131,0.131,,,,,593,0.593,637,0.637,670,0.67,,,,,,,,,TRUE,2026-01-06 18:45:48.1308+00,,,cuemu,,1.5035E+17,,
395,1.2.3.180.222.224.225,Civope,{Corellia},0.331,648,0.648,425,0.425,,,,,151,0.151,272,0.272,160,0.16,,,,,,,,,TRUE,2026-01-06 18:46:11.516012+00,,,cuemu,,1.5035E+17,,
396,1.2.3.180.222.237.241,Peiagi,{Endor},0.456,412,0.412,343,0.343,,,,,434,0.434,662,0.662,428,0.428,,,,,,,,,TRUE,2026-01-06 18:46:40.708057+00,,,cuemu,,1.5035E+17,,
397,1.2.3.180.222.224.228,Paesseeri,{Endor},0.577,588,0.588,569,0.569,,,,,688,0.688,543,0.543,496,0.496,,,,,,,,,TRUE,2026-01-06 18:47:17.102213+00,,,cuemu,,1.5035E+17,,
398,1.2.3.180.222.224.234,Trekio,{Yavin},0.381,647,0.647,183,0.183,,,,,294,0.294,565,0.565,217,0.217,,,,,,,,,TRUE,2026-01-06 18:49:38.721739+00,,,cuemu,,1.5035E+17,,
399,1.2.3.180.222.237.247,Teste,{Yavin},0.455,822,0.822,198,0.198,,,,,247,0.247,591,0.591,417,0.417,,,,,,,,,TRUE,2026-01-06 18:50:08.433355+00,,,cuemu,,1.5035E+17,,
400,1.2.3.180.222.250.260,Ausqui,{Yavin},0.702,901,0.901,787,0.787,,,,,639,0.639,953,0.953,232,0.232,,,,,,,,,TRUE,2026-01-06 18:52:17.975456+00,,,cuemu,,1.5035E+17,,
401,1.2.3.180.222.237.243,Grapre,{Naboo},0.561,294,0.294,513,0.513,,,,,730,0.73,267,0.267,999,0.999,,,,,,,,,FALSE,2026-01-06 18:41:37.256645+00,,2026-01-16 01:49:47.687259+00,cuemu,,2.75763E+17,,
402,1.2.3.180.222.250.258,Sreba,{Talus},0.452,219,0.219,209,0.209,,,,,252,0.252,660,0.66,921,0.921,,,,,,,,,FALSE,2026-01-06 18:44:31.811692+00,,2026-01-08 10:04:41.914996+00,cuemu,,1.5035E+17,,
403,1.526.728.729.731.733,Sedeeceeate,"{Rori,Naboo,Tatooine,Corellia,Lok,Dathomir,Dantooine,Yavin}",0.696,877,0.877,206,0.515,,,,,,,,,,,,,,,,,,,FALSE,2026-01-06 19:08:29.583649+00,,2026-01-16 21:06:10.289167+00,cuemu,,6.17819E+17,,
404,1.2.3.4.33.48.51,Potoe,{Dathomir},0.646,965,0.965,119,0.119,414,0.591,911,0.911,,,,,,,,,,,,,,,FALSE,2026-01-06 04:28:31.055247+00,,2026-01-18 00:05:01.055227+00,cuemu,,1.93478E+17,,
405,1.2.3.180.222.237.246,Tiafa,{Tatooine},0.31,291,0.291,369,0.369,,,,,519,0.519,186,0.186,183,0.183,,,,,,,,,FALSE,2026-01-06 18:38:51.105704+00,,2026-01-14 05:25:06.176102+00,cuemu,,1.5035E+17,,
406,1.526.571.701.704.705,Nekeeine,"{Rori,Naboo,Tatooine,Corellia,Dathomir,Dantooine,Yavin,Talus}",0.367,641,0.641,20,0.153,,,,,40,0.506,1,0.008,14,0.107,27,0.206,618,0.948,,,,,FALSE,2026-01-06 19:03:44.418232+00,,2026-01-16 03:22:14.68871+00,cuemu,,1.5035E+17,,
407,1.2.3.180.222.237.245,Saste,{Talus},0.33,626,0.626,248,0.248,,,,,40,0.04,511,0.511,227,0.227,,,,,,,,,FALSE,2026-01-06 18:44:04.613292+00,,2026-01-08 10:05:53.987989+00,cuemu,,1.5035E+17,,
408,1.2.3.180.222.263.273,Sora,{Yavin},0.322,138,0.138,311,0.311,,,,,357,0.357,415,0.415,391,0.391,,,,,,,,,FALSE,2026-01-06 18:51:55.84822+00,,2026-01-09 00:20:43.312782+00,cuemu,,1.5035E+17,,
409,1.2.3.180.222.224.231,Hehi,{Rori},0.637,941,0.941,476,0.476,,,,,683,0.683,477,0.477,607,0.607,,,,,,,,,FALSE,2026-01-06 18:16:58.563023+00,,2026-01-10 19:06:58.046464+00,cuemu,,1.93478E+17,,
410,1.2.3.180.222.224.226,Ffiaki,{Dantooine},0.442,634,0.634,670,0.67,,,,,157,0.157,178,0.178,571,0.571,,,,,,,,,FALSE,2026-01-06 18:48:46.676013+00,,2026-01-11 03:27:50.880734+00,cuemu,,1.5035E+17,,
411,1.526.527.540.541,Mereium,"{Talus,Dathomir,Lok,Tatooine,Rori,Naboo,Dantooine,Endor}",0.561,344,0.344,778,0.778,,,,,,,,,,,,,,,,,,,FALSE,2026-01-04 18:45:08.228037+00,,2026-01-13 22:55:56.419322+00,cuemu,,1.85879E+17,,
412,1.2.3.180.222.224.233,Tabopa,{Tatooine},0.343,45,0.045,822,0.822,,,,,311,0.311,316,0.316,221,0.221,,,,,,,,,FALSE,2026-01-06 18:39:25.367033+00,,2026-01-14 05:26:31.851492+00,cuemu,,1.5035E+17,,
413,1.2.3.180.222.250.254,Srohoki,{Endor},0.506,347,0.347,902,0.902,,,,,635,0.635,150,0.15,494,0.494,,,,,,,,,FALSE,2026-01-06 18:47:47.155008+00,,2026-01-14 06:44:39.796177+00,cuemu,,1.5035E+17,,
414,1.526.571.653.654.657.663,Fohero,{Rori},0.801,121,0.121,678,0.915,,,,,304,0.804,746,0.959,732,0.941,681,0.967,702,0.902,,,,,FALSE,2026-01-06 19:01:49.365824+00,,2026-01-16 01:21:58.627116+00,cuemu,,2.75763E+17,,
415,1.2.276.484.485.500.513.518,Peenauspe,{Lok},0.479,66,0.066,201,0.402,,,,,876,0.876,125,0.417,254,0.635,,,,,,,,,TRUE,2026-01-07 02:03:13.941766+00,,,cuemu,,1.5035E+17,,
416,1.526.571.653.680.683.688,Nejivoian,"{Lok,Naboo,Tatooine,Yavin,Corellia,Dathomir,Dantooine,Endor}",0.793,269,0.269,399,0.86,,,,,644,0.843,633,0.867,426,0.918,682,0.893,721,0.904,,,,,FALSE,2026-01-03 18:34:58.543464+00,,2026-01-11 16:37:21.505891+00,cuemu,/waypoint Lok -551 -983 Neji62%,1.5035E+17,,
417,1.526.571.572.575.579,Lesqo,{Lok},0.646,160,0.16,422,0.858,,,671,0.919,,,,,,,,,,,,,,,TRUE,2026-01-06 19:29:54.27447+00,,2026-01-06 19:30:06.183091+00,cuemu,,1.5035E+17,,
418,1.2.276.484.485.487.492,Himi,{Lok},0.461,146,0.146,113,0.141,,,,,479,0.599,494,0.618,561,0.801,,,,,,,,,TRUE,2026-01-06 19:33:14.089141+00,,,cuemu,,1.5035E+17,,
419,1.526.571.597.598.601.607,Llihoism,"{Tatooine,Lok,Naboo,Dathomir,Dantooine,Yavin,Endor,Corellia}",0.868,641,0.641,704,0.92,,,,,176,0.83,680,0.947,698,0.912,413,0.974,761,0.937,271,0.786,,,FALSE,2026-01-07 01:41:30.537444+00,,2026-01-16 03:04:13.768089+00,cuemu,,1.5035E+17,,
420,1.526.571.597.598.601.605,Roloian,"{Corellia,Talus,Dathomir,Yavin,Naboo,Rori,Dantooine,Endor}",0.73,168,0.168,598,0.899,,,,,96,0.722,547,0.915,585,0.88,140,0.528,688,0.94,170,0.791,,,FALSE,2026-01-04 13:45:36.077008+00,,2026-01-16 03:04:18.125826+00,cuemu,,1.5035E+17,,
421,1.2.3.4.5.20.22,Tzona,{Dantooine},0.457,803,0.803,298,0.298,613,0.613,79,0.113,,,,,,,,,,,,,,,TRUE,2026-01-07 06:01:39.312714+00,,,cuemu,,1.71687E+17,,
422,1.2.276.277.278.280.294.303,Syara,{Tatooine},0.417,687,0.687,325,0.325,551,0.551,73,0.104,,,,,,,,,,,,,,,TRUE,2026-01-06 19:49:16.504274+00,,,cuemu,,1.5035E+17,,
423,1.526.728.742.744.747,Eca,"{Rori,Naboo,Tatooine,Corellia,Lok,Dantooine,Yavin,Endor}",0.391,49,0.049,104,0.732,,,,,,,,,,,,,,,,,,,FALSE,2026-01-06 19:09:17.300108+00,,2026-01-16 03:24:09.560556+00,cuemu,,1.5035E+17,,
424,1.526.557.561,Argi,{Dathomir},0.694,694,0.694,,,,,,,,,,,,,,,,,,,,,FALSE,2026-01-07 21:21:47.910821+00,,2026-01-16 04:42:39.714762+00,cuemu,,1.5035E+17,,
425,1.526.557.560,Ldigia,{Dantooine},0.603,655,0.655,551,0.551,,,,,,,,,,,,,,,,,,,FALSE,2026-01-07 06:51:08.169866+00,,2026-01-16 04:05:30.786559+00,cuemu,,1.5035E+17,,
426,1.526.571.597.598.616.618,Taho,{Dathomir},0.696,609,0.609,339,0.819,,,,,30,0.306,463,0.93,449,0.902,21,0.16,512,0.881,79,0.963,,,TRUE,2026-01-07 21:10:26.829149+00,,2026-01-16 04:40:07.149588+00,cuemu,,1.5035E+17,,
427,1.759.760.801.815.819,Esa,{Dathomir},0.685,500,1,,,,,222,0.37,,,,,,,,,,,,,,,FALSE,2026-01-07 21:20:53.513428+00,,2026-01-13 23:12:38.836821+00,cuemu,,1.5035E+17,,
428,1.759.760.801.802.809,Bata,{Naboo},0.85,500,1,,,,,280,0.7,,,,,,,,,,,,,,,FALSE,2026-01-06 19:22:57.649504+00,,2026-01-16 09:52:11.859335+00,cuemu,,1.5035E+17,,
429,1.759.760.801.815.818,Piwose,{Dantooine},0.764,500,1,,,,,317,0.528,,,,,,,,,,,,,,,FALSE,2026-01-07 21:40:21.538296+00,,2026-01-11 16:49:45.594975+00,cuemu,,1.5035E+17,,
430,1.526.571.597.627.640.647,Toro,"{Rori,Dantooine,Talus,Corellia,Endor,Lok,Tatooine,Naboo}",0.841,422,0.422,426,0.869,,,,,838,0.986,601,0.925,609,0.937,460,0.821,439,0.852,781,0.919,,,FALSE,2026-01-02 19:15:33.144277+00,,2026-01-10 23:24:34.975076+00,cuemu,,1.93478E+17,,
431,1.526.571.597.598.616.624,Seveic,{Corellia},0.863,565,0.565,838,0.892,,,,,528,0.964,842,0.888,892,0.941,665,0.911,860,0.9,384,0.842,,,FALSE,2026-01-07 01:43:03.507927+00,,2026-01-16 03:04:44.569346+00,cuemu,,1.5035E+17,,
432,1.759.760.801.815.817,Heeldoris,{Corellia},0.803,500,1,,,,,364,0.607,,,,,,,,,,,,,,,FALSE,2026-01-07 01:49:06.938975+00,,2026-01-16 03:24:31.426734+00,cuemu,,1.5035E+17,,
433,1.526.527.540.542,Koiki,"{Naboo,Lok,Tatooine,Dathomir,Dantooine,Yavin,Endor,Talus}",0.488,370,0.37,988,0.988,,,,,508,0.508,487,0.487,86,0.086,,,,,,,,,FALSE,2026-01-06 19:21:27.36433+00,,2026-01-13 22:55:48.199988+00,cuemu,,1.85879E+17,,
434,1.759.760.801.802.806,Teole,{Dathomir},0.6,500,1,,,,,80,0.2,,,,,,,,,,,,,,,FALSE,2026-01-07 21:21:14.888099+00,,2026-01-13 23:18:16.908202+00,cuemu,,1.5035E+17,,
435,1.526.527.543.545,Heafoge,{Dantooine},0.589,744,0.744,926,0.926,,,,,489,0.489,562,0.562,226,0.226,,,,,,,,,FALSE,2026-01-07 21:37:31.688928+00,,2026-01-13 23:32:56.132986+00,cuemu,,1.5035E+17,,
436,1.526.571.597.598.616.625,Boipouate,{Tatooine},0.888,620,0.62,888,0.888,,,,,585,0.975,942,0.942,955,0.955,695,0.869,954,0.954,449,0.898,,,FALSE,2026-01-06 19:39:58.689031+00,,2026-01-15 04:36:35.302861+00,cuemu,,2.75763E+17,,
437,1.759.760.801.802.804,Kafoafi,{Corellia},0.705,500,1,,,,,164,0.41,,,,,,,,,,,,,,,FALSE,2026-01-07 01:45:16.615251+00,,2026-01-16 03:24:42.004208+00,cuemu,,1.5035E+17,,
438,1.526.728.742.744.754,Squore,"{Dantooine,Corellia,Naboo,Rori,Tatooine,Talus}",0.689,481,0.481,514,0.897,,,,,,,,,,,,,,,,,,,FALSE,2026-01-07 21:38:54.456108+00,,2026-01-16 04:04:31.622338+00,cuemu,,1.5035E+17,,
439,1.526.527.529.531.532,Mewoonai,{Dathomir},0.37,164,0.164,311,0.518,,,429,0.429,,,,,,,,,,,,,,,FALSE,2026-01-07 21:13:35.423576+00,,2026-01-16 04:40:56.231997+00,cuemu,,1.5035E+17,,
440,1.526.571.597.598.616.618,Eafaic,"{Rori,Naboo,Yavin}",0.721,276,0.276,412,0.995,,,,,35,0.357,451,0.906,496,0.996,66,0.504,531,0.914,67,0.817,,,FALSE,2026-01-06 19:05:10.650542+00,,2026-01-16 05:02:37.837759+00,cuemu,,1.5035E+17,,
441,1.526.557.564,Ruta,{Naboo},0.78,825,0.825,736,0.736,,,,,,,,,,,,,,,,,,,FALSE,2026-01-07 02:06:04.89727+00,,2026-01-16 09:52:26.520162+00,cuemu,,1.5035E+17,,
442,1.526.527.543.552,Vvihi,{Tatooine},0.468,662,0.662,144,0.144,,,,,126,0.126,880,0.88,527,0.527,,,,,,,,,FALSE,2026-01-06 19:42:08.178464+00,,2026-01-16 10:30:40.504302+00,cuemu,,1.5035E+17,,
443,1.759.760.801.802.812,Vilkapeide,{Tatooine},0.558,500,1,,,,,47,0.117,,,,,,,,,,,,,,,FALSE,2026-01-07 01:57:45.676714+00,,2026-01-16 10:31:34.865197+00,cuemu,,1.5035E+17,,
444,1.2.276.277.278.334.348.357,Seviere,{Tatooine},0.48,179,0.179,555,0.555,735,0.735,315,0.45,,,,,,,,,,,,,,,FALSE,2026-01-06 19:46:30.322354+00,,2026-01-16 10:32:11.366097+00,cuemu,,1.5035E+17,,
445,1.526.527.543.544,Bimi,{Corellia},0.153,121,0.121,91,0.091,,,,,185,0.185,249,0.249,121,0.121,,,,,,,,,FALSE,2026-01-07 01:37:22.244488+00,,2026-01-19 01:08:28.700073+00,cuemu,,1.85879E+17,,
446,1.2.276.277.388.443.471.472,Rowi,{Corellia},0.379,678,0.678,395,0.395,360,0.36,58,0.083,,,,,,,,,,,,,,,FALSE,2026-01-07 01:48:06.892649+00,,2026-01-19 01:46:56.551776+00,cuemu,,1.85879E+17,,
447,1.2.276.277.278.361.375.377,Biffo,{Dantooine},0.353,174,0.174,354,0.354,323,0.323,394,0.563,,,,,,,,,,,,,,,TRUE,2026-01-07 21:45:26.263586+00,,,cuemu,,1.5035E+17,,
448,1.2.276.277.388.389.391.393,Glode,{Dantooine},0.47,834,0.834,158,0.158,392,0.392,497,0.497,,,,,,,,,,,,,,,TRUE,2026-01-07 21:46:56.238616+00,,,cuemu,,1.5035E+17,,
449,1.2.276.277.388.389.417.419,Faru,{Dantooine},0.208,227,0.227,141,0.141,154,0.154,312,0.312,,,,,,,,,,,,,,,TRUE,2026-01-07 21:47:43.920951+00,,,cuemu,,1.5035E+17,,
450,1.2.276.277.278.361.375.385,Wropehoo,{Yavin},0.457,615,0.615,94,0.094,702,0.702,291,0.416,,,,,,,,,,,,,,,TRUE,2026-01-07 22:03:58.675408+00,,,cuemu,,1.5035E+17,,
451,1.2.276.277.388.389.430.440,Rfotoi,{Yavin},0.426,74,0.074,839,0.839,265,0.265,526,0.526,,,,,,,,,,,,,,,TRUE,2026-01-07 22:06:22.354214+00,,,cuemu,,1.5035E+17,,
452,1.2.3.180.222.263.265,Dalfa,{Dantooine},0.399,411,0.411,480,0.48,,,,,538,0.538,558,0.558,8,0.008,,,,,,,,,TRUE,2026-01-08 10:02:06.715292+00,,,cuemu,,1.5035E+17,,
453,1.2.276.277.278.307.321.325,Olae,{Endor},0.368,334,0.334,95,0.095,449,0.449,416,0.594,,,,,,,,,,,,,,,TRUE,2026-01-07 22:18:10.532384+00,,,cuemu,,1.5035E+17,,
454,1.526.527.543.547,Mikoco,{Endor},0.352,246,0.246,573,0.573,,,,,128,0.128,261,0.261,552,0.552,,,,,,,,,FALSE,2026-01-07 22:12:59.206336+00,,2026-01-13 22:55:10.914635+00,cuemu,,1.85879E+17,,
455,1.2.276.277.388.443.445.453,Saby,{Talus},0.592,520,0.52,593,0.593,339,0.339,914,0.914,,,,,,,,,,,,,,,TRUE,2026-01-07 22:43:28.467028+00,,,cuemu,,1.5035E+17,,
456,1.2.276.277.388.389.404.412,Wilo,{Talus},0.45,572,0.572,7,0.007,632,0.632,591,0.591,,,,,,,,,,,,,,,TRUE,2026-01-07 22:44:18.262047+00,,,cuemu,,1.5035E+17,,
457,1.2.276.277.278.307.308.316,Iwo,{Talus},0.562,339,0.339,677,0.677,489,0.699,534,0.534,,,,,,,,,,,,,,,TRUE,2026-01-07 22:44:42.443926+00,,,cuemu,,1.5035E+17,,
458,1.2.276.277.278.280.281.289,Wosa,{Talus},0.39,428,0.428,210,0.21,109,0.156,767,0.767,,,,,,,,,,,,,,,TRUE,2026-01-07 22:45:02.93043+00,,,cuemu,,1.5035E+17,,
459,1.2.276.277.278.307.321.327,Veono,{Naboo},0.477,253,0.253,399,0.399,569,0.569,482,0.689,,,,,,,,,,,,,,,TRUE,2026-01-07 23:09:32.882339+00,,,cuemu,,1.5035E+17,,
460,1.2.276.277.278.307.308.315,Wofipo,{Rori},0.524,405,0.405,406,0.406,373,0.533,750,0.75,,,,,,,,,,,,,,,TRUE,2026-01-07 23:17:34.141842+00,,,cuemu,,1.5035E+17,,
461,1.2.276.277.278.334.335.342,Meiabei,{Rori},0.415,436,0.436,791,0.791,10,0.014,419,0.419,,,,,,,,,,,,,,,TRUE,2026-01-07 23:18:42.248072+00,,,cuemu,,1.5035E+17,,
462,1.2.276.277.278.280.281.288,Kaiebuwho,{Rori},0.462,911,0.911,64,0.064,364,0.52,354,0.354,,,,,,,,,,,,,,,TRUE,2026-01-07 23:20:31.432945+00,,,cuemu,,1.5035E+17,,
463,1.2.276.277.388.389.417.426,Liocalla,{Tatooine},0.177,297,0.297,52,0.052,270,0.27,91,0.091,,,,,,,,,,,,,,,TRUE,2026-01-07 23:28:51.721883+00,,,cuemu,,1.5035E+17,,
464,1.2.276.277.388.443.471.480,Nivoa,{Tatooine},0.362,121,0.121,619,0.619,516,0.516,136,0.194,,,,,,,,,,,,,,,TRUE,2026-01-07 23:29:29.249002+00,,,cuemu,,1.5035E+17,,
465,1.2.276.277.388.389.417.422,Leapele,{Lok},0.267,204,0.204,670,0.67,154,0.154,39,0.039,,,,,,,,,,,,,,,TRUE,2026-01-08 08:24:46.453781+00,,,cuemu,,1.85879E+17,,
466,1.2.3.180.222.250.253,Shine,{Dathomir},0.326,239,0.239,684,0.684,,,,,291,0.291,330,0.33,88,0.088,,,,,,,,,TRUE,2026-01-08 10:00:50.928959+00,,,cuemu,,1.5035E+17,,
467,1.2.3.180.222.237.240,Hosra,{Dathomir},0.29,256,0.256,210,0.21,,,,,147,0.147,375,0.375,464,0.464,,,,,,,,,TRUE,2026-01-08 10:01:14.179205+00,,,cuemu,,1.5035E+17,,
468,1.2.3.180.222.250.252,Totho,{Dantooine},0.409,678,0.678,313,0.313,,,,,435,0.435,373,0.373,244,0.244,,,,,,,,,TRUE,2026-01-08 10:02:55.239046+00,,,cuemu,,1.5035E+17,,
469,1.2.3.180.181.183,Emiwo,{Corellia},0.45,48,0.048,426,0.426,,,,,236,0.472,599,0.599,707,0.707,,,,,,,,,TRUE,2026-01-08 10:03:15.303073+00,,,cuemu,,1.5035E+17,,
470,1.2.3.180.181.195.196,Idu,{Corellia},0.379,843,0.843,154,0.22,,,,,95,0.158,206,0.412,132,0.264,,,,,,,,,TRUE,2026-01-08 10:03:40.072594+00,,,cuemu,,1.5035E+17,,
471,1.2.3.180.181.186,Feafi,{Endor},0.371,441,0.441,304,0.304,,,,,77,0.154,187,0.187,770,0.77,,,,,,,,,TRUE,2026-01-08 10:04:00.411431+00,,,cuemu,,1.5035E+17,,
472,1.759.760.801.802.811,Iji,{Talus},0.97,500,1,,,,,376,0.94,,,,,,,,,,,,,,,FALSE,2026-01-07 22:35:19.27182+00,,2026-01-16 04:13:42.911244+00,cuemu,,1.5035E+17,,
473,1.2.276.277.278.361.362.366,Fiki,{Endor},0.36,411,0.411,325,0.325,218,0.311,394,0.394,,,,,,,,,,,,,,,FALSE,2026-01-07 22:22:21.900634+00,,2026-01-19 02:07:06.325087+00,cuemu,,1.85879E+17,,
474,1.2.276.277.388.443.471.479,Rario,{Talus},0.47,41,0.041,324,0.324,935,0.935,406,0.58,,,,,,,,,,,,,,,FALSE,2026-01-07 22:43:54.131316+00,,2026-01-16 04:14:20.668576+00,cuemu,,1.5035E+17,,
475,1.526.557.568,Agle,{Yavin},0.593,803,0.803,382,0.382,,,,,,,,,,,,,,,,,,,FALSE,2026-01-07 22:01:20.084666+00,,2026-01-16 05:10:49.26961+00,cuemu,,1.5035E+17,,
476,1.759.760.801.802.813,Shecimeine,{Yavin},0.722,500,1,,,,,177,0.443,,,,,,,,,,,,,,,FALSE,2026-01-07 22:00:15.004146+00,,2026-01-16 05:20:34.959318+00,cuemu,,1.5035E+17,,
477,1.759.760.801.815.820,Gala,{Endor},0.906,500,1,,,,,487,0.812,,,,,,,,,,,,,,,FALSE,2026-01-07 22:14:15.066931+00,,2026-01-16 09:42:26.366676+00,cuemu,,1.5035E+17,,
478,1.759.760.801.802.807,Swobaate,{Endor},0.556,500,1,,,,,45,0.113,,,,,,,,,,,,,,,FALSE,2026-01-07 22:14:52.241214+00,,2026-01-16 09:42:33.671588+00,cuemu,,1.5035E+17,,
479,1.526.557.562,Neste,{Endor},0.462,760,0.76,164,0.164,,,,,,,,,,,,,,,,,,,FALSE,2026-01-07 22:15:26.669017+00,,2026-01-16 09:42:52.798276+00,cuemu,,1.5035E+17,,
480,1.2.276.277.278.280.281.287,Woha,{Naboo},0.448,59,0.059,759,0.759,245,0.35,624,0.624,,,,,,,,,,,,,,,FALSE,2026-01-07 23:06:03.382289+00,,2026-01-16 09:52:46.656131+00,cuemu,,1.5035E+17,,
481,1.526.571.597.598.616.624,Eomiate,"{Corellia,Lok}",0.839,472,0.472,892,0.95,,,,,444,0.81,837,0.883,833,0.879,719,0.985,895,0.936,363,0.796,,,FALSE,2026-01-07 21:04:02.333597+00,,2026-01-16 10:18:14.523784+00,cuemu,,1.5035E+17,,
482,1.2.276.277.388.389.391.395,Thaebri,{Endor},0.456,340,0.34,176,0.176,664,0.664,642,0.642,,,,,,,,,,,,,,,FALSE,2026-01-07 22:19:12.344753+00,,2026-01-19 02:09:05.686202+00,cuemu,,1.85879E+17,,
483,1.2.276.277.278.334.348.352,Wrakai,{Endor},0.547,354,0.354,737,0.737,700,0.7,278,0.397,,,,,,,,,,,,,,,FALSE,2026-01-07 22:21:22.375751+00,,2026-01-19 02:09:47.408123+00,cuemu,,1.85879E+17,,
484,1.2.3.180.181.195.199,Ekio,{Endor},0.364,535,0.535,20,0.029,,,,,232,0.387,192,0.384,243,0.486,,,,,,,,,TRUE,2026-01-08 10:04:21.994385+00,,,cuemu,,1.5035E+17,,
485,1.2.3.180.222.250.258,Heholle,{Talus},0.467,548,0.548,451,0.451,,,,,99,0.099,900,0.9,337,0.337,,,,,,,,,TRUE,2026-01-08 10:04:41.925071+00,,,cuemu,,1.5035E+17,,
486,1.2.3.180.181.195.203,Creso,{Talus},0.37,415,0.415,452,0.646,,,,,68,0.113,149,0.298,190,0.38,,,,,,,,,TRUE,2026-01-08 10:05:14.148689+00,,,cuemu,,1.5035E+17,,
487,1.2.3.180.181.190,Sheveatte,{Talus},0.359,25,0.025,305,0.305,,,,,319,0.638,335,0.335,493,0.493,,,,,,,,,TRUE,2026-01-08 10:05:34.863241+00,,,cuemu,,1.5035E+17,,
488,1.2.3.180.222.237.245,Mopi,{Talus},0.428,866,0.866,104,0.104,,,,,673,0.673,464,0.464,32,0.032,,,,,,,,,TRUE,2026-01-08 10:05:53.997172+00,,,cuemu,,1.5035E+17,,
489,1.2.3.180.181.184,Clofibe,{Dantooine},0.368,265,0.265,646,0.646,,,,,125,0.25,113,0.113,564,0.564,,,,,,,,,TRUE,2026-01-08 10:06:20.597119+00,,,cuemu,,1.5035E+17,,
490,1.2.3.180.181.195.201,Dlofa,{Naboo},0.477,377,0.377,196,0.28,,,,,212,0.353,328,0.656,360,0.72,,,,,,,,,TRUE,2026-01-08 10:06:39.553324+00,,,cuemu,,1.5035E+17,,
491,1.2.3.180.222.250.256,Keewi,{Naboo},0.415,300,0.3,659,0.659,,,,,503,0.503,411,0.411,204,0.204,,,,,,,,,TRUE,2026-01-08 10:07:01.088161+00,,,cuemu,,1.5035E+17,,
492,1.2.3.180.181.188,Oti,{Naboo},0.482,149,0.149,522,0.522,,,,,324,0.648,651,0.651,438,0.438,,,,,,,,,TRUE,2026-01-08 10:07:22.785155+00,,,cuemu,,1.5035E+17,,
493,1.2.3.4.33.74.80,Llerzoiho,{Naboo},0.347,147,0.147,283,0.283,355,0.355,602,0.602,,,,,,,,,,,,,,,TRUE,2026-01-08 10:07:57.103482+00,,,cuemu,,1.5035E+17,,
494,1.2.3.4.33.61.67,Towo,{Naboo},0.268,208,0.208,112,0.112,223,0.319,304,0.434,,,,,,,,,,,,,,,TRUE,2026-01-08 10:08:18.763929+00,,,cuemu,,1.5035E+17,,
495,1.2.3.4.33.100.106,Coheu,{Naboo},0.37,342,0.342,281,0.281,143,0.204,655,0.655,,,,,,,,,,,,,,,TRUE,2026-01-08 10:08:57.345352+00,,,cuemu,,1.5035E+17,,
496,1.2.3.180.181.195.202,Ptidi,{Rori},0.423,551,0.551,374,0.534,,,,,272,0.453,159,0.318,129,0.258,,,,,,,,,TRUE,2026-01-08 10:09:14.866495+00,,,cuemu,,1.5035E+17,,
497,1.2.3.4.33.126.133,Kiedosci,{Rori},0.626,840,0.84,341,0.341,661,0.661,663,0.663,,,,,,,,,,,,,,,TRUE,2026-01-08 10:09:34.368932+00,,,cuemu,,1.5035E+17,,
498,1.2.3.4.33.74.81,Irdo,{Rori},0.5,743,0.743,264,0.264,581,0.581,413,0.413,,,,,,,,,,,,,,,TRUE,2026-01-08 10:09:52.643982+00,,,cuemu,,1.5035E+17,,
499,1.2.3.180.181.189,Stera,{Rori},0.478,646,0.646,586,0.586,,,,,33,0.066,335,0.335,758,0.758,,,,,,,,,TRUE,2026-01-08 10:10:15.006868+00,,,cuemu,,1.5035E+17,,
500,1.2.3.4.33.61.68,Sidao,{Rori},0.16,16,0.016,89,0.089,32,0.046,341,0.487,,,,,,,,,,,,,,,TRUE,2026-01-08 10:10:35.355673+00,,,cuemu,,1.5035E+17,,
501,1.2.3.4.33.100.107,Bechrehoo,{Rori},0.321,119,0.119,643,0.643,97,0.139,383,0.383,,,,,,,,,,,,,,,TRUE,2026-01-08 10:10:56.09147+00,,,cuemu,,1.5035E+17,,
502,1.2.3.4.33.48.55,Omia,{Rori},0.459,351,0.351,600,0.6,355,0.507,379,0.379,,,,,,,,,,,,,,,TRUE,2026-01-08 10:11:15.449068+00,,,cuemu,,1.5035E+17,,
503,1.2.3.180.181.195.200,Gaufoe,{Lok},0.299,174,0.174,141,0.201,,,,,185,0.308,39,0.078,367,0.734,,,,,,,,,TRUE,2026-01-08 10:11:36.360739+00,,,cuemu,,1.5035E+17,,
504,1.2.3.4.33.100.105,Doca,{Lok},0.52,674,0.674,495,0.495,349,0.499,411,0.411,,,,,,,,,,,,,,,TRUE,2026-01-08 10:11:55.96601+00,,,cuemu,,1.5035E+17,,
505,1.2.3.4.33.87.92,Dweliti,{Lok},0.096,70,0.07,5,0.005,42,0.042,267,0.267,,,,,,,,,,,,,,,TRUE,2026-01-08 10:12:17.872159+00,,,cuemu,,1.5035E+17,,
506,1.2.3.180.181.187,Ida,{Lok},0.378,218,0.218,544,0.544,,,,,21,0.042,642,0.642,444,0.444,,,,,,,,,TRUE,2026-01-08 10:12:34.823753+00,,,cuemu,,1.5035E+17,,
507,1.2.3.4.33.61.66,Veta,{Lok},0.208,540,0.54,99,0.099,107,0.153,29,0.041,,,,,,,,,,,,,,,TRUE,2026-01-08 10:12:54.70247+00,,,cuemu,,1.5035E+17,,
508,1.2.3.4.33.74.79,Folchapa,{Lok},0.368,11,0.011,453,0.453,422,0.422,588,0.588,,,,,,,,,,,,,,,TRUE,2026-01-08 10:13:48.908529+00,,,cuemu,,1.5035E+17,,
509,1.2.3.4.33.48.57,Eabaodo,{Tatooine},0.503,450,0.45,560,0.56,210,0.3,702,0.702,,,,,,,,,,,,,,,TRUE,2026-01-08 10:16:01.346456+00,,,cuemu,,1.5035E+17,,
510,1.2.3.4.33.87.96,Ceuci,{Tatooine},0.224,375,0.375,184,0.184,97,0.097,240,0.24,,,,,,,,,,,,,,,TRUE,2026-01-08 10:16:21.536302+00,,,cuemu,,1.5035E+17,,
511,1.2.3.4.33.61.70,Wego,{Tatooine},0.587,323,0.323,402,0.402,558,0.797,578,0.826,,,,,,,,,,,,,,,TRUE,2026-01-08 10:16:40.529359+00,,,cuemu,,1.5035E+17,,
512,1.2.3.4.33.126.135,Lolleo,{Tatooine},0.445,201,0.201,742,0.742,67,0.067,770,0.77,,,,,,,,,,,,,,,TRUE,2026-01-08 10:17:00.781645+00,,,cuemu,,1.5035E+17,,
513,1.2.3.4.33.74.83,Clibi,{Tatooine},0.639,266,0.266,904,0.904,682,0.682,706,0.706,,,,,,,,,,,,,,,TRUE,2026-01-08 10:17:20.760475+00,,,cuemu,,1.5035E+17,,
514,1.2.3.4.33.100.109,Egade,{Tatooine},0.389,444,0.444,455,0.455,12,0.017,640,0.64,,,,,,,,,,,,,,,TRUE,2026-01-08 10:17:43.754223+00,,,cuemu,,1.5035E+17,,
515,1.2.3.180.181.195.204,Gebe,{Tatooine},0.246,239,0.239,62,0.089,,,,,295,0.492,40,0.08,166,0.332,,,,,,,,,TRUE,2026-01-08 10:18:11.940168+00,,,cuemu,,1.5035E+17,,
516,1.2.276.277.388.443.445.447,Githe,{Dantooine},0.308,769,0.769,98,0.098,323,0.323,44,0.044,,,,,,,,,,,,,,,TRUE,2026-01-08 16:56:46.528699+00,,,cuemu,,1.1874E+17,,
517,1.2.3.4.33.126.132,Tesi,{Naboo},0.467,492,0.492,464,0.464,29,0.029,883,0.883,,,,,,,,,,,,,,,FALSE,2026-01-08 10:08:37.857565+00,,2026-01-14 08:28:40.861754+00,cuemu,,1.5035E+17,,
518,1.2.276.277.278.307.308.313,Ciki,{Lok},0.381,9,0.009,537,0.537,134,0.191,785,0.785,,,,,,,,,,,,,,,TRUE,2026-01-08 21:53:49.771771+00,,,cuemu,,3.38016E+17,,
519,1.2.276.277.278.334.335.340,Cisti,{Lok},0.431,457,0.457,500,0.5,16,0.023,745,0.745,,,,,,,,,,,,,,,FALSE,2026-01-08 21:52:31.500935+00,,2026-01-16 10:22:03.643444+00,cuemu,,1.5035E+17,,
520,1.2.276.277.278.361.362.363,Ata,{Corellia},0.465,439,0.439,160,0.16,644,0.92,340,0.34,,,,,,,,,,,,,,,FALSE,2026-01-08 21:54:51.766012+00,,2026-01-19 01:43:10.558776+00,cuemu,Not sure of other planets beside corellia,1.85879E+17,,
521,1.2.3.180.222.224.234,Viso,{Yavin},0.485,218,0.218,407,0.407,,,,,421,0.421,468,0.468,912,0.912,,,,,,,,,TRUE,2026-01-08 22:15:16.756083+00,,,cuemu,,1.71687E+17,,
522,1.2.3.4.33.74.84,Srafe,{Yavin},0.621,590,0.59,681,0.681,426,0.426,788,0.788,,,,,,,,,,,,,,,TRUE,2026-01-08 22:19:42.886641+00,,,cuemu,,1.71687E+17,,
523,1.2.276.277.388.443.458.468,Ldagistou,{Yavin},0.36,590,0.59,114,0.114,534,0.534,203,0.203,,,,,,,,,,,,,,,TRUE,2026-01-08 23:24:09.289708+00,,,cuemu,,2.22847E+17,,
524,1.526.571.597.598.616.620,Eiake,"{Endor,Tatooine}",0.706,78,0.078,559,0.949,,,,,158,0.637,577,0.89,547,0.844,236,0.713,651,0.922,128,0.618,,,FALSE,2026-01-08 22:03:24.950698+00,,2026-01-16 09:35:58.14063+00,cuemu,,1.5035E+17,,
525,1.2.3.4.33.48.50,Hetho,{Dantooine},0.673,401,0.401,557,0.557,535,0.764,971,0.971,,,,,,,,,,,,,,,TRUE,2026-01-09 00:00:46.428672+00,,,cuemu,,2.22847E+17,,
526,1.2.3.180.181.192,Isce,{Yavin},0.541,116,0.116,727,0.727,,,,,241,0.482,644,0.644,734,0.734,,,,,,,,,TRUE,2026-01-09 00:15:09.147668+00,,,cuemu,,2.22847E+17,,
527,1.2.3.180.222.263.273,Webi,{Yavin},0.282,366,0.366,301,0.301,,,,,350,0.35,366,0.366,28,0.028,,,,,,,,,TRUE,2026-01-09 00:20:43.323889+00,,,cuemu,,2.22847E+17,,
528,1.2.3.4.33.61.64,Crowera,{Dathomir},0.084,3,0.003,33,0.033,12,0.017,197,0.281,,,,,,,,,,,,,,,TRUE,2026-01-09 04:53:53.29026+00,,,cuemu,,2.22847E+17,,
529,1.2.276.277.278.280.294.295,Akammo,{Corellia},0.57,477,0.477,906,0.906,847,0.847,34,0.049,,,,,,,,,,,,,,,FALSE,2026-01-09 23:05:34.611526+00,,2026-01-20 18:43:39.174694+00,cuemu,,1.85879E+17,,
530,1.2.276.277.278.307.308.310,Biebi,{Dantooine},0.698,573,0.573,739,0.739,564,0.806,673,0.673,,,,,,,,,,,,,,,TRUE,2026-01-09 21:58:23.900501+00,,,cuemu,,1.93478E+17,,
531,1.526.527.543.546,Githmu,{Dathomir},0.408,19,0.019,301,0.301,,,,,854,0.854,484,0.484,380,0.38,,,,,,,,,TRUE,2026-01-09 23:25:15.101144+00,,,cuemu,,1.5035E+17,,
532,1.2.276.484.485.500.513.516,Isqo,{Dathomir},0.432,462,0.462,101,0.202,,,,,913,0.913,150,0.5,34,0.085,,,,,,,,,TRUE,2026-01-09 23:30:04.552394+00,,,cuemu,,1.5035E+17,,
533,1.2.276.277.388.443.471.474,Ceca,{Dathomir},0.617,532,0.532,563,0.563,732,0.732,448,0.64,,,,,,,,,,,,,,,TRUE,2026-01-09 23:30:57.790125+00,,,cuemu,,1.5035E+17,,
534,1.2.276.277.388.443.445.448,Radoe,{Dathomir},0.481,648,0.648,751,0.751,497,0.497,27,0.027,,,,,,,,,,,,,,,TRUE,2026-01-09 23:31:19.823308+00,,,cuemu,,1.5035E+17,,
535,1.2.276.277.388.389.391.394,Kemo,{Dathomir},0.634,699,0.699,952,0.952,298,0.298,587,0.587,,,,,,,,,,,,,,,TRUE,2026-01-09 23:31:47.799259+00,,,cuemu,,1.5035E+17,,
536,1.2.3.4.33.100.103,Adio,{Dathomir},0.623,626,0.626,515,0.515,412,0.589,763,0.763,,,,,,,,,,,,,,,TRUE,2026-01-10 01:57:42.13196+00,,,cuemu,,2.22847E+17,,
537,1.2.276.484.485.487.497,Shokri,{Yavin},0.697,542,0.542,540,0.675,,,,,453,0.566,659,0.824,616,0.88,,,,,,,,,TRUE,2026-01-09 23:39:21.438145+00,,,cuemu,,1.5035E+17,,
538,1.2.3.180.208.211,Rdoutegi,{Dantooine},0.494,642,0.642,702,0.702,,,,,36,0.072,116,0.232,575,0.821,,,,,,,,,TRUE,2026-01-10 07:03:13.287944+00,,,cuemu,,2.22847E+17,,
539,1.2.276.484.485.500.508,Leokto,{Talus},0.542,467,0.467,155,0.258,,,,,792,0.792,207,0.69,201,0.502,,,,,,,,,TRUE,2026-01-09 23:52:55.286124+00,,,cuemu,,1.5035E+17,,
540,1.2.3.4.33.74.76,Pacea,{Dantooine},0.627,670,0.67,883,0.883,616,0.616,339,0.339,,,,,,,,,,,,,,,TRUE,2026-01-10 07:04:21.740593+00,,,cuemu,,2.22847E+17,,
541,1.2.276.277.388.443.458.462,Sseha,{Endor},0.547,603,0.603,631,0.631,98,0.098,855,0.855,,,,,,,,,,,,,,,TRUE,2026-01-10 00:00:48.137241+00,,,cuemu,,1.5035E+17,,
542,1.2.276.277.388.443.458.464,Faomafoo,{Naboo},0.549,476,0.476,494,0.494,668,0.668,558,0.558,,,,,,,,,,,,,,,TRUE,2026-01-09 23:58:21.255615+00,,,cuemu,,1.93478E+17,,
543,1.2.276.277.278.361.375.379,Hebato,{Endor},0.362,114,0.114,276,0.276,540,0.54,361,0.516,,,,,,,,,,,,,,,TRUE,2026-01-10 00:01:20.74933+00,,,cuemu,,1.5035E+17,,
544,1.2.3.4.33.61.63,Ewie,{Dantooine},0.615,411,0.411,932,0.932,400,0.571,381,0.544,,,,,,,,,,,,,,,TRUE,2026-01-10 07:04:59.056831+00,,,cuemu,,2.22847E+17,,
545,1.526.571.597.598.616.623,Ticateris,{Endor},0.799,387,0.387,777,0.913,,,,,356,0.753,820,0.939,821,0.94,509,0.808,806,0.902,296,0.751,,,FALSE,2026-01-09 14:37:03.263695+00,,2026-01-19 02:41:00.407559+00,cuemu,,1.85879E+17,,
546,1.526.571.701.704.706,Maupiite,"{Naboo,Tatooine,Rori,Corellia,Dathomir,Yavin,Endor,Talus}",0.597,322,0.322,210,0.909,,,,,61,0.439,126,0.545,140,0.606,96,0.416,651,0.941,,,,,FALSE,2026-01-05 21:12:11.296917+00,,2026-01-15 00:06:42.309024+00,cuemu,,1.5035E+17,,
547,1.2.3.180.222.237.239,Eto,{Dantooine},0.33,99,0.099,43,0.043,,,,,232,0.232,509,0.509,769,0.769,,,,,,,,,TRUE,2026-01-10 07:06:42.05673+00,,,cuemu,,2.22847E+17,,
548,1.526.527.543.550,Mebrutea,{Rori},0.491,414,0.414,551,0.551,,,,,788,0.788,221,0.221,481,0.481,,,,,,,,,TRUE,2026-01-10 07:53:34.325109+00,,,cuemu,,1.5035E+17,,
549,1.2.276.277.278.307.321.326,Aedlo,{Lok},0.275,9,0.009,529,0.529,406,0.406,108,0.154,,,,,,,,,,,,,,,TRUE,2026-01-10 18:31:00.965786+00,,,cuemu,,1.93478E+17,,
550,1.2.276.277.278.361.362.367,Kisho,{Lok},0.478,466,0.466,434,0.434,174,0.249,764,0.764,,,,,,,,,,,,,,,FALSE,2026-01-08 21:55:08.689279+00,,2026-01-16 10:21:33.515979+00,cuemu,,1.5035E+17,,
551,1.2.276.277.388.443.458.463,Ase,{Lok},0.287,390,0.39,365,0.365,82,0.082,311,0.311,,,,,,,,,,,,,,,FALSE,2026-01-10 18:34:46.367464+00,,2026-01-16 10:22:38.48916+00,cuemu,,1.5035E+17,,
552,1.2.276.277.278.334.348.349,Nosto,{Corellia},0.659,609,0.609,641,0.641,756,0.756,442,0.631,,,,,,,,,,,,,,,FALSE,2026-01-09 23:05:56.915416+00,,2026-01-19 01:46:01.391152+00,cuemu,,1.85879E+17,,
553,1.526.728.742.744.756,Feraian,"{Corellia,Dathomir,Yavin,Rori,Endor,Lok,Tatooine,Talus}",0.634,346,0.346,642,0.922,,,,,,,,,,,,,,,,,,,FALSE,2026-01-08 21:50:27.095895+00,,2026-01-19 01:48:15.46615+00,cuemu,,1.85879E+17,,
554,1.526.571.701.717.721,Ripi,"{Corellia,Dathomir,Endor,Naboo,Rori,Lok,Dantooine,Yavin}",0.721,67,0.067,395,0.734,,,,,161,0.749,576,0.852,631,0.933,387,0.719,856,0.994,,,,,FALSE,2026-01-10 18:26:48.836973+00,,2026-01-20 18:45:50.197914+00,cuemu,,1.85879E+17,,
555,1.2.3.180.222.224.231,Haiso,{Rori},0.584,719,0.719,799,0.799,,,,,161,0.161,715,0.715,525,0.525,,,,,,,,,TRUE,2026-01-10 19:06:09.552922+00,,,cuemu,,1.93478E+17,,
556,1.2.3.4.33.61.71,Tamoo,{Yavin},0.316,174,0.174,278,0.278,356,0.509,212,0.303,,,,,,,,,,,,,,,TRUE,2026-01-10 22:05:36.380252+00,,,cuemu,,2.22847E+17,,
557,1.2.3.4.33.126.136,Ferqe,{Yavin},0.386,434,0.434,589,0.589,62,0.062,459,0.459,,,,,,,,,,,,,,,TRUE,2026-01-10 22:06:22.706959+00,,,cuemu,,2.22847E+17,,
558,1.2.3.180.181.185,Beme,{Dathomir},0.448,462,0.462,737,0.737,,,,,112,0.224,383,0.383,434,0.434,,,,,,,,,TRUE,2026-01-10 22:07:16.79229+00,,,cuemu,,2.22847E+17,,
559,1.2.3.180.181.191,Ovapra,{Tatooine},0.619,659,0.659,755,0.755,,,,,160,0.32,798,0.798,561,0.561,,,,,,,,,TRUE,2026-01-10 22:10:22.385354+00,,,cuemu,,2.22847E+17,,
560,1.526.571.653.680.683.691,Pepoghti,"{Corellia,Talus,Tatooine,Dantooine,Endor,Rori,Yavin,Lok}",0.846,453,0.453,599,0.856,,,,,918,0.918,947,0.947,606,0.866,945,0.945,938,0.938,,,,,FALSE,2026-01-11 06:07:55.116157+00,,2026-01-17 22:01:58.169158+00,cuemu,,2.75763E+17,,
561,1.2.3.180.222.224.226,Dosca,{Dantooine},0.585,500,0.5,830,0.83,,,,,438,0.438,428,0.428,731,0.731,,,,,,,,,TRUE,2026-01-11 03:27:50.892818+00,,,cuemu,,2.22847E+17,,
562,1.2.3.180.181.195.197,Krilare,{Dantooine},0.44,56,0.056,452,0.646,,,,,230,0.383,183,0.366,375,0.75,,,,,,,,,TRUE,2026-01-11 04:13:59.544325+00,,,cuemu,,2.22847E+17,,
563,1.526.527.540.542,Adaiam,"{Corellia,Dantooine,Talus,Endor,Naboo,Lok,Tatooine,Rori}",0.44,507,0.507,777,0.777,,,,,367,0.367,38,0.038,510,0.51,,,,,,,,,FALSE,2026-01-11 16:34:46.941718+00,,2026-01-19 01:08:27.458764+00,cuemu,,1.85879E+17,,
564,1.2.276.277.278.280.281.285,Eseavvoi,{Endor},0.305,288,0.288,343,0.343,19,0.027,562,0.562,,,,,,,,,,,,,,,TRUE,2026-01-11 17:22:44.053442+00,,,cuemu,,1.5035E+17,,
565,1.759.760.801.815.818,Dexe,{Dantooine},0.694,500,1,,,,,233,0.388,,,,,,,,,,,,,,,TRUE,2026-01-11 16:49:45.607275+00,,,cuemu,,1.5035E+17,,
566,1.2.276.484.485.500.513.515,Lage,{Dantooine},0.386,146,0.146,172,0.344,,,,,882,0.882,66,0.22,136,0.34,,,,,,,,,TRUE,2026-01-11 16:51:38.64904+00,,,cuemu,,1.5035E+17,,
567,1.526.571.597.627.640.651,Drafaic,{Naboo},0.621,508,0.508,681,0.681,,,,,559,0.559,809,0.809,412,0.412,561,0.561,702,0.702,736,0.736,,,TRUE,2026-01-11 07:22:27.173792+00,,2026-01-11 07:22:31.061464+00,cuemu,,1.5035E+17,,
568,1.526.571.597.598.616.624,Airi,{Naboo},0.771,106,0.106,808,0.86,,,,,452,0.825,840,0.886,857,0.904,576,0.789,865,0.905,407,0.893,,,TRUE,2026-01-11 07:28:11.608124+00,,2026-01-11 07:28:14.744118+00,cuemu,,1.5035E+17,,
569,1.759.760.801.815.826,Heroide,{Yavin},0.728,500,1,,,,,273,0.455,,,,,,,,,,,,,,,TRUE,2026-01-11 17:05:59.074044+00,,,cuemu,,1.5035E+17,,
570,1.2.276.277.388.389.404.414,Prasigli,{Yavin},0.325,442,0.442,347,0.347,357,0.357,153,0.153,,,,,,,,,,,,,,,TRUE,2026-01-11 17:08:45.230113+00,,,cuemu,,1.5035E+17,,
571,1.2.276.277.388.443.471.473,Soathake,{Dantooine},0.479,942,0.942,9,0.009,557,0.557,287,0.41,,,,,,,,,,,,,,,TRUE,2026-01-11 16:52:39.114233+00,,,cuemu,,1.5035E+17,,
572,1.2.276.277.278.361.375.376,Lkeoma,{Corellia},0.476,259,0.259,665,0.665,767,0.767,150,0.214,,,,,,,,,,,,,,,TRUE,2026-01-11 16:42:19.314163+00,,,cuemu,,1.5035E+17,,
573,1.2.276.277.278.307.308.309,Rorje,{Corellia},0.511,355,0.355,412,0.412,457,0.653,626,0.626,,,,,,,,,,,,,,,TRUE,2026-01-11 16:42:48.063891+00,,,cuemu,,1.5035E+17,,
574,1.759.760.801.815.822,Mibelpa,{Naboo},0.707,500,1,,,,,248,0.413,,,,,,,,,,,,,,,FALSE,2026-01-11 17:36:49.394132+00,,2026-01-16 09:52:09.384361+00,cuemu,,1.5035E+17,,
575,1.2.276.277.388.389.430.432,Asrei,{Dantooine},0.555,20,0.02,867,0.867,545,0.545,788,0.788,,,,,,,,,,,,,,,TRUE,2026-01-11 16:54:32.266407+00,,,cuemu,,1.5035E+17,,
576,1.526.571.597.627.640.647,Coreium,"{Rori,Corellia,Dantooine,Dathomir,Yavin,Talus,Naboo,Lok}",0.807,164,0.164,396,0.808,,,,,778,0.915,602,0.926,587,0.903,485,0.866,487,0.946,788,0.927,,,TRUE,2026-01-11 02:49:49.856061+00,,2026-01-16 10:16:42.93015+00,cuemu,,1.5035E+17,,
577,1.2.276.277.278.334.348.356,Teghimmo,{Talus},0.492,378,0.378,561,0.561,721,0.721,215,0.307,,,,,,,,,,,,,,,TRUE,2026-01-11 17:16:48.856269+00,,,cuemu,,1.5035E+17,,
578,1.2.276.277.278.280.281.284,Kicy,{Dathomir},0.704,922,0.922,699,0.699,395,0.564,631,0.631,,,,,,,,,,,,,,,TRUE,2026-01-11 17:00:54.543263+00,,,cuemu,,1.5035E+17,,
579,1.2.276.277.278.361.375.378,Ivvi,{Dathomir},0.533,892,0.892,841,0.841,323,0.323,54,0.077,,,,,,,,,,,,,,,TRUE,2026-01-11 17:01:58.547322+00,,,cuemu,,1.5035E+17,,
580,1.526.571.597.598.601.614,Isiris,"{Talus,Endor,Naboo,Rori,Dantooine,Yavin,Lok,Tatooine}",0.857,224,0.224,975,0.975,,,,,368,0.92,970,0.97,987,0.987,737,0.921,965,0.965,581,0.894,,,FALSE,2026-01-09 23:46:33.246994+00,,2026-01-17 17:34:39.822174+00,cuemu,/waypoint Talus -690 -3084 Isiris71%,2.75763E+17,,
581,1.2.276.277.278.334.335.341,Sriobiwea,{Naboo},0.564,143,0.143,307,0.307,677,0.967,839,0.839,,,,,,,,,,,,,,,TRUE,2026-01-11 17:39:28.207772+00,,,cuemu,,1.5035E+17,,
582,1.2.276.277.388.443.445.449,Sasi,{Endor},0.424,117,0.117,351,0.351,869,0.869,359,0.359,,,,,,,,,,,,,,,TRUE,2026-01-11 17:22:13.54715+00,,,cuemu,,1.5035E+17,,
583,1.2.276.484.485.487.493,Reecco,{Naboo},0.655,148,0.148,624,0.78,,,,,671,0.839,502,0.627,616,0.88,,,,,,,,,TRUE,2026-01-11 17:40:48.844483+00,,,cuemu,,1.5035E+17,,
584,1.2.276.484.485.500.506,Shewa,{Naboo},0.579,636,0.636,326,0.543,,,,,809,0.809,160,0.533,149,0.372,,,,,,,,,TRUE,2026-01-11 17:41:39.843866+00,,,cuemu,,1.5035E+17,,
585,1.2.276.484.485.500.513.514,Cirogi,{Corellia},0.432,442,0.442,53,0.106,,,,,954,0.954,30,0.1,224,0.56,,,,,,,,,FALSE,2026-01-11 16:38:31.241108+00,,2026-01-20 18:43:40.058313+00,cuemu,,1.85879E+17,,
586,1.2.276.277.388.389.404.408,Ivo,{Endor},0.253,195,0.195,134,0.134,509,0.509,175,0.175,,,,,,,,,,,,,,,TRUE,2026-01-15 10:27:56.267325+00,,,cuemu,,2.22847E+17,,
587,1.759.760.801.802.807,Bleisa,{Endor},0.529,500,1,,,,,23,0.058,,,,,,,,,,,,,,,TRUE,2026-01-15 10:25:39.760082+00,,2026-01-19 02:35:28.591063+00,cuemu,,1.85879E+17,,
588,1.2.276.277.278.307.321.328,Wiafi,{Rori},0.384,68,0.068,382,0.382,749,0.749,236,0.337,,,,,,,,,,,,,,,TRUE,2026-01-11 17:49:46.523851+00,,,cuemu,,1.5035E+17,,
589,1.2.276.277.278.334.348.355,Lligoi,{Rori},0.617,617,0.617,31,0.031,833,0.833,691,0.987,,,,,,,,,,,,,,,TRUE,2026-01-11 17:50:35.752546+00,,,cuemu,,1.5035E+17,,
590,1.2.276.277.388.389.430.437,Neibe,{Rori},0.306,553,0.553,94,0.094,250,0.25,327,0.327,,,,,,,,,,,,,,,TRUE,2026-01-11 17:51:48.035195+00,,,cuemu,,1.5035E+17,,
591,1.2.276.277.388.389.417.424,Sorhogo,{Rori},0.527,563,0.563,369,0.369,283,0.283,893,0.893,,,,,,,,,,,,,,,TRUE,2026-01-11 17:52:42.183094+00,,,cuemu,,1.5035E+17,,
592,1.2.276.277.388.443.445.452,Taka,{Rori},0.308,219,0.219,518,0.518,119,0.119,377,0.377,,,,,,,,,,,,,,,TRUE,2026-01-11 17:53:42.459915+00,,,cuemu,,1.5035E+17,,
593,1.2.276.277.278.334.348.353,Gani,{Lok},0.558,8,0.008,563,0.563,819,0.819,591,0.844,,,,,,,,,,,,,,,TRUE,2026-01-11 18:05:33.533269+00,,,cuemu,,1.5035E+17,,
594,1.526.571.597.598.616.625,Risa,{Tatooine},0.82,167,0.167,929,0.929,,,,,533,0.888,970,0.97,968,0.968,685,0.856,932,0.932,423,0.846,,,FALSE,2026-01-11 18:13:59.890476+00,,2026-01-20 05:43:03.730786+00,cuemu,,2.75763E+17,,
595,1.526.571.701.717.721,Racau,"{Corellia,Dantooine,Dathomir,Talus,Endor,Lok,Tatooine,Naboo}",0.744,222,0.222,362,0.673,,,,,170,0.791,622,0.92,541,0.8,469,0.872,802,0.931,,,,,FALSE,2026-01-11 16:35:18.738342+00,,2026-01-20 18:45:52.693809+00,cuemu,,1.85879E+17,,
596,1.2.276.277.388.389.391.400,Lace,{Tatooine},0.28,46,0.046,322,0.322,56,0.056,696,0.696,,,,,,,,,,,,,,,TRUE,2026-01-11 18:18:02.527081+00,,,cuemu,,1.5035E+17,,
597,1.2.3.4.33.113.123,Jicko,{Yavin},0.545,455,0.455,694,0.694,480,0.48,552,0.552,,,,,,,,,,,,,,,TRUE,2026-01-12 02:04:48.922313+00,,,cuemu,,2.22847E+17,,
598,1.526.571.597.627.630.632,Gegoide,"{Naboo,Corellia,Dantooine,Talus,Dathomir,Yavin,Endor,Tatooine}",0.729,504,0.504,62,0.356,,,,,406,0.898,310,0.721,300,0.698,119,0.684,326,0.988,402,0.985,,,TRUE,2026-01-13 18:24:03.575881+00,,2026-01-16 10:28:10.276401+00,cuemu,,1.5035E+17,,
599,1.759.760.801.815.821,Sori,{Lok},0.861,500,1,,,,,433,0.722,,,,,,,,,,,,,,,TRUE,2026-01-12 17:06:08.950103+00,,,cuemu,,1.93478E+17,,
600,1.2.276.277.388.443.471.476,Iko,{Lok},0.55,545,0.545,432,0.432,486,0.486,516,0.737,,,,,,,,,,,,,,,TRUE,2026-01-12 17:08:31.486343+00,,,cuemu,,1.93478E+17,,
601,1.2.3.4.33.113.116,Cisa,{Dathomir},0.357,148,0.148,265,0.265,357,0.357,657,0.657,,,,,,,,,,,,,,,TRUE,2026-01-13 02:18:07.15136+00,,,cuemu,,1.93478E+17,,
602,1.526.571.597.627.630.635,Bawiian,"{Naboo,Corellia,Talus,Tatooine,Dathomir,Yavin,Endor,Rori}",0.783,35,0.035,553,0.963,,,,,640,0.798,622,0.852,652,0.893,543,0.946,539,0.856,604,0.918,,,FALSE,2026-01-13 22:44:14.545479+00,,2026-01-20 18:46:51.142609+00,cuemu,,1.85879E+17,,
603,1.526.527.540.542,Ropoate,"{Tatooine,Corellia,Endor,Dantooine,Talus,Rori,Lok}",0.452,500,0.5,337,0.337,,,,,597,0.597,162,0.162,662,0.662,,,,,,,,,TRUE,2026-01-13 14:54:18.122265+00,,2026-01-19 01:09:31.852128+00,cuemu,,1.85879E+17,,
604,1.526.527.540.541,Tofeeso,"{Tatooine,Endor,Dantooine,Talus,Dathomir,Naboo,Rori}",0.331,586,0.586,76,0.076,,,,,,,,,,,,,,,,,,,FALSE,2026-01-11 20:41:00.349605+00,,2026-01-20 19:03:01.971666+00,cuemu,,1.85879E+17,,
605,1.526.571.701.717.722,Abagi,"{Naboo,Tatooine,Corellia,Yavin,Endor,Rori,Lok}",0.77,124,0.124,498,0.751,,,,,247,0.932,705,0.923,639,0.836,546,0.824,899,1,,,,,FALSE,2026-01-13 22:49:52.721863+00,,2026-01-20 18:47:09.496229+00,cuemu,,1.85879E+17,,
606,1.526.728.742.744.753,Bipuium,"{Lok,Dathomir,Tatooine,Corellia,Dantooine,Yavin,Endor,Rori}",0.743,627,0.627,439,0.859,,,,,,,,,,,,,,,,,,,TRUE,2026-01-12 17:01:23.449739+00,,2026-01-16 10:04:52.845436+00,cuemu,,1.5035E+17,,
607,1.526.571.653.654.669.677,Baka,"{Naboo,Dantooine,Talus}",0.826,162,0.162,902,0.953,,,,,521,0.942,858,0.9,920,0.957,842,0.898,951,0.973,,,,,TRUE,2026-01-13 22:46:22.368408+00,,2026-01-16 04:11:50.816171+00,cuemu,,1.5035E+17,,
608,1.2.276.277.388.443.458.467,Thyitobi,{Tatooine},0.469,387,0.387,574,0.574,327,0.327,588,0.588,,,,,,,,,,,,,,,FALSE,2026-01-11 18:17:42.276141+00,,2026-01-18 03:18:00.541685+00,cuemu,,6.17819E+17,,
609,1.759.760.801.802.808,Dwiseian,{Lok},0.723,500,1,,,,,178,0.445,,,,,,,,,,,,,,,TRUE,2026-01-13 18:16:06.603737+00,,,cuemu,,1.93478E+17,,
610,1.2.276.277.278.280.281.286,Boco,{Lok},0.239,20,0.02,2,0.002,104,0.149,784,0.784,,,,,,,,,,,,,,,TRUE,2026-01-13 18:17:42.418027+00,,,cuemu,,1.93478E+17,,
611,1.759.760.801.802.810,Lialeca,{Rori},0.551,500,1,,,,,41,0.102,,,,,,,,,,,,,,,TRUE,2026-01-16 10:08:03.125537+00,,,cuemu,,1.5035E+17,,
612,1.526.571.597.627.640.650,Horliide,"{Lok,Naboo,Corellia,Dantooine,Talus,Dathomir,Yavin,Endor}",0.858,290,0.29,660,0.943,,,,,964,0.964,730,0.912,760,0.95,736,0.92,612,0.942,943,0.943,,,TRUE,2026-01-13 18:09:09.597856+00,,2026-01-16 09:36:41.182066+00,cuemu,,1.5035E+17,,
613,1.526.571.597.598.616.622,Cetou,"{Lok,Yavin,Rori}",0.742,38,0.038,624,0.817,,,,,324,0.814,738,0.925,735,0.921,371,0.7,764,0.919,266,0.801,,,TRUE,2026-01-13 18:05:21.308025+00,,2026-01-16 10:00:05.478747+00,cuemu,,1.5035E+17,,
614,1.526.527.543.549,Kotho,{Naboo},0.468,615,0.615,323,0.323,,,,,135,0.135,415,0.415,853,0.853,,,,,,,,,TRUE,2026-01-13 22:42:22.806854+00,,,cuemu,,6.17819E+17,,
615,1.526.571.584.587.588,Vohenoiite,"{Naboo,Tatooine,Corellia,Talus,Dathomir,Endor,Rori}",0.655,188,0.188,436,0.92,,,509,0.858,,,,,,,,,,,,,,,TRUE,2026-01-13 22:48:03.229397+00,,2026-01-16 10:01:28.849722+00,cuemu,,1.5035E+17,,
616,1.2.276.484.485.500.513.520,Pafaobot,{Rori},0.553,239,0.239,177,0.354,,,,,939,0.939,198,0.66,229,0.573,,,,,,,,,TRUE,2026-01-16 10:09:22.633853+00,,,cuemu,,1.5035E+17,,
617,1.526.571.701.704.706,Hego,"{Lok,Tatooine,Corellia,Talus,Yavin,Naboo}",0.597,579,0.579,149,0.645,,,,,102,0.734,89,0.385,126,0.545,79,0.342,657,0.949,,,,,FALSE,2026-01-13 18:13:43.797547+00,,2026-01-19 01:54:16.634549+00,cuemu,,1.85879E+17,,
618,1.526.557.566,Iwabi,{Talus},0.578,977,0.977,178,0.178,,,,,,,,,,,,,,,,,,,TRUE,2026-01-12 14:04:34.258483+00,,2026-01-14 09:53:07.693169+00,cuemu,47% outside Dearic -400 -2960,2.22847E+17,,
619,1.526.571.597.598.601.612,Rocosis,{Endor},0.463,612,0.612,680,0.68,,,,,413,0.413,700,0.7,257,0.257,553,0.553,415,0.415,75,0.075,,,TRUE,2026-01-13 22:51:42.237719+00,,2026-01-13 22:51:50.9095+00,cuemu,,1.85879E+17,,
620,1.2.276.277.388.389.417.423,Liria,{Naboo},0.581,495,0.495,934,0.934,687,0.687,207,0.207,,,,,,,,,,,,,,,TRUE,2026-01-13 22:52:41.860473+00,,,cuemu,,6.17819E+17,,
621,1.2.276.484.485.500.513.519,Thago,{Naboo},0.493,667,0.667,88,0.176,,,,,817,0.817,170,0.567,95,0.237,,,,,,,,,TRUE,2026-01-13 22:55:06.295579+00,,,cuemu,,6.17819E+17,,
622,1.2.276.277.388.389.417.420,Yati,{Dathomir},0.286,41,0.041,551,0.551,547,0.547,3,0.003,,,,,,,,,,,,,,,TRUE,2026-01-13 23:08:00.61927+00,,,cuemu,,2.22847E+17,,
623,1.2.276.277.388.443.458.461,Biki,{Dathomir},0.317,180,0.18,601,0.601,152,0.152,336,0.336,,,,,,,,,,,,,,,TRUE,2026-01-13 23:08:56.217133+00,,,cuemu,,2.22847E+17,,
624,1.2.276.277.278.307.321.324,Fetho,{Dathomir},0.359,333,0.333,350,0.35,346,0.346,285,0.407,,,,,,,,,,,,,,,TRUE,2026-01-13 23:10:38.668258+00,,,cuemu,,2.22847E+17,,
625,1.759.760.801.815.819,Tocaite,{Dathomir},0.822,500,1,,,,,386,0.643,,,,,,,,,,,,,,,TRUE,2026-01-13 23:12:38.848097+00,,,cuemu,,2.22847E+17,,
626,1.2.276.277.388.389.430.433,Tzoroomi,{Dathomir},0.456,143,0.143,224,0.224,837,0.837,618,0.618,,,,,,,,,,,,,,,TRUE,2026-01-13 23:14:35.287995+00,,,cuemu,,2.22847E+17,,
627,1.759.760.801.802.806,Telaboide,{Dathomir},0.839,500,1,,,,,271,0.677,,,,,,,,,,,,,,,TRUE,2026-01-13 23:18:16.918099+00,,,cuemu,,2.22847E+17,,
628,1.759.760.801.802.805,Lelistaic,{Dantooine},0.518,500,1,,,,,15,0.037,,,,,,,,,,,,,,,TRUE,2026-01-13 23:23:49.139406+00,,,cuemu,,2.22847E+17,,
629,1.2.276.277.278.334.335.337,Lphoumeiso,{Dantooine},0.328,93,0.093,372,0.372,209,0.299,546,0.546,,,,,,,,,,,,,,,TRUE,2026-01-13 23:25:18.49103+00,,,cuemu,,2.22847E+17,,
630,1.2.276.277.278.280.281.283,Licte,{Dantooine},0.441,227,0.227,564,0.564,268,0.383,590,0.59,,,,,,,,,,,,,,,TRUE,2026-01-13 23:26:08.923353+00,,,cuemu,,2.22847E+17,,
631,1.2.276.277.278.361.362.364,Beingoa,{Dantooine},0.45,260,0.26,702,0.702,137,0.196,643,0.643,,,,,,,,,,,,,,,TRUE,2026-01-13 23:32:02.104133+00,,,cuemu,,2.22847E+17,,
632,1.526.527.543.545,Climya,{Dantooine},0.19,143,0.143,409,0.409,,,,,19,0.019,146,0.146,232,0.232,,,,,,,,,TRUE,2026-01-13 23:32:56.143378+00,,,cuemu,,2.22847E+17,,
633,1.2.276.277.278.334.348.350,Srepo,{Dantooine},0.516,455,0.455,528,0.528,680,0.68,280,0.4,,,,,,,,,,,,,,,TRUE,2026-01-13 23:36:44.845087+00,,,cuemu,,2.22847E+17,,
634,1.2.276.277.278.361.362.369,Reke,{Rori},0.583,194,0.194,689,0.689,427,0.61,837,0.837,,,,,,,,,,,,,,,TRUE,2026-01-14 00:26:44.150307+00,,,cuemu,,6.17819E+17,,
635,1.2.276.484.485.487.494,Snahagla,{Rori},0.396,107,0.107,14,0.018,,,,,431,0.539,634,0.792,368,0.526,,,,,,,,,TRUE,2026-01-14 00:29:50.389585+00,,,cuemu,,6.17819E+17,,
636,1.2.3.180.222.250.259,Sohatheo,{Tatooine},0.214,123,0.123,12,0.012,,,,,148,0.148,101,0.101,685,0.685,,,,,,,,,TRUE,2026-01-14 00:53:32.850565+00,,,cuemu,,1.5035E+17,,
637,1.2.3.4.5.7.9,Viwoki,{Dantooine},0.582,743,0.743,690,0.69,326,0.466,428,0.428,,,,,,,,,,,,,,,TRUE,2026-01-14 05:08:36.80815+00,,,cuemu,,2.22847E+17,,
638,1.2.3.180.222.237.246,Fari,{Tatooine},0.485,566,0.566,800,0.8,,,,,500,0.5,248,0.248,312,0.312,,,,,,,,,TRUE,2026-01-14 05:25:06.188244+00,,,cuemu,,2.22847E+17,,
639,1.2.3.180.222.224.233,Prasoori,{Tatooine},0.44,544,0.544,70,0.07,,,,,901,0.901,274,0.274,410,0.41,,,,,,,,,TRUE,2026-01-14 05:26:31.861776+00,,,cuemu,,2.22847E+17,,
640,1.2.3.4.33.48.52,Dwatu,{Endor},0.315,374,0.374,84,0.084,39,0.056,745,0.745,,,,,,,,,,,,,,,TRUE,2026-01-14 06:44:03.042576+00,,,cuemu,,2.22847E+17,,
641,1.2.3.180.222.250.254,Gloso,{Endor},0.535,494,0.494,597,0.597,,,,,649,0.649,574,0.574,361,0.361,,,,,,,,,TRUE,2026-01-14 06:44:39.806073+00,,,cuemu,,2.22847E+17,,
642,1.2.3.4.33.74.78,Coada,{Endor},0.525,698,0.698,200,0.2,563,0.563,639,0.639,,,,,,,,,,,,,,,TRUE,2026-01-14 06:45:47.165011+00,,,cuemu,,2.22847E+17,,
643,1.2.3.4.33.126.132,Pirje,{Naboo},0.45,697,0.697,98,0.098,256,0.256,749,0.749,,,,,,,,,,,,,,,TRUE,2026-01-14 08:28:40.872187+00,,,cuemu,,2.22847E+17,,
644,1.2.276.277.278.361.375.380,Ofe,{Lok},0.434,95,0.095,575,0.575,665,0.665,281,0.401,,,,,,,,,,,,,,,TRUE,2026-01-14 20:33:33.226015+00,,,cuemu,,1.93478E+17,,
645,1.2.276.277.278.361.362.367,Ravevo,{Lok},0.264,94,0.094,22,0.022,312,0.446,493,0.493,,,,,,,,,,,,,,,TRUE,2026-01-14 20:43:07.936163+00,,,cuemu,,1.93478E+17,,
646,1.526.557.563,Icho,{Lok},0.371,641,0.641,101,0.101,,,,,,,,,,,,,,,,,,,TRUE,2026-01-14 22:27:10.598829+00,,,cuemu,,1.93478E+17,,
647,1.526.728.729.731.739,Coopooene,{Dathomir},0.428,664,0.664,193,0.193,,,,,,,,,,,,,,,,,,,TRUE,2026-01-13 22:59:01.471184+00,,2026-01-16 04:41:36.660991+00,cuemu,,1.5035E+17,,
648,1.2.3.4.33.126.129,Apie,{Dathomir},0.277,139,0.139,261,0.261,397,0.397,310,0.31,,,,,,,,,,,,,,,TRUE,2026-01-15 05:59:53.752327+00,,,cuemu,,2.22847E+17,,
649,1.2.276.277.278.307.321.329,Dyawa,{Talus},0.36,502,0.502,275,0.275,421,0.421,169,0.241,,,,,,,,,,,,,,,TRUE,2026-01-15 07:48:54.444917+00,,,cuemu,,2.22847E+17,,
650,1.2.276.277.278.280.294.302,Eho,{Talus},0.259,365,0.365,206,0.206,423,0.423,30,0.043,,,,,,,,,,,,,,,TRUE,2026-01-15 07:51:30.942722+00,,,cuemu,,2.22847E+17,,
651,1.2.276.277.388.443.471.479,Tiwecae,{Talus},0.631,952,0.952,595,0.595,567,0.567,286,0.409,,,,,,,,,,,,,,,TRUE,2026-01-15 07:53:59.973448+00,,,cuemu,,2.22847E+17,,
652,1.2.276.277.278.361.362.370,Fobie,{Talus},0.34,141,0.141,405,0.405,28,0.04,774,0.774,,,,,,,,,,,,,,,TRUE,2026-01-15 07:56:14.141209+00,,,cuemu,,2.22847E+17,,
653,1.526.728.742.744.752,Boaroto,"{Dantooine,Dathomir,Yavin,Naboo,Lok,Tatooine,Corellia}",0.595,283,0.283,408,0.907,,,,,,,,,,,,,,,,,,,TRUE,2026-01-14 22:28:38.870363+00,,2026-01-19 01:48:32.218734+00,cuemu,,1.85879E+17,,
654,1.526.571.597.598.616.623,Vode,"{Lok,Talus}",0.782,104,0.104,716,0.841,,,,,437,0.924,767,0.879,796,0.912,557,0.884,817,0.914,315,0.799,,,TRUE,2026-01-14 19:57:39.667742+00,,2026-01-16 04:11:16.980574+00,cuemu,,1.5035E+17,,
655,1.526.527.543.547,Aheia,{Endor},0.203,1,0.001,434,0.434,,,,,5,0.005,398,0.398,177,0.177,,,,,,,,,FALSE,2026-01-13 22:58:02.179776+00,,2026-01-20 19:03:11.565208+00,cuemu,,1.85879E+17,,
656,1.2.276.277.278.334.335.343,Eba,{Talus},0.547,743,0.743,353,0.353,360,0.514,579,0.579,,,,,,,,,,,,,,,TRUE,2026-01-15 07:57:33.095614+00,,,cuemu,,2.22847E+17,,
657,1.2.276.277.388.389.417.425,Docofe,{Talus},0.399,683,0.683,279,0.279,534,0.534,101,0.101,,,,,,,,,,,,,,,TRUE,2026-01-15 07:58:29.769801+00,,,cuemu,,2.22847E+17,,
658,1.2.276.277.388.389.430.438,Ehao,{Talus},0.392,211,0.211,644,0.644,393,0.393,321,0.321,,,,,,,,,,,,,,,TRUE,2026-01-15 07:59:41.15968+00,,,cuemu,,2.22847E+17,,
659,1.526.527.543.551,Iste,{Talus},0.382,398,0.398,436,0.436,,,,,212,0.212,184,0.184,678,0.678,,,,,,,,,TRUE,2026-01-15 08:04:50.568082+00,,,cuemu,,2.22847E+17,,
660,1.759.760.801.815.824,Pivi,{Talus},0.921,500,1,,,,,506,0.843,,,,,,,,,,,,,,,TRUE,2026-01-15 08:06:04.17249+00,,,cuemu,,2.22847E+17,,
661,1.759.760.801.802.811,Iepa,{Talus},0.637,500,1,,,,,109,0.273,,,,,,,,,,,,,,,TRUE,2026-01-15 08:06:51.693614+00,,,cuemu,,2.22847E+17,,
662,1.2.276.484.485.487.488,Jafo,{Corellia},0.473,718,0.718,132,0.165,,,,,484,0.605,232,0.29,410,0.586,,,,,,,,,TRUE,2026-01-15 08:16:26.877194+00,,,cuemu,,2.22847E+17,,
663,1.2.276.277.388.389.430.431,Ega,{Corellia},0.171,105,0.105,470,0.47,101,0.101,10,0.01,,,,,,,,,,,,,,,TRUE,2026-01-15 08:17:48.137513+00,,,cuemu,,2.22847E+17,,
664,1.2.276.277.278.280.281.282,Mobo,{Corellia},0.438,206,0.206,187,0.187,469,0.67,689,0.689,,,,,,,,,,,,,,,TRUE,2026-01-15 08:20:59.160976+00,,,cuemu,,2.22847E+17,,
665,1.2.276.277.278.307.321.331,Wowo,{Yavin},0.589,434,0.434,590,0.59,351,0.351,685,0.979,,,,,,,,,,,,,,,TRUE,2026-01-15 08:36:27.933613+00,,,cuemu,,2.22847E+17,,
666,1.526.571.572.575.582,Craicisi,"{Corellia,Endor}",0.679,198,0.198,679,0.849,,,989,0.989,,,,,,,,,,,,,,,TRUE,2026-01-15 08:23:55.314863+00,,2026-01-19 02:31:12.960877+00,cuemu,,1.85879E+17,,
667,1.759.760.801.815.817,Soliic,{Corellia},0.776,500,1,,,,,332,0.553,,,,,,,,,,,,,,,TRUE,2026-01-15 08:32:19.640398+00,,2026-01-20 18:36:17.414587+00,cuemu,,1.85879E+17,,
668,1.526.557.559,Grisroaci,{Corellia},0.7,819,0.819,582,0.582,,,,,,,,,,,,,,,,,,,FALSE,2026-01-15 08:30:19.07967+00,,2026-01-20 18:50:53.408867+00,cuemu,,1.85879E+17,,
669,1.759.760.801.802.804,Waspa,{Corellia},0.54,500,1,,,,,32,0.08,,,,,,,,,,,,,,,TRUE,2026-01-15 08:29:13.372035+00,,2026-01-20 18:51:13.754122+00,cuemu,,1.85879E+17,,
670,1.2.276.484.485.487.496,Srana,{Tatooine},0.495,333,0.333,,,,,,,534,0.667,145,0.181,558,0.797,,,,,,,,,TRUE,2026-01-15 09:42:29.676221+00,,,cuemu,,2.22847E+17,,
671,1.2.276.484.485.500.513.522,Olu,{Tatooine},0.538,31,0.031,302,0.604,,,,,838,0.838,227,0.757,183,0.458,,,,,,,,,TRUE,2026-01-15 09:47:47.118103+00,,,cuemu,,2.22847E+17,,
672,1.759.760.801.815.825,Eneesis,{Tatooine},0.76,500,1,,,,,312,0.52,,,,,,,,,,,,,,,TRUE,2026-01-15 09:48:43.620833+00,,,cuemu,,2.22847E+17,,
673,1.526.557.567,Biovae,{Tatooine},0.372,689,0.689,55,0.055,,,,,,,,,,,,,,,,,,,TRUE,2026-01-15 09:50:50.374527+00,,,cuemu,,2.22847E+17,,
674,1.759.760.801.802.812,Bekopo,{Tatooine},0.883,500,1,,,,,306,0.765,,,,,,,,,,,,,,,TRUE,2026-01-15 09:51:32.892103+00,,,cuemu,,2.22847E+17,,
675,1.2.276.277.278.307.308.317,Saodea,{Tatooine},0.335,593,0.593,54,0.054,178,0.254,440,0.44,,,,,,,,,,,,,,,TRUE,2026-01-15 09:53:49.477519+00,,,cuemu,,2.22847E+17,,
676,1.526.527.543.552,Neco,{Tatooine},0.319,252,0.252,40,0.04,,,,,437,0.437,556,0.556,308,0.308,,,,,,,,,TRUE,2026-01-15 09:58:51.270231+00,,,cuemu,,2.22847E+17,,
677,1.526.557.564,Bardeu,{Naboo},0.544,625,0.625,464,0.464,,,,,,,,,,,,,,,,,,,TRUE,2026-01-15 10:06:42.279199+00,,,cuemu,,2.22847E+17,,
678,1.759.760.801.815.822,Mipelpa,{Naboo},0.707,500,1,,,,,248,0.413,,,,,,,,,,,,,,,TRUE,2026-01-15 10:07:52.870253+00,,,cuemu,,2.22847E+17,,
679,1.2.276.277.278.280.281.287,Paka,{Naboo},0.348,356,0.356,173,0.173,5,0.007,855,0.855,,,,,,,,,,,,,,,TRUE,2026-01-15 10:09:31.960982+00,,,cuemu,,2.22847E+17,,
680,1.2.276.277.278.361.362.368,Refe,{Naboo},0.272,47,0.047,682,0.682,19,0.027,330,0.33,,,,,,,,,,,,,,,TRUE,2026-01-15 10:11:00.685028+00,,,cuemu,,2.22847E+17,,
681,1.2.276.277.388.443.445.451,Kele,{Naboo},0.346,662,0.662,8,0.008,606,0.606,106,0.106,,,,,,,,,,,,,,,TRUE,2026-01-15 10:11:42.797001+00,,,cuemu,,2.22847E+17,,
682,1.759.760.801.802.809,Aobaine,{Naboo},0.525,500,1,,,,,20,0.05,,,,,,,,,,,,,,,TRUE,2026-01-15 10:13:36.823528+00,,,cuemu,,2.22847E+17,,
683,1.2.276.277.278.280.294.300,Kefo,{Naboo},0.402,370,0.37,283,0.283,694,0.694,182,0.26,,,,,,,,,,,,,,,TRUE,2026-01-15 10:14:29.560703+00,,,cuemu,,2.22847E+17,,
684,1.2.276.277.278.307.308.314,Thinto,{Naboo},0.601,563,0.563,440,0.44,572,0.817,584,0.584,,,,,,,,,,,,,,,TRUE,2026-01-15 10:17:04.920122+00,,,cuemu,,2.22847E+17,,
685,1.2.276.277.388.389.404.410,Rkanarra,{Naboo},0.434,603,0.603,303,0.303,345,0.345,485,0.485,,,,,,,,,,,,,,,TRUE,2026-01-15 10:18:22.003297+00,,,cuemu,,2.22847E+17,,
686,1.526.557.562,Thagmai,{Endor},0.584,753,0.753,415,0.415,,,,,,,,,,,,,,,,,,,TRUE,2026-01-15 10:24:46.104871+00,,,cuemu,,2.22847E+17,,
687,1.526.571.597.598.616.620,Paga,{Naboo},0.774,377,0.377,585,0.993,,,,,207,0.835,532,0.821,528,0.815,308,0.931,632,0.895,109,0.527,,,TRUE,2026-01-15 10:04:54.919601+00,,2026-01-16 09:50:05.581811+00,cuemu,,1.5035E+17,,
688,1.2.276.277.388.443.471.475,Koshe,{Endor},0.465,336,0.336,167,0.167,358,0.358,700,1,,,,,,,,,,,,,,,TRUE,2026-01-15 10:29:15.225785+00,,,cuemu,,2.22847E+17,,
689,1.2.276.484.485.500.504,Tege,{Endor},0.426,76,0.076,64,0.107,,,,,837,0.837,123,0.41,279,0.698,,,,,,,,,TRUE,2026-01-15 10:30:14.220844+00,,,cuemu,,2.22847E+17,,
690,1.2.276.277.388.389.430.434,Omoo,{Endor},0.082,88,0.088,51,0.051,43,0.043,147,0.147,,,,,,,,,,,,,,,TRUE,2026-01-15 10:34:58.940951+00,,,cuemu,,2.22847E+17,,
691,1.2.276.277.278.307.308.312,Peni,{Endor},0.495,530,0.53,71,0.071,468,0.669,711,0.711,,,,,,,,,,,,,,,TRUE,2026-01-15 10:40:40.172417+00,,,cuemu,,2.22847E+17,,
692,1.2.276.277.278.307.308.311,Ettexo,{Dathomir},0.429,407,0.407,141,0.141,247,0.353,814,0.814,,,,,,,,,,,,,,,TRUE,2026-01-15 10:58:21.364014+00,,,cuemu,,2.22847E+17,,
693,1.2.276.277.278.361.362.365,Sava,{Dathomir},0.519,268,0.268,666,0.666,110,0.157,987,0.987,,,,,,,,,,,,,,,TRUE,2026-01-15 10:59:21.218773+00,,,cuemu,,2.22847E+17,,
694,1.2.276.277.278.334.348.351,Krepa,{Dathomir},0.373,318,0.318,83,0.083,554,0.554,375,0.536,,,,,,,,,,,,,,,TRUE,2026-01-15 11:00:29.672377+00,,,cuemu,,2.22847E+17,,
695,1.2.3.4.33.61.64,Nege,{Dathomir},0.538,813,0.813,687,0.687,184,0.263,274,0.391,,,,,,,,,,,,,,,TRUE,2026-01-15 12:51:37.243641+00,,,cuemu,,1.5035E+17,,
696,1.2.3.4.33.35.38,Fece,{Dathomir},0.51,487,0.487,492,0.492,790,0.79,188,0.269,,,,,,,,,,,,,,,TRUE,2026-01-15 12:52:42.360524+00,,,cuemu,,1.5035E+17,,
697,1.2.3.180.181.195.198,Bimo,{Dathomir},0.382,321,0.321,331,0.473,,,,,90,0.15,113,0.226,370,0.74,,,,,,,,,TRUE,2026-01-15 12:54:19.628443+00,,,cuemu,,1.5035E+17,,
698,1.2.3.4.33.100.103,Nirchto,{Dathomir},0.651,685,0.685,780,0.78,576,0.823,316,0.316,,,,,,,,,,,,,,,TRUE,2026-01-15 12:54:55.324725+00,,,cuemu,,1.5035E+17,,
699,1.2.3.4.33.74.77,Osi,{Dathomir},0.554,493,0.493,621,0.621,498,0.498,606,0.606,,,,,,,,,,,,,,,TRUE,2026-01-15 12:55:24.75522+00,,,cuemu,,1.5035E+17,,
700,1.2.3.180.181.184,Klago,{Dantooine},0.47,306,0.306,302,0.302,,,,,323,0.646,632,0.632,463,0.463,,,,,,,,,TRUE,2026-01-15 13:11:41.83069+00,,,cuemu,,1.5035E+17,,
701,1.2.3.180.181.195.197,Rieldo,{Dantooine},0.569,744,0.744,413,0.59,,,,,218,0.363,178,0.356,397,0.794,,,,,,,,,TRUE,2026-01-15 13:12:34.04593+00,,,cuemu,,1.5035E+17,,
702,1.2.3.180.181.192,Noki,{Yavin},0.492,491,0.491,389,0.389,,,,,278,0.556,196,0.196,827,0.827,,,,,,,,,TRUE,2026-01-15 13:24:25.992959+00,,,cuemu,,1.5035E+17,,
703,1.2.3.180.222.237.247,Vipeo,{Yavin},0.4,544,0.544,566,0.566,,,,,61,0.061,488,0.488,343,0.343,,,,,,,,,TRUE,2026-01-15 13:25:02.234279+00,,,cuemu,,1.5035E+17,,
704,1.2.3.4.33.74.84,Raneada,{Yavin},0.463,268,0.268,680,0.68,320,0.32,584,0.584,,,,,,,,,,,,,,,TRUE,2026-01-15 13:25:34.326786+00,,,cuemu,,1.5035E+17,,
705,1.2.3.4.33.48.58,Katte,{Yavin},0.419,518,0.518,20,0.02,273,0.39,748,0.748,,,,,,,,,,,,,,,TRUE,2026-01-15 13:26:15.805624+00,,,cuemu,,1.5035E+17,,
706,1.2.3.4.33.100.110,Reskae,{Yavin},0.294,357,0.357,188,0.188,183,0.261,369,0.369,,,,,,,,,,,,,,,TRUE,2026-01-15 13:27:06.110606+00,,,cuemu,,1.5035E+17,,
707,1.2.3.180.181.195.205,Etirta,{Yavin},0.387,270,0.27,284,0.406,,,,,204,0.34,303,0.606,157,0.314,,,,,,,,,TRUE,2026-01-15 13:27:30.574657+00,,,cuemu,,1.5035E+17,,
708,1.2.3.180.222.250.260,Todhe,{Yavin},0.297,636,0.636,401,0.401,,,,,193,0.193,135,0.135,120,0.12,,,,,,,,,TRUE,2026-01-15 13:28:03.524414+00,,,cuemu,,1.5035E+17,,
709,1.2.3.4.33.35.45,Gihe,{Yavin},0.558,507,0.507,626,0.626,977,0.977,87,0.124,,,,,,,,,,,,,,,TRUE,2026-01-15 13:28:34.372516+00,,,cuemu,,1.5035E+17,,
710,1.2.3.180.181.195.203,Devispa,{Talus},0.296,28,0.028,461,0.659,,,,,70,0.117,68,0.136,269,0.538,,,,,,,,,TRUE,2026-01-15 13:54:19.697093+00,,,cuemu,,1.5035E+17,,
711,1.2.3.4.33.100.108,Weseiso,{Talus},0.4,289,0.289,930,0.93,47,0.067,312,0.312,,,,,,,,,,,,,,,TRUE,2026-01-15 13:54:44.954502+00,,,cuemu,,1.5035E+17,,
712,1.2.3.4.33.74.82,Debavo,{Talus},0.469,536,0.536,161,0.161,707,0.707,472,0.472,,,,,,,,,,,,,,,TRUE,2026-01-15 13:55:49.942189+00,,,cuemu,,1.5035E+17,,
713,1.2.3.4.33.87.95,Pfeogi,{Talus},0.472,84,0.084,956,0.956,554,0.554,294,0.294,,,,,,,,,,,,,,,TRUE,2026-01-15 13:56:18.340878+00,,,cuemu,,1.5035E+17,,
714,1.2.3.4.33.126.134,Cohy,{Talus},0.566,619,0.619,887,0.887,165,0.165,592,0.592,,,,,,,,,,,,,,,TRUE,2026-01-15 13:56:52.139176+00,,,cuemu,,1.5035E+17,,
715,1.2.3.4.33.35.43,Spafo,{Talus},0.438,627,0.627,455,0.455,624,0.624,31,0.044,,,,,,,,,,,,,,,TRUE,2026-01-15 13:57:16.238782+00,,,cuemu,,1.5035E+17,,
716,1.2.3.4.33.61.69,Stisi,{Talus},0.347,15,0.015,217,0.217,420,0.6,388,0.554,,,,,,,,,,,,,,,TRUE,2026-01-15 13:57:49.727615+00,,,cuemu,,1.5035E+17,,
717,1.2.3.180.222.224.232,Beudi,{Talus},0.403,23,0.023,129,0.129,,,,,658,0.658,640,0.64,565,0.565,,,,,,,,,TRUE,2026-01-15 13:58:27.460035+00,,,cuemu,,1.5035E+17,,
718,1.526.557.565,Houra,{Rori},0.486,616,0.616,357,0.357,,,,,,,,,,,,,,,,,,,TRUE,2026-01-15 15:25:50.551684+00,,,cuemu,,1.71687E+17,,
719,1.526.571.597.627.630.638,Ecle,"{Tatooine,Lok,Corellia,Dantooine,Talus,Yavin,Naboo}",0.773,24,0.024,702,0.877,,,,,908,0.908,781,0.868,883,0.981,639,0.799,687,0.859,694,0.868,,,TRUE,2026-01-15 16:20:30.167682+00,,2026-01-16 09:49:32.065062+00,cuemu,,1.5035E+17,,
720,1.526.571.597.598.616.619,Etedeoide,{Dathomir},0.84,995,0.995,472,0.942,,,,,151,0.873,493,0.86,511,0.892,183,0.792,625,0.97,57,0.396,,,TRUE,2026-01-15 10:54:13.986069+00,,2026-01-16 04:35:47.084714+00,cuemu,,1.5035E+17,,
721,1.526.571.572.575.579,Shoreium,{Endor},0.602,150,0.15,379,0.77,,,647,0.886,,,,,,,,,,,,,,,TRUE,2026-01-15 10:37:48.802338+00,,2026-01-19 02:31:02.313224+00,cuemu,,1.85879E+17,,
722,1.526.571.584.587.596,Veuwesaic,{Endor},0.343,108,0.108,406,0.406,,,515,0.515,,,,,,,,,,,,,,,TRUE,2026-01-15 10:32:42.78332+00,,2026-01-16 09:37:17.313034+00,cuemu,,1.5035E+17,,
723,1.526.527.543.548,Optoso,{Lok},0.458,186,0.186,183,0.183,,,,,529,0.529,719,0.719,673,0.673,,,,,,,,,TRUE,2026-01-15 21:55:29.491679+00,,,cuemu,,1.93478E+17,,
724,1.2.276.277.388.443.445.450,Rohowei,{Lok},0.632,614,0.614,348,0.348,874,0.874,692,0.692,,,,,,,,,,,,,,,TRUE,2026-01-15 21:58:56.695043+00,,,cuemu,,1.93478E+17,,
725,1.526.571.597.627.630.633,Gaveraeate,"{Rori,Corellia,Dantooine,Dathomir,Talus,Yavin,Tatooine,Endor}",0.692,333,0.333,112,0.365,,,,,498,0.877,481,0.908,417,0.787,137,0.446,403,0.937,434,0.882,,,FALSE,2026-01-02 20:33:30.74366+00,,2026-01-16 03:01:35.548401+00,cuemu,,1.5035E+17,,
726,1.526.571.597.598.616.618,Meaca,{Yavin},0.603,33,0.033,383,0.925,,,,,54,0.551,426,0.855,428,0.859,53,0.405,512,0.881,26,0.317,,,TRUE,2026-01-15 08:44:27.689959+00,,2026-01-16 05:02:50.085231+00,cuemu,,1.5035E+17,,
727,1.526.571.597.627.640.649,Tisasis,"{Lok,Corellia,Rori,Naboo,Dantooine,Yavin,Endor,Talus}",0.832,293,0.293,597,0.924,,,,,891,0.927,690,0.907,675,0.887,649,0.879,554,0.901,898,0.934,,,FALSE,2026-01-05 14:15:03.880695+00,,2026-01-16 03:03:52.391209+00,cuemu,,1.5035E+17,,
728,1.526.571.597.627.640.642,Gienoris,"{Endor,Lok,Talus,Dathomir,Yavin,Rori,Tatooine}",0.73,446,0.446,71,0.696,,,,,569,0.995,361,0.97,314,0.844,25,0.216,210,0.792,503,0.879,,,TRUE,2026-01-15 16:23:35.40616+00,,2026-01-16 10:28:20.6104+00,cuemu,,1.5035E+17,,
729,1.2.276.277.388.389.391.401,Foagi,{Yavin},0.559,178,0.178,903,0.903,561,0.561,595,0.595,,,,,,,,,,,,,,,TRUE,2026-01-15 08:39:01.035983+00,,,cuemu,,2.22847E+17,,
730,1.2.276.277.388.443.471.481,Kubi,{Yavin},0.176,445,0.445,122,0.122,67,0.067,50,0.071,,,,,,,,,,,,,,,TRUE,2026-01-15 08:39:52.363468+00,,,cuemu,,2.22847E+17,,
731,1.2.276.277.388.389.417.427,Kigeo,{Yavin},0.256,381,0.381,293,0.293,78,0.078,270,0.27,,,,,,,,,,,,,,,TRUE,2026-01-15 08:42:24.389123+00,,,cuemu,,2.22847E+17,,
732,1.526.557.568,Vakio,{Yavin},0.604,903,0.903,305,0.305,,,,,,,,,,,,,,,,,,,TRUE,2026-01-15 08:43:11.713778+00,,,cuemu,,2.22847E+17,,
733,1.2.276.484.485.500.510,Oto,{Yavin},0.528,469,0.469,340,0.567,,,,,680,0.68,78,0.26,265,0.662,,,,,,,,,TRUE,2026-01-15 08:45:04.418016+00,,,cuemu,,2.22847E+17,,
734,1.526.571.597.598.600,Fawexooism,{Tatooine},0.483,22,0.022,398,0.398,,,,,138,0.23,894,0.894,499,0.499,485,0.606,692,0.692,342,0.526,,,TRUE,2026-01-15 09:16:04.071116+00,,2026-01-15 16:24:47.192611+00,cuemu,,3.38016E+17,,
735,1.526.571.597.598.601.610,Rilaeic,"{Tatooine,Corellia,Talus,Dathomir,Yavin,Endor,Naboo}",0.83,238,0.238,853,0.932,,,,,289,0.87,859,0.957,852,0.931,536,0.807,898,0.964,507,0.939,,,TRUE,2026-01-15 08:02:06.919083+00,,2026-01-16 09:50:33.956534+00,cuemu,,1.5035E+17,,
736,1.526.571.597.598.601.607,Kasosis,"{Corellia,Talus,Dathomir,Yavin,Endor,Naboo,Lok,Tatooine}",0.849,480,0.48,734,0.959,,,,,209,0.986,646,0.9,734,0.959,324,0.764,787,0.969,266,0.771,,,TRUE,2026-01-15 08:01:02.605331+00,,2026-01-16 10:29:01.203894+00,cuemu,,1.5035E+17,,
737,1.526.527.540.541,Giageiic,"{Endor,Rori,Corellia,Dantooine,Dathomir,Yavin,Tatooine,Lok}",0.697,685,0.685,708,0.708,,,,,,,,,,,,,,,,,,,FALSE,2026-01-09 23:58:29.650051+00,,2026-01-19 01:08:28.163135+00,cuemu,,1.85879E+17,,
738,1.526.571.597.598.616.618,Befiopa,"{Corellia,Dantooine,Endor}",0.564,300,0.3,315,0.761,,,,,23,0.235,459,0.922,400,0.803,24,0.183,506,0.871,36,0.439,,,FALSE,2026-01-13 23:20:55.190757+00,,2026-01-19 01:53:22.892317+00,cuemu,,1.85879E+17,,
739,1.526.571.597.627.640.650,Anae,"{Corellia,Dantooine,Endor,Naboo,Rori,Lok}",0.821,30,0.03,652,0.931,,,,,969,0.969,735,0.919,728,0.91,715,0.894,592,0.911,1000,1,,,TRUE,2026-01-16 03:03:23.371919+00,,2026-01-16 10:16:47.43844+00,cuemu,,1.5035E+17,,
740,1.526.571.597.627.640.645,Dimoaha,"{Lok,Dathomir,Yavin,Endor,Rori,Tatooine,Corellia}",0.794,131,0.131,334,0.997,,,,,660,0.893,456,0.846,521,0.967,256,0.668,391,0.942,671,0.908,,,TRUE,2026-01-15 21:45:20.702767+00,,2026-01-20 18:49:39.133663+00,cuemu,,1.85879E+17,,
741,1.2.276.277.278.334.348.357,Ldemo,{Tatooine},0.327,43,0.043,580,0.58,617,0.617,46,0.066,,,,,,,,,,,,,,,TRUE,2026-01-15 09:35:00.610231+00,,,cuemu,,2.22847E+17,,
742,1.2.276.277.388.389.430.439,Otho,{Tatooine},0.499,727,0.727,417,0.417,430,0.43,422,0.422,,,,,,,,,,,,,,,TRUE,2026-01-15 09:37:58.946692+00,,,cuemu,,2.22847E+17,,
743,1.2.276.277.388.389.391.392,Craho,{Corellia},0.558,92,0.092,628,0.628,645,0.645,869,0.869,,,,,,,,,,,,,,,TRUE,2026-01-16 03:29:36.183964+00,,,cuemu,,1.5035E+17,,
744,1.2.276.277.388.443.458.459,Beko,{Corellia},0.493,447,0.447,261,0.261,393,0.393,871,0.871,,,,,,,,,,,,,,,TRUE,2026-01-16 03:30:34.217122+00,,,cuemu,,1.5035E+17,,
745,1.2.3.4.33.74.75,Dasre,{Corellia},0.694,644,0.644,574,0.574,741,0.741,817,0.817,,,,,,,,,,,,,,,TRUE,2026-01-16 03:37:50.654257+00,,,cuemu,,2.22847E+17,,
746,1.2.3.180.222.250.251,Come,{Corellia},0.571,697,0.697,581,0.581,,,,,659,0.659,441,0.441,475,0.475,,,,,,,,,TRUE,2026-01-16 03:38:34.953719+00,,,cuemu,,2.22847E+17,,
747,1.2.3.180.181.183,Tteogeowe,{Corellia},0.475,295,0.295,405,0.405,,,,,131,0.262,968,0.968,447,0.447,,,,,,,,,TRUE,2026-01-16 03:40:37.321095+00,,,cuemu,,2.22847E+17,,
748,1.2.3.4.33.48.49,Ripo,{Corellia},0.42,559,0.559,198,0.198,95,0.136,788,0.788,,,,,,,,,,,,,,,TRUE,2026-01-16 03:41:48.179702+00,,,cuemu,,2.22847E+17,,
749,1.2.3.4.33.100.101,Llupteeki,{Corellia},0.499,660,0.66,43,0.043,408,0.583,710,0.71,,,,,,,,,,,,,,,TRUE,2026-01-16 03:42:42.380627+00,,,cuemu,,2.22847E+17,,
750,1.2.276.277.278.361.362.372,Bebli,{Yavin},0.361,60,0.06,1,0.001,298,0.426,957,0.957,,,,,,,,,,,,,,,TRUE,2026-01-16 05:25:55.830575+00,,,cuemu,,1.5035E+17,,
751,1.526.571.597.598.601.613,Eawago,{Endor},0.375,514,0.514,373,0.373,,,,,308,0.308,396,0.396,99,0.099,95,0.095,824,0.824,394,0.394,,,TRUE,2026-01-16 09:34:59.775716+00,,2026-01-16 09:35:02.405988+00,cuemu,,1.5035E+17,,
752,1.526.557.560,Faoko,{Dantooine},0.488,665,0.665,311,0.311,,,,,,,,,,,,,,,,,,,TRUE,2026-01-16 04:05:23.740596+00,,,cuemu,,1.5035E+17,,
753,1.2.276.277.388.443.471.477,Bazo,{Naboo},0.289,296,0.296,147,0.147,169,0.169,380,0.543,,,,,,,,,,,,,,,TRUE,2026-01-16 09:56:52.414754+00,,,cuemu,,1.5035E+17,,
754,1.526.571.597.598.616.622,Caimeism,"{Dantooine,Talus}",0.851,415,0.415,702,0.919,,,,,391,0.982,685,0.858,750,0.94,447,0.843,794,0.955,298,0.898,,,TRUE,2026-01-13 23:34:09.14106+00,,2026-01-16 04:11:11.569686+00,cuemu,,1.5035E+17,,
755,1.2.3.4.33.126.127,Drewo,{Corellia},0.586,767,0.767,42,0.042,903,0.903,630,0.63,,,,,,,,,,,,,,,TRUE,2026-01-16 04:12:59.346094+00,,,cuemu,,2.22847E+17,,
756,1.2.3.4.33.35.36,Liva,{Corellia},0.554,537,0.537,557,0.557,468,0.468,458,0.654,,,,,,,,,,,,,,,TRUE,2026-01-16 04:15:32.108087+00,,,cuemu,,2.22847E+17,,
757,1.2.276.277.388.389.391.399,Ica,{Talus},0.388,420,0.42,57,0.057,538,0.538,537,0.537,,,,,,,,,,,,,,,TRUE,2026-01-16 04:18:08.588458+00,,,cuemu,,1.5035E+17,,
758,1.2.276.484.485.500.513.521,Sraego,{Talus},0.295,44,0.044,133,0.266,,,,,976,0.976,44,0.147,16,0.04,,,,,,,,,TRUE,2026-01-16 04:22:56.008946+00,,,cuemu,,1.5035E+17,,
759,1.759.760.801.815.820,Ggahau,{Endor},0.984,500,1,,,,,581,0.968,,,,,,,,,,,,,,,TRUE,2026-01-16 09:42:21.122298+00,,2026-01-20 18:54:39.979673+00,cuemu,,1.85879E+17,,
760,1.2.276.277.278.334.335.338,Rerko,{Dathomir},0.331,185,0.185,144,0.144,303,0.433,564,0.564,,,,,,,,,,,,,,,TRUE,2026-01-16 04:49:11.129839+00,,,cuemu,,1.5035E+17,,
761,1.526.571.653.654.657.658,Hiowaine,{Yavin},0.766,677,0.677,339,0.867,,,,,21,0.266,461,0.964,429,0.897,253,0.832,410,0.858,,,,,TRUE,2026-01-16 05:04:58.024637+00,,2026-01-16 05:05:00.793663+00,cuemu,,1.5035E+17,,
762,1.759.760.801.802.813,Wrisesis,{Yavin},0.53,500,1,,,,,24,0.06,,,,,,,,,,,,,,,TRUE,2026-01-16 05:20:30.536431+00,,,cuemu,,1.5035E+17,,
763,1.2.276.277.278.280.294.304,Ishona,{Yavin},0.462,126,0.126,887,0.887,560,0.56,191,0.273,,,,,,,,,,,,,,,TRUE,2026-01-16 05:25:16.68351+00,,,cuemu,,1.5035E+17,,
764,1.526.571.572.574,Hodisoine,{Endor},0.462,565,0.565,416,0.416,,,406,0.406,,,,,,,,,,,,,,,TRUE,2026-01-16 09:39:23.48002+00,,2026-01-16 09:39:26.65243+00,cuemu,,1.5035E+17,,
765,1.2.276.277.278.334.335.339,Jari,{Endor},0.58,671,0.671,402,0.402,348,0.497,749,0.749,,,,,,,,,,,,,,,TRUE,2026-01-16 09:46:28.835041+00,,,cuemu,,1.5035E+17,,
766,1.526.527.540.542,Oevo,"{Rori,Lok,Naboo,Corellia,Dantooine,Talus,Dathomir}",0.228,145,0.145,696,0.696,,,,,95,0.095,100,0.1,103,0.103,,,,,,,,,FALSE,2026-01-11 17:46:54.440674+00,,2026-01-19 01:08:26.64894+00,cuemu,,1.85879E+17,,
767,1.526.571.597.598.616.618,Tedetaic,{Rori},0.681,114,0.114,361,0.872,,,,,86,0.878,429,0.861,401,0.805,85,0.649,519,0.893,31,0.378,,,TRUE,2026-01-16 10:00:55.127886+00,,2026-01-16 10:00:59.428133+00,cuemu,,1.5035E+17,,
768,1.526.571.584.587.591,Gote,"{Tatooine,Corellia,Dantooine,Dathomir,Endor,Naboo,Rori}",0.689,257,0.257,612,0.947,,,697,0.864,,,,,,,,,,,,,,,TRUE,2026-01-15 08:27:20.379145+00,,2026-01-16 10:01:31.589693+00,cuemu,,1.5035E+17,,
769,1.526.571.572.575.577,Kekoeris,{Rori},0.593,416,0.416,171,0.648,,,379,0.715,,,,,,,,,,,,,,,TRUE,2026-01-16 10:03:26.142502+00,,2026-01-16 10:03:38.130586+00,cuemu,,1.5035E+17,,
770,1.759.760.801.815.823,Mesnagouiam,{Rori},0.765,500,1,,,,,318,0.53,,,,,,,,,,,,,,,TRUE,2026-01-16 10:07:32.661452+00,,,cuemu,,1.5035E+17,,
771,1.526.571.572.575.576,Pieho,{Tatooine},0.443,305,0.305,7,0.047,,,420,0.977,,,,,,,,,,,,,,,TRUE,2026-01-15 09:25:43.657742+00,,2026-01-16 10:29:54.818726+00,cuemu,,1.5035E+17,,
772,1.526.527.543.554,Give,{Yavin},0.489,913,0.913,232,0.232,,,,,210,0.21,539,0.539,550,0.55,,,,,,,,,FALSE,2026-01-16 05:09:34.024219+00,,2026-01-18 19:27:04.18086+00,cuemu,Givo,1.93478E+17,,
773,1.526.571.597.627.630.638,Tagoasis,"{Dantooine,Talus,Dathomir,Naboo,Rori,Tatooine,Corellia}",0.876,607,0.607,687,0.859,,,,,865,0.865,848,0.942,797,0.886,772,0.965,715,0.894,793,0.991,,,TRUE,2026-01-15 09:17:20.749443+00,,2026-01-19 01:50:39.089149+00,cuemu,,1.85879E+17,,
774,1.526.571.653.680.682,Fasmahiie,{Endor},0.551,609,0.609,381,0.544,,,,,951,0.951,152,0.152,507,0.724,346,0.346,529,0.529,,,,,TRUE,2026-01-16 09:40:50.604978+00,,2026-01-19 02:38:01.87644+00,cuemu,"Resource spelled ""Fasmahiic""",1.85879E+17,,
775,1.2.276.277.278.280.294.301,Kelari,{Rori},0.424,61,0.061,667,0.667,650,0.65,223,0.319,,,,,,,,,,,,,,,TRUE,2026-01-16 10:11:42.261262+00,,,cuemu,,1.5035E+17,,
776,1.2.276.277.388.443.471.478,Ticafi,{Rori},0.285,91,0.091,491,0.491,496,0.496,45,0.064,,,,,,,,,,,,,,,TRUE,2026-01-16 10:12:17.803503+00,,,cuemu,,1.5035E+17,,
777,1.2.276.277.388.443.458.465,Yodllo,{Rori},0.537,929,0.929,65,0.065,504,0.504,650,0.65,,,,,,,,,,,,,,,TRUE,2026-01-16 10:12:54.386576+00,,,cuemu,,1.5035E+17,,
778,1.526.571.597.627.629,Fimeoism,"{Tatooine,Naboo,Lok}",0.489,341,0.341,125,0.179,,,,,752,0.752,647,0.647,587,0.652,416,0.52,406,0.507,313,0.313,,,TRUE,2026-01-13 14:47:53.406297+00,,2026-01-16 10:16:59.818627+00,cuemu,,1.5035E+17,,
779,1.2.276.484.485.500.505,Dacou,{Lok},0.47,255,0.255,130,0.217,,,,,719,0.719,189,0.63,211,0.527,,,,,,,,,TRUE,2026-01-17 18:01:57.401015+00,,,cuemu,,1.93478E+17,,
780,1.2.276.277.278.334.335.340,ist,{Lok},0.431,457,0.457,500,0.5,16,0.023,745,0.745,,,,,,,,,,,,,,,TRUE,2026-01-16 10:25:49.551388+00,,,cuemu,,1.5035E+17,,
781,1.2.276.484.485.500.509,Twosmeu,{Tatooine},0.355,243,0.243,248,0.413,,,,,689,0.689,45,0.15,112,0.28,,,,,,,,,TRUE,2026-01-16 10:34:43.337275+00,,,cuemu,,1.5035E+17,,
782,1.2.276.277.278.307.321.330,Asasei,{Tatooine},0.378,421,0.421,542,0.542,389,0.389,111,0.159,,,,,,,,,,,,,,,TRUE,2026-01-16 10:35:33.453988+00,,,cuemu,,1.5035E+17,,
783,1.2.276.277.278.280.281.290,Lehao,{Tatooine},0.423,655,0.655,152,0.152,239,0.341,544,0.544,,,,,,,,,,,,,,,TRUE,2026-01-16 10:36:23.865577+00,,,cuemu,,1.5035E+17,,
784,1.2.276.277.278.361.375.384,Oct,{Tatooine},0.176,10,0.01,245,0.245,360,0.36,64,0.091,,,,,,,,,,,,,,,TRUE,2026-01-16 10:39:48.87126+00,,,cuemu,,1.5035E+17,,
785,1.526.571.597.598.616.624,Fichteiam,{Lok},0.85,667,0.667,826,0.88,,,,,446,0.814,877,0.925,899,0.948,613,0.84,857,0.896,377,0.827,,,TRUE,2026-01-16 10:19:04.364263+00,,2026-01-16 13:17:41.45132+00,cuemu,,1.5035E+17,,
786,1.2.276.277.388.443.445.454,Nabimo,{Tatooine},0.528,663,0.663,540,0.54,615,0.615,293,0.293,,,,,,,,,,,,,,,TRUE,2026-01-16 10:40:26.121798+00,,2026-01-16 16:09:13.367871+00,cuemu,,1.5035E+17,1.5035E+17,
787,1.2.276.277.388.443.458.463,Noleoro,{Lok},0.61,982,0.982,489,0.489,3,0.003,966,0.966,,,,,,,,,,,,,,,TRUE,2026-01-16 10:25:08.267391+00,,2026-01-16 17:27:06.194212+00,cuemu,,1.5035E+17,1.5035E+17,/waypoint 1227 3999 Noleoro 85%;
788,1.526.571.597.598.601.604,Ifaide,"{Endor,Corellia}",0.767,779,0.779,560,0.911,,,,,63,0.677,516,0.959,540,0.878,110,0.595,662,0.957,57,0.38,,,TRUE,2026-01-17 07:51:53.699673+00,,2026-01-19 01:50:18.491808+00,cuemu,,1.85879E+17,,
789,1.2.3.4.5.20.22,Siobi,{Dantooine},0.347,140,0.14,432,0.432,611,0.611,142,0.203,,,,,,,,,,,,,,,TRUE,2026-01-17 05:47:42.976179+00,,,cuemu,,2.22847E+17,,
790,1.2.3.4.33.126.128,Oathmago,{Dantooine},0.332,385,0.385,300,0.3,26,0.026,615,0.615,,,,,,,,,,,,,,,TRUE,2026-01-17 05:48:44.087173+00,,,cuemu,,2.22847E+17,,
791,1.2.3.180.208.211,Relciki,{Dantooine},0.611,762,0.762,336,0.336,,,,,310,0.62,429,0.858,334,0.477,,,,,,,,,TRUE,2026-01-17 06:12:34.61665+00,,,cuemu,,2.22847E+17,,
792,1.2.3.4.33.139.141.143,Ajjo,{Dantooine},0.39,311,0.311,884,0.884,39,0.039,325,0.325,,,,,,,,,,,,,,,TRUE,2026-01-17 07:11:53.499571+00,,,cuemu,,2.22847E+17,,
793,1.2.276.277.388.389.404.412,Aoti,{Talus},0.375,334,0.334,102,0.102,664,0.664,399,0.399,,,,,,,,,,,,,,,TRUE,2026-01-17 07:52:46.678388+00,,,cuemu,,2.22847E+17,,
794,1.2.276.277.278.280.281.289,Chreto,{Talus},0.39,246,0.246,274,0.274,209,0.299,741,0.741,,,,,,,,,,,,,,,TRUE,2026-01-17 07:57:32.193258+00,,,cuemu,,2.22847E+17,,
795,1.2.276.277.388.443.458.466,Clote,{Talus},0.454,196,0.196,215,0.215,834,0.834,572,0.572,,,,,,,,,,,,,,,TRUE,2026-01-17 07:59:56.507594+00,,,cuemu,,2.22847E+17,,
796,1.526.571.597.598.616.618,Eta,{Lok},0.61,665,0.665,314,0.758,,,,,9,0.092,458,0.92,460,0.924,8,0.061,556,0.957,41,0.5,,,TRUE,2026-01-17 17:58:13.347039+00,,2026-01-17 17:58:35.563329+00,cuemu,P,1.93478E+17,,
797,1.2.276.277.388.443.445.448,Horikree,{Dathomir},0.258,586,0.586,201,0.201,128,0.128,116,0.116,,,,,,,,,,,,,,,TRUE,2026-01-18 00:48:15.871173+00,,,cuemu,,1.93478E+17,,
798,1.526.527.529.531.534,Hige,{Endor},0.148,173,0.173,51,0.085,,,186,0.186,,,,,,,,,,,,,,,TRUE,2026-01-17 07:50:19.070647+00,,2026-01-19 02:03:57.20075+00,cuemu,,1.85879E+17,,
799,1.526.571.597.598.601.607,Yoliame,,0.808,384,0.384,712,0.931,,,,,177,0.835,638,0.889,707,0.924,302,0.712,751,0.925,298,0.864,,,TRUE,2026-01-18 02:14:51.37882+00,,,cuemu,,2.75763E+17,,
800,1.526.571.597.598.601.604,Tfaide,,0.767,779,0.779,560,0.911,,,,,63,0.677,516,0.959,540,0.878,110,0.595,662,0.957,57,0.38,,,TRUE,2026-01-18 02:17:33.855469+00,,,cuemu,,2.75763E+17,,
801,1.526.571.597.598.616.625,Soixa,{Dantooine},0.846,476,0.476,901,0.901,,,,,505,0.842,922,0.922,930,0.93,682,0.853,993,0.993,427,0.854,,,TRUE,2026-01-18 06:35:38.197701+00,,2026-01-18 06:36:19.814107+00,cuemu,75 hand jam spot outside mining op,2.75763E+17,,
802,1.526.571.597.627.630.637,Monotiaate,{Lok},0.561,878,0.878,50,0.05,,,,,293,0.293,886,0.886,247,0.247,688,0.688,913,0.913,534,0.534,,,TRUE,2026-01-18 18:43:20.881696+00,,2026-01-18 18:43:28.178882+00,cuemu,,1.93478E+17,,
803,1.526.571.701.704.709,Gaehadeeium,{Lok},0.756,140,0.14,443,0.836,,,,,228,0.717,429,0.809,529,0.998,461,0.87,748,0.921,,,,,TRUE,2026-01-18 18:50:42.512999+00,,2026-01-18 18:53:41.288462+00,cuemu,,1.93478E+17,,
804,1.526.571.597.598.601.607,Noalaism,"{Lok,Endor}",0.804,87,0.087,753,0.984,,,,,168,0.792,713,0.993,738,0.965,356,0.84,793,0.977,273,0.791,,,TRUE,2026-01-18 18:47:13.137535+00,,2026-01-19 02:23:04.850522+00,cuemu,,1.85879E+17,,
805,1.526.557.561,Crepea,{Dathomir},0.582,766,0.766,397,0.397,,,,,,,,,,,,,,,,,,,TRUE,2026-01-19 06:22:44.4918+00,,,cuemu,,2.22847E+17,,
806,1.526.571.653.680.683.688,Kira,"{Dathomir,Corellia,Endor}",0.81,785,0.785,341,0.735,,,,,659,0.863,577,0.79,360,0.776,647,0.847,697,0.873,,,,,TRUE,2026-01-18 00:43:58.36287+00,,2026-01-20 19:00:27.133717+00,cuemu,,1.85879E+17,,
807,1.2.276.484.485.487.492,Chaushao,{Lok},0.522,415,0.415,326,0.407,,,,,533,0.666,264,0.33,554,0.791,,,,,,,,,TRUE,2026-01-18 18:56:33.11446+00,,,cuemu,,1.93478E+17,,
808,1.2.276.277.278.280.294.299,Neko,{Lok},0.684,608,0.608,855,0.855,778,0.778,346,0.494,,,,,,,,,,,,,,,TRUE,2026-01-18 18:57:38.536188+00,,,cuemu,,1.93478E+17,,
809,1.2.276.277.388.389.404.409,Rhafe,{Lok},0.448,232,0.232,476,0.476,520,0.52,562,0.562,,,,,,,,,,,,,,,TRUE,2026-01-18 18:59:45.502733+00,,,cuemu,,1.93478E+17,,
810,1.2.276.277.388.389.430.435,Firfedi,{Lok},0.424,234,0.234,608,0.608,162,0.162,694,0.694,,,,,,,,,,,,,,,TRUE,2026-01-18 19:01:15.824353+00,,,cuemu,,1.93478E+17,,
811,1.526.571.653.680.692.699,Imeaism,{Yavin},0.517,152,0.152,96,0.096,,,,,629,0.629,852,0.852,428,0.428,950,0.95,511,0.511,,,,,TRUE,2026-01-18 19:13:52.926718+00,,2026-01-18 19:13:58.793118+00,cuemu,,1.93478E+17,,
812,1.2.276.277.278.307.308.318,Feana,{Yavin},0.401,20,0.02,408,0.408,368,0.526,651,0.651,,,,,,,,,,,,,,,TRUE,2026-01-18 19:18:19.603537+00,,,cuemu,,1.93478E+17,,
813,1.2.276.277.278.334.335.345,Oele,{Yavin},0.518,508,0.508,699,0.699,129,0.184,683,0.683,,,,,,,,,,,,,,,TRUE,2026-01-18 19:20:20.547606+00,,,cuemu,,1.93478E+17,,
814,1.2.276.277.388.443.445.455,Akkea,{Yavin},0.17,60,0.06,65,0.065,446,0.446,108,0.108,,,,,,,,,,,,,,,TRUE,2026-01-18 19:22:20.717175+00,,,cuemu,,1.93478E+17,,
815,1.2.276.484.485.500.513.523,Dlisto,{Yavin},0.551,643,0.643,394,0.788,,,,,820,0.82,134,0.447,23,0.058,,,,,,,,,TRUE,2026-01-18 19:25:52.622164+00,,,cuemu,,1.93478E+17,,
816,1.526.527.540.541,Thedregiide,"{Lok,Corellia}",0.683,690,0.69,677,0.677,,,,,,,,,,,,,,,,,,,TRUE,2026-01-18 18:53:30.374596+00,,2026-01-19 01:09:18.450925+00,cuemu,,1.85879E+17,,
817,1.526.527.543.544,Hesrasoo,{Corellia},0.291,299,0.299,310,0.31,,,,,87,0.087,543,0.543,214,0.214,,,,,,,,,TRUE,2026-01-19 01:12:51.903444+00,,,cuemu,,1.85879E+17,,
818,1.2.276.277.388.443.471.472,cyeo,{Corellia},0.573,406,0.406,864,0.864,332,0.332,482,0.689,,,,,,,,,,,,,,,TRUE,2026-01-19 01:37:02.180725+00,,,cuemu,,1.85879E+17,,
819,1.2.276.277.388.443.445.446,Mogo,{Corellia},0.212,405,0.405,134,0.134,174,0.174,135,0.135,,,,,,,,,,,,,,,TRUE,2026-01-19 01:38:17.688707+00,,,cuemu,,1.85879E+17,,
820,1.2.276.277.388.389.417.418,Klihoisre,{Corellia},0.244,4,0.004,240,0.24,338,0.338,393,0.393,,,,,,,,,,,,,,,TRUE,2026-01-19 01:39:14.285716+00,,,cuemu,,1.85879E+17,,
821,1.2.276.277.388.389.404.405,laci,{Corellia},0.488,102,0.102,588,0.588,403,0.403,858,0.858,,,,,,,,,,,,,,,TRUE,2026-01-19 01:39:54.599815+00,,,cuemu,,1.85879E+17,,
822,1.2.276.277.278.361.362.363,boke,{Corellia},0.497,723,0.723,376,0.376,95,0.136,755,0.755,,,,,,,,,,,,,,,TRUE,2026-01-19 01:40:31.77+00,,,cuemu,,1.85879E+17,,
823,1.2.276.277.278.307.321.322,folico,{Corellia},0.391,156,0.156,141,0.141,811,0.811,320,0.457,,,,,,,,,,,,,,,TRUE,2026-01-19 01:41:07.488383+00,,,cuemu,,1.85879E+17,,
824,1.2.276.277.278.334.348.349,ehei,{Corellia},0.362,317,0.317,230,0.23,634,0.634,188,0.269,,,,,,,,,,,,,,,TRUE,2026-01-19 01:41:45.567957+00,,,cuemu,,1.85879E+17,,
825,1.2.276.484.485.500.501,orco,{Corellia},0.506,606,0.606,177,0.295,,,,,693,0.693,165,0.55,154,0.385,,,,,,,,,TRUE,2026-01-19 01:42:22.461622+00,,,cuemu,,1.85879E+17,,
826,1.2.276.277.388.389.417.421,igrowhe,{Endor},0.45,572,0.572,553,0.553,533,0.533,143,0.143,,,,,,,,,,,,,,,TRUE,2026-01-19 02:10:56.431128+00,,,cuemu,,1.85879E+17,,
827,1.2.276.277.388.389.391.395,nenae,{Endor},0.459,122,0.122,244,0.244,789,0.789,679,0.679,,,,,,,,,,,,,,,TRUE,2026-01-19 02:13:05.052121+00,,,cuemu,,1.85879E+17,,
828,1.2.276.277.278.361.362.366,sawu,{Endor},0.537,460,0.46,596,0.596,276,0.394,698,0.698,,,,,,,,,,,,,,,TRUE,2026-01-19 02:14:58.692584+00,,,cuemu,,1.85879E+17,,
829,1.2.276.277.278.280.294.298,ipaspeo,{Endor},0.601,683,0.683,789,0.789,447,0.447,339,0.484,,,,,,,,,,,,,,,TRUE,2026-01-19 02:18:09.392026+00,,,cuemu,,1.85879E+17,,
830,1.2.276.277.278.334.348.352,stari,{Endor},0.415,69,0.069,252,0.252,479,0.479,603,0.861,,,,,,,,,,,,,,,TRUE,2026-01-19 02:19:43.953331+00,,,cuemu,,1.85879E+17,,
831,1.526.571.597.598.601.607,Voliame,"{Lok,Corellia,Endor}",0.808,384,0.384,712,0.931,,,,,177,0.835,638,0.889,707,0.924,302,0.712,751,0.925,298,0.864,,,TRUE,2026-01-16 18:45:58.896374+00,,2026-01-19 02:23:34.859652+00,cuemu,,1.85879E+17,,
832,1.526.571.597.598.616.622,pomi,{Endor},0.748,138,0.138,722,0.945,,,,,294,0.739,708,0.887,698,0.875,397,0.749,779,0.937,236,0.711,,,TRUE,2026-01-19 02:24:57.96178+00,,2026-01-19 02:25:04.394172+00,cuemu,,1.85879E+17,,
833,1.526.571.653.654.669.675,osiism,{Endor},0.788,169,0.169,706,0.894,,,,,368,0.876,722,0.88,780,0.918,636,0.837,857,0.942,,,,,TRUE,2026-01-19 02:34:17.817658+00,,2026-01-19 02:34:22.619662+00,cuemu,,1.85879E+17,,
834,1.526.527.543.553,Ori,,0.351,159,0.159,185,0.185,,,,,43,0.043,850,0.85,517,0.517,,,,,,,,,TRUE,2026-01-19 06:00:25.747987+00,,,cuemu,,2.22847E+17,,
835,1.2.276.277.388.389.404.406,Riako,{Dantooine},0.54,363,0.363,483,0.483,693,0.693,623,0.623,,,,,,,,,,,,,,,TRUE,2026-01-19 06:02:09.048784+00,,,cuemu,,2.22847E+17,,
836,1.2.276.277.278.280.294.296,Robi,{Dantooine},0.48,240,0.24,651,0.651,354,0.354,471,0.673,,,,,,,,,,,,,,,TRUE,2026-01-19 06:03:57.623082+00,,,cuemu,,2.22847E+17,,
837,1.2.276.277.278.307.321.323,Tisa,{Dantooine},0.267,258,0.258,250,0.25,457,0.457,71,0.101,,,,,,,,,,,,,,,TRUE,2026-01-19 06:04:46.792781+00,,,cuemu,,2.22847E+17,,
838,1.759.760.801.815.818,Sceabebi,{Dantooine},0.674,500,1,,,,,209,0.348,,,,,,,,,,,,,,,TRUE,2026-01-19 06:06:29.703855+00,,,cuemu,,2.22847E+17,,
839,1.2.276.277.388.443.445.447,Cimo,{Dantooine},0.292,102,0.102,370,0.37,22,0.022,673,0.673,,,,,,,,,,,,,,,TRUE,2026-01-19 06:07:42.912757+00,,,cuemu,,2.22847E+17,,
840,1.2.276.484.485.500.502,Adi,{Dantooine},0.456,352,0.352,83,0.138,,,,,775,0.775,98,0.327,276,0.69,,,,,,,,,TRUE,2026-01-19 06:12:54.511073+00,,,cuemu,,2.22847E+17,,
841,1.2.276.277.388.443.471.473,Badayi,{Dantooine},0.492,596,0.596,483,0.483,569,0.569,223,0.319,,,,,,,,,,,,,,,TRUE,2026-01-19 06:14:24.892103+00,,,cuemu,,2.22847E+17,,
842,1.2.276.484.485.487.489,Vima,{Dantooine},0.457,281,0.281,18,0.022,,,,,539,0.674,403,0.504,562,0.803,,,,,,,,,TRUE,2026-01-19 06:16:47.269577+00,,,cuemu,,2.22847E+17,,
843,1.2.276.277.278.280.294.297,Ffebosvi,{Dathomir},0.369,354,0.354,171,0.171,660,0.66,205,0.293,,,,,,,,,,,,,,,TRUE,2026-01-19 06:24:07.745481+00,,,cuemu,,2.22847E+17,,
844,1.2.276.484.485.487.490,Glawoosa,{Dathomir},0.412,448,0.448,79,0.099,,,,,779,0.974,48,0.06,337,0.481,,,,,,,,,TRUE,2026-01-19 06:26:19.113454+00,,,cuemu,,2.22847E+17,,
845,1.2.276.277.388.389.404.407,Brawe,{Dathomir},0.334,583,0.583,43,0.043,57,0.057,654,0.654,,,,,,,,,,,,,,,TRUE,2026-01-19 06:29:32.943815+00,,,cuemu,,2.22847E+17,,
846,1.526.527.543.546,Herible,{Dathomir},0.157,24,0.024,116,0.116,,,,,126,0.126,149,0.149,369,0.369,,,,,,,,,TRUE,2026-01-19 06:30:07.197747+00,,,cuemu,,2.22847E+17,,
847,1.526.571.572.575.581,Trareite,{Dathomir},0.71,451,0.451,558,0.775,,,840,0.903,,,,,,,,,,,,,,,TRUE,2026-01-19 06:21:21.940164+00,,2026-01-19 09:08:07.210274+00,cuemu,,2.22847E+17,1.5035E+17,
848,1.2.276.484.485.487.493,Ara,{Naboo},0.731,566,0.566,485,0.606,,,,,646,0.807,737,0.921,530,0.757,,,,,,,,,TRUE,2026-01-19 15:44:15.070884+00,,,cuemu,,6.17819E+17,,
849,1.2.276.277.278.307.321.326,Sente,{Lok},0.466,140,0.14,186,0.186,916,0.916,434,0.62,,,,,,,,,,,,,,,TRUE,2026-01-19 15:47:05.862359+00,,,cuemu,,6.17819E+17,,
850,1.526.557.559,Wima,{Corellia},0.639,678,0.678,599,0.599,,,,,,,,,,,,,,,,,,,TRUE,2026-01-20 04:16:36.532879+00,,,cuemu,,2.22847E+17,,
851,1.2.276.277.278.334.335.336,Lliwi,{Corellia},0.197,190,0.19,41,0.041,60,0.086,471,0.471,,,,,,,,,,,,,,,TRUE,2026-01-20 04:18:47.269533+00,,,cuemu,,2.22847E+17,,
852,1.2.276.277.278.280.294.295,Vosa,{Corellia},0.684,643,0.643,812,0.812,436,0.436,592,0.846,,,,,,,,,,,,,,,TRUE,2026-01-20 04:19:50.114275+00,,,cuemu,,2.22847E+17,,
853,1.2.276.484.485.500.513.514,Hosmige,{Corellia},0.465,503,0.503,127,0.254,,,,,883,0.883,169,0.563,48,0.12,,,,,,,,,TRUE,2026-01-20 04:24:43.996564+00,,,cuemu,,2.22847E+17,,
854,1.526.571.597.598.601.607,Kokoi,"{Tatooine,Endor,Dantooine,Talus,Dathomir,Rori,Lok,Naboo}",0.842,668,0.668,706,0.923,,,,,152,0.717,685,0.954,709,0.927,,,774,0.953,259,0.751,,,TRUE,2026-01-13 14:52:39.777281+00,,2026-01-20 05:37:25.864028+00,cuemu,,1.5035E+17,,
855,1.526.571.597.627.629,Peree,{Corellia},0.559,107,0.107,333,0.476,,,,,699,0.699,445,0.445,871,0.968,514,0.642,510,0.637,501,0.501,,,TRUE,2026-01-20 16:44:18.60956+00,,2026-01-20 16:44:23.281275+00,cuemu,,1.93478E+17,,
856,1.526.527.540.541,Mikaoheite,{Corellia},0.254,458,0.458,49,0.049,,,,,,,,,,,,,,,,,,,TRUE,2026-01-20 04:14:58.464064+00,,2026-01-20 18:37:13.113238+00,cuemu,,1.85879E+17,,
857,1.526.527.540.542,akeite,"{Endor,Corellia}",0.452,592,0.592,647,0.647,,,,,352,0.352,143,0.143,525,0.525,,,,,,,,,TRUE,2026-01-19 02:04:39.373556+00,,2026-01-20 18:37:28.265867+00,cuemu,,1.85879E+17,,
858,1.526.571.701.717.723,Wini,{Corellia},0.881,795,0.795,677,0.859,,,,,253,0.803,802,0.942,785,0.922,672,0.853,927,0.99,,,,,TRUE,2026-01-20 04:12:05.897745+00,,2026-01-20 18:48:50.785682+00,cuemu,,1.85879E+17,,
859,1.2.3.4.33.61.62,Shawa,{Corellia},0.435,358,0.358,656,0.656,365,0.521,145,0.207,,,,,,,,,,,,,,,TRUE,2026-01-21 03:40:40.264216+00,,,cuemu,,2.22847E+17,,
860,1.526.571.572.574,Vishivveaian,{Corellia},0.353,269,0.269,376,0.376,,,415,0.415,,,,,,,,,,,,,,,TRUE,2026-01-20 04:23:52.937543+00,,2026-01-20 18:50:31.592857+00,cuemu,,1.85879E+17,,
861,1.526.571.597.627.630.634,Evousiian,"{Corellia,Endor}",0.703,67,0.067,293,0.666,,,,,517,0.755,492,0.781,519,0.824,326,0.741,524,0.989,460,0.8,,,TRUE,2026-01-20 04:13:08.096954+00,,2026-01-20 18:59:00.242618+00,cuemu,,1.85879E+17,,
862,1.526.527.543.547,Polaorfe,{Endor},0.431,318,0.318,382,0.382,,,,,579,0.579,399,0.399,479,0.479,,,,,,,,,TRUE,2026-01-20 19:04:37.073182+00,,,cuemu,,1.85879E+17,,
863,1.526.571.584.587.594,Movali,{Talus},0.835,588,0.588,735,0.919,,,998,0.998,,,,,,,,,,,,,,,TRUE,2026-01-20 21:42:41.639862+00,,2026-01-20 21:42:52.258359+00,cuemu,,3.38016E+17,,
864,1.2.3.4.33.48.51,Cilove,{Dathomir},0.627,714,0.714,663,0.663,115,0.164,969,0.969,,,,,,,,,,,,,,,TRUE,2026-01-21 03:34:43.188031+00,,,cuemu,,2.22847E+17,,
865,1.2.3.180.222.263.266,Meba,{Dathomir},0.263,440,0.44,100,0.1,,,,,54,0.054,491,0.491,229,0.229,,,,,,,,,TRUE,2026-01-21 03:37:10.918743+00,,,cuemu,,2.22847E+17,,
866,1.2.3.180.222.237.240,Dasraci,{Dathomir},0.452,497,0.497,384,0.384,,,,,611,0.611,649,0.649,121,0.121,,,,,,,,,TRUE,2026-01-21 03:37:56.071956+00,,,cuemu,,2.22847E+17,,
867,1.2.3.180.181.185,Ako,{Dathomir},0.546,244,0.244,591,0.591,,,,,220,0.44,498,0.498,959,0.959,,,,,,,,,TRUE,2026-01-21 03:38:31.526242+00,,,cuemu,,2.22847E+17,,
868,1.2.3.4.33.61.64,Foli,{Dathomir},0.515,922,0.922,372,0.372,227,0.324,309,0.441,,,,,,,,,,,,,,,TRUE,2026-01-21 03:39:10.395159+00,,,cuemu,,2.22847E+17,,
869,1.2.3.180.222.263.264,Webepea,{Corellia},0.274,435,0.435,697,0.697,,,,,45,0.045,124,0.124,67,0.067,,,,,,,,,TRUE,2026-01-21 03:42:07.295634+00,,,cuemu,,2.22847E+17,,
